batch_id,seq_in_batch,address,amount_O,claim_block,claim_time,claim_tx,bundler_submitter
B01,1,0x00660e991945c0451410e6d61d08aca91c580c2f,1884.8300000000002,47479105,2026-06-18T01:52:37.000000Z,0x9ddd9b4168374078c239b95bcecad862aaecbaa1c21d1bb037c7c3375ec4d9c6,0x1278c1e48e3c9548a5d9f2b16dc27ed311b0697c
B01,2,0x0087f0116ce432caa2e5b1d92eaa1b692f508ac8,119.29,47479107,2026-06-18T01:52:41.000000Z,0xf58788d3f40859b4982d55f843cbe7e156e721912c6b0d334d5fd372f0117d6c,0x4b5c33c3c7a31bd108f5a99b64683b0056a62226
B01,3,0x02315d10d9c34de03f4d9031f74f6ee3aab2777a,2338.1400000000003,47479108,2026-06-18T01:52:43.000000Z,0x30c0ae26a51b9af8117c88896d69f04b2f19d9fd2cef2ff5106bc581e1bfe73e,0x1278c1e48e3c9548a5d9f2b16dc27ed311b0697c
B01,4,0x04bc0e110dcb8723d541b45b70560d70018697a8,119.29,47479110,2026-06-18T01:52:47.000000Z,0x49b6e1d3af2611434d27d53e7dc7e1e4444083c2e7c186fda1aaf7a33af7664a,0xbdbebd58cc8153ce74530bb342427579315915b2
B01,5,0x0892e3abb00dc76f68f82598f365368fb749d3b0,2314.28,47479111,2026-06-18T01:52:49.000000Z,0x489f4467bd4a881cd805fee5dad6300284e15a192f155507a353d8f4695e43cd,0xbdbebd58cc8153ce74530bb342427579315915b2
B01,6,0x0ca2742ecb37a04ad01f8055f40c17f48ffb89c5,1503.08,47479113,2026-06-18T01:52:53.000000Z,0xf5c2b6e7d9ffe209ea32f21106db0029ccde1d9b17bc068cad9ba4ecd811037e,0xbdbebd58cc8153ce74530bb342427579315915b2
B01,7,0x0d16efc1909b0de525e39691a92cafae19276f53,143.15,47479115,2026-06-18T01:52:57.000000Z,0x494f3e6809999b12638f4dce4d4d4ca5d87cd8e3f1326a25a1acc8bf8938c31e,0x501ef174b66883ba40f92e6fb24bfb49331d4d4c
B01,8,0x12010061853c1e67b065d4c08ad33064fcc8ef5c,238.58,47479117,2026-06-18T01:53:01.000000Z,0x1f2894915cd103c7c6708d9f8ccfa51d1f5e935ecf1cb74c926c392c0dd79ad3,0xbdbebd58cc8153ce74530bb342427579315915b2
B01,9,0x14a4bde532947a3c1f82556b8a3763a6da401823,15842.06,47479118,2026-06-18T01:53:03.000000Z,0xb9807809e31ead0fc8d557cc99a103ac7b47b0f6a93bd6032f2c55d57b38310a,0x4b5c33c3c7a31bd108f5a99b64683b0056a62226
B01,10,0x183249315927fe5a121c81e83f30062184cbedd1,119.29,47479120,2026-06-18T01:53:07.000000Z,0x5dc3e64e4564f748da7d9570904f09eccff502d32e845198d603fcd0d35e3181,0x1278c1e48e3c9548a5d9f2b16dc27ed311b0697c
B01,11,0x1847111548118627b43b257b33e473503c938323,1622.38,47479122,2026-06-18T01:53:11.000000Z,0x8cbf22d1f02f90eb4c05d1a799d4a4a6e0fc2a8d8023fd306ff9e67089f19f29,0x4b5c33c3c7a31bd108f5a99b64683b0056a62226
B01,12,0x1ec8a3e040f3a6574e39ecb182b4340adabc351d,1503.08,47479123,2026-06-18T01:53:13.000000Z,0xe642855ff13bca53cfc070ae41c1dfe4b469d69879d738ed1c045a6f36c5d88d,0x1278c1e48e3c9548a5d9f2b16dc27ed311b0697c
B01,13,0x2616b9101a8a56fd59c4b5b142b2ddc319a46de6,2863.03,47479125,2026-06-18T01:53:17.000000Z,0xd9bc6831730e3d317ea932492f4dfe236c4b47c7460ec4f138cdc0b91a6756d6,0x501ef174b66883ba40f92e6fb24bfb49331d4d4c
B01,14,0x2738184d5aa807d6871a137a34427dc6b8756573,119.29,47479126,2026-06-18T01:53:19.000000Z,0x36d63f18f93c07da2f2d6733cf88d318920c0ef7811d8824e2c4c2ac59653433,0x501ef174b66883ba40f92e6fb24bfb49331d4d4c
B01,15,0x2861f3b4a66d6a97576cc78dcc5ec35afbc9e050,1503.08,47479128,2026-06-18T01:53:23.000000Z,0xc28a4398236c4380ff1dcc6258e9a5a1913f9c64121ed3ca59e060107ffd496c,0x4b5c33c3c7a31bd108f5a99b64683b0056a62226
B01,16,0x2b7d3abc8afd1d5ddd5832e3f30a8606710da97d,2457.4300000000003,47479129,2026-06-18T01:53:25.000000Z,0xb85a4ed0c5412d62b75b20e5ba10f919fa9418ac984c1499d9b5db87386c3fbf,0x501ef174b66883ba40f92e6fb24bfb49331d4d4c
B01,17,0x316f374a035931aa66a446c5ff0ab0fec9ca1590,2409.7200000000003,47479131,2026-06-18T01:53:29.000000Z,0x66bdff255febc8ffac41cc4cfa3a225f33d17ef465d165679d2fe7402b4226a0,0x501ef174b66883ba40f92e6fb24bfb49331d4d4c
B01,18,0x330a183816be2b97f8c6e7cbb9d46620f3c51c93,119.29,47479133,2026-06-18T01:53:33.000000Z,0x832f3245acd9619a226aacf01723074c5ef192fca7bcc86755b289b9e7c3eb73,0x501ef174b66883ba40f92e6fb24bfb49331d4d4c
B01,19,0x337a8a2d51a7e1251f953f4fa28e64c7d519bf06,119.29,47479134,2026-06-18T01:53:35.000000Z,0x56e06d85309050555c678a0f4b21f89cc75aeff0e7a1dd6850879fddc4e1dd99,0x1278c1e48e3c9548a5d9f2b16dc27ed311b0697c
B01,20,0x37a606cb39e3485874cff28bfaab60dbcf2aac7c,1526.94,47479136,2026-06-18T01:53:39.000000Z,0xa854e9fd19298a1e8472f088a416188561b1dd8fd9de0c89399524021bd97d19,0x4b5c33c3c7a31bd108f5a99b64683b0056a62226
B01,21,0x390e3e79adb50969a640613de02d1f6f3d600d69,9113.96,47479137,2026-06-18T01:53:41.000000Z,0x7af55c5e1c93394cb7afbec464c1c8987fcdcd1c5b586066314ca740fbed623e,0xbdbebd58cc8153ce74530bb342427579315915b2
B01,22,0x3d847a51ef4eebf59cb1abbc8b2f7e9ceb833494,1503.08,47479139,2026-06-18T01:53:45.000000Z,0xf8086c274a58c7bd866ec44395b4ba8c74ad23d682e3e4b1f460a6f937968503,0x501ef174b66883ba40f92e6fb24bfb49331d4d4c
B01,23,0x3e3d3979ab8691b373c9c43b099cec5d2ae3a828,4055.95,47479140,2026-06-18T01:53:47.000000Z,0xbe4d5601b65205b85de9aef6ef6476107bcc6d72f497d6d3e609a8ca5fadd3a8,0x501ef174b66883ba40f92e6fb24bfb49331d4d4c
B01,24,0x415af0103af6940943e2a329c2a0851ceb1b290e,143.15,47479142,2026-06-18T01:53:51.000000Z,0x908baa64c2a3a13e200fe687887fd5037663e6d4cfb0e542cf20e13da33336de,0x4b5c33c3c7a31bd108f5a99b64683b0056a62226
B01,25,0x431370129bcb8d838472f4adba0b223d30e0f4b6,4055.95,47479143,2026-06-18T01:53:53.000000Z,0x818334853ca29c23bd9fee80f4dca5a3753530eadaa34f09b3edcf2d9387422f,0xbdbebd58cc8153ce74530bb342427579315915b2
B01,26,0x469b8bcbba307831cda94f47f0f3d45c6474e903,119.29,47479145,2026-06-18T01:53:57.000000Z,0xb277ee5524f7f53f3795201cbace0c3a024bb4b55c5cd32602040c7d654903e6,0x501ef174b66883ba40f92e6fb24bfb49331d4d4c
B01,27,0x48cbd61d1212de1d9e74ae62e75b1f163a89d4e6,1550.8,47479147,2026-06-18T01:54:01.000000Z,0xa65e5628a211f3529446b79936ee4414f5246d68cdc3135b73bdc587e0e27552,0x4b5c33c3c7a31bd108f5a99b64683b0056a62226
B01,28,0x4d0087d12d7ad9784ac4770d3425917e29e0084b,2457.4300000000003,47479148,2026-06-18T01:54:03.000000Z,0xa1f6fa68c930485055461c43d5514e18ad2b4e8719e3063e983a0c591052e7da,0x1278c1e48e3c9548a5d9f2b16dc27ed311b0697c
B01,29,0x4fa484b9e9f477e19d91990a9924d59a37067ec8,1837.1100000000001,47479150,2026-06-18T01:54:07.000000Z,0xffcca077b7c5be21310c77bfa35eefbac9364be88bf60a078fad324b2b757c39,0x1278c1e48e3c9548a5d9f2b16dc27ed311b0697c
B01,30,0x5063e01d9b202889ff7caae381c2b0d00fb62973,3292.48,47479151,2026-06-18T01:54:09.000000Z,0x4af1136f4777bfbb3ee18a829bdcfd1e1b0cb1ea2083dbfbbc843c7689866c27,0x501ef174b66883ba40f92e6fb24bfb49331d4d4c
B01,31,0x515bd9f9c8be5f78b44b3ef40f7722afab79b7da,119.29,47479153,2026-06-18T01:54:13.000000Z,0x78f887b2573cc1d3111c3a875e9acf1f7600ead05dba8aedc354dba87214a67c,0x1278c1e48e3c9548a5d9f2b16dc27ed311b0697c
B01,32,0x51ab746aef67036d5b3d565eefac17b5adcb8bb3,4533.12,47479154,2026-06-18T01:54:15.000000Z,0x1c5d56825ec15f714c56401796df8487d38d48feb6227204cbbe0171ae3ad263,0x1278c1e48e3c9548a5d9f2b16dc27ed311b0697c
B01,33,0x51e4388f3418e6028aa9066c23323dd52753ba1b,1741.68,47479156,2026-06-18T01:54:19.000000Z,0xe6a22a4ff61e8d60ff7af0fe121e63e031dfa287bd2229d27c7ccf91b24690d1,0x4b5c33c3c7a31bd108f5a99b64683b0056a62226
B01,34,0x54190aa1dd770170794730c94f2ed8f2d184774e,5630.62,47479158,2026-06-18T01:54:23.000000Z,0x853fa392c3a4e2e3e5b70d92a48b4589ca5c8c9b45c00cd65a6820d678d0e164,0x501ef174b66883ba40f92e6fb24bfb49331d4d4c
B01,35,0x5ada94cd4e3e6923fee9478d17db4ee4c7a10760,1526.94,47479159,2026-06-18T01:54:25.000000Z,0xd1145aab6d45b815b05c3f9e67088859b19a3f4a7d2e3e11823fb7d675ba28bd,0x501ef174b66883ba40f92e6fb24bfb49331d4d4c
B01,36,0x5b37f74dd030e63a3b97d235762fcc0e77d47615,1526.94,47479161,2026-06-18T01:54:29.000000Z,0x193d43cc29fc858f749d179bb7c5084cf6a3feceaf6132358a41e907e3366dab,0x501ef174b66883ba40f92e6fb24bfb49331d4d4c
B01,37,0x5dac9bd8f56df3cf39015de0256d4392ceea240b,2218.85,47479162,2026-06-18T01:54:31.000000Z,0x3917e3678e660cac721b9847afa1cd4fd2735c800bfd9e47aae7f1a830e63d97,0xbdbebd58cc8153ce74530bb342427579315915b2
B01,38,0x5f34d9d4e8ca5473a6fa16cbf2eea0cd2c6ca12b,1717.8200000000002,47479164,2026-06-18T01:54:35.000000Z,0xa869db04b047d45aaf1d8a08dd7d452891918ecb7efd92b022dd11a63b769bae,0x501ef174b66883ba40f92e6fb24bfb49331d4d4c
B01,39,0x5f8f897cb1c9f1d599f5492be2ebd80962b86f73,119.29,47479165,2026-06-18T01:54:37.000000Z,0xbc278035529968a38903682624593fb40abeac1af1053d16e2f02d2cb4cc6e7f,0x4b5c33c3c7a31bd108f5a99b64683b0056a62226
B01,40,0x6052778c11273527b6e515c8b010c6618f004a12,1503.08,47479167,2026-06-18T01:54:41.000000Z,0x3e13bb719dfd770e6d2388df6142d9ae9f3c10d345f265ace0bbaef05913f690,0x501ef174b66883ba40f92e6fb24bfb49331d4d4c
B01,41,0x60c8ab34ce46dfe649392483c944b47f6a411e69,2218.85,47479168,2026-06-18T01:54:43.000000Z,0x622bb5249a5abdad72b411d90af671fb74c72a1e10236c3292fad3abef7f5ffd,0x4b5c33c3c7a31bd108f5a99b64683b0056a62226
B01,42,0x6123b16393d60261dcd149a4125422fdd9307dd0,1622.37,47479170,2026-06-18T01:54:47.000000Z,0x0cfa8924fa14181ed2857a819d0afea565c384ffa8b0bc8a64a7165f09fbbf43,0x4b5c33c3c7a31bd108f5a99b64683b0056a62226
B01,43,0x64c7033a6dbc5322c0619004298afd7a0c7789d1,238.58,47479172,2026-06-18T01:54:51.000000Z,0x7317faa73c74ccd297fff5455909eb1aa9d11e7bcab4342c314dd6780bcc0bed,0x1278c1e48e3c9548a5d9f2b16dc27ed311b0697c
B01,44,0x6c76e9653a21be23e3dec4225e9f8c6f19de8c81,143.15,47479174,2026-06-18T01:54:55.000000Z,0x252d121be940a195228846c856bc491f79b65d04be24871eabb33c11ac07d21b,0x4b5c33c3c7a31bd108f5a99b64683b0056a62226
B01,45,0x6fb2137037ce4bdcbc8b0b213abb9f947d322643,1860.97,47479176,2026-06-18T01:54:59.000000Z,0x11c5bbb632d9195e03b3425435b16532c015b241b52db6a5c5d299af92ad5911,0x501ef174b66883ba40f92e6fb24bfb49331d4d4c
B01,46,0x70a4cd9e2bb906d188a066833051dff1d31ab64f,119.29,47479178,2026-06-18T01:55:03.000000Z,0xe7b246ee93fd81dfdd9cd82dba99a259ab5f93424d626e214aa6ddba47ee215a,0xbdbebd58cc8153ce74530bb342427579315915b2
B01,47,0x72f2363e6a8c903a1d4ab30d3c99fed13d308403,1980.2599999999998,47479180,2026-06-18T01:55:07.000000Z,0x304d5466bb6339b34c058989b0f629a6d4f46cc59ca64d0bac0e7619c06f9e12,0x4b5c33c3c7a31bd108f5a99b64683b0056a62226
B01,48,0x72f73caadb6880b288f555ddf52e28dba7cd1671,1503.08,47479182,2026-06-18T01:55:11.000000Z,0xbb747afa0bcc83eca03afba548d4bbfd5501cfc83dbf9efcb77ba291e3d217c9,0xbdbebd58cc8153ce74530bb342427579315915b2
B01,49,0x732d713f289c4146122aa8e222f962a7d2b118de,1312.21,47479184,2026-06-18T01:55:15.000000Z,0x7d231dfe45a2ea422570f09ebb81393f5ec046aadd143be926d833062a9a8ae2,0x501ef174b66883ba40f92e6fb24bfb49331d4d4c
B01,50,0x76cb88368e48f38542fad5da44fc5f0793c8623d,1717.8200000000002,47479186,2026-06-18T01:55:19.000000Z,0x3b1f9c8939e72a85790e889cea1e1dd4f4a6ddd1fb357d80ced55eeb9269429f,0x501ef174b66883ba40f92e6fb24bfb49331d4d4c
B01,51,0x779890a5abcee570018102e71e3214dbf62b252d,1312.21,47479188,2026-06-18T01:55:23.000000Z,0xe8f968bf1f8637878ca85634b2fbce6971082c01ebe05c4c36c557e3d3cde1b6,0xbdbebd58cc8153ce74530bb342427579315915b2
B01,52,0x790b0e352c8c6314f6d9d0790eaec10dc6a81aea,119.29,47479190,2026-06-18T01:55:27.000000Z,0x777fb8f095da6ad14d9dac8a33391510d5b6c701e995741b0f38f5f172381387,0xbdbebd58cc8153ce74530bb342427579315915b2
B01,53,0x797f7ec19617ea986c9398b734199368c9cfcc4f,2290.42,47479192,2026-06-18T01:55:31.000000Z,0x5435b3feffadcf3ad2ad8782e7966fb8574daa1454b2ebb9d03152fa00b4c58d,0x1278c1e48e3c9548a5d9f2b16dc27ed311b0697c
B01,54,0x79b5536a6d50554575f06b80d4680562d17c3d7b,143.15,47479194,2026-06-18T01:55:35.000000Z,0xb9c5a5ffbaa9b0232d13213ac5509a80510268303f487f7a27e2f4d23048d7f9,0x4b5c33c3c7a31bd108f5a99b64683b0056a62226
B01,55,0x7afe0252216d5836a738694275d680ecbd146e2d,1956.4,47479196,2026-06-18T01:55:39.000000Z,0x0d071d0458d9e45be69cd0c5d83579c1f6a07634aa09d5a9dadd037fadfa5fb5,0x1278c1e48e3c9548a5d9f2b16dc27ed311b0697c
B01,56,0x7b0ae43ae6bf4181a5fdeaf5cd852c2fc3735a12,1765.54,47479198,2026-06-18T01:55:43.000000Z,0x939fdd9fe627a1d3254caaf4496eccae2e636e132442f664358c2bceaf0ee97d,0xbdbebd58cc8153ce74530bb342427579315915b2
B01,57,0x7b27fb4eafc2972825b43fe0504e4e2bfd129d5a,1312.21,47479200,2026-06-18T01:55:47.000000Z,0x7fc616c6b214da5ed4fa51524e8cb5839cac3665aa0770448bd79a8345eac601,0x4b5c33c3c7a31bd108f5a99b64683b0056a62226
B01,58,0x7fb8a971425f897693ddb8cfa4bbe565e593d5d2,20017.3,47479202,2026-06-18T01:55:51.000000Z,0xd5b11e73f9196f41f0626f965624f87e7ced081a0bf96282d8441e7373a2a118,0xbdbebd58cc8153ce74530bb342427579315915b2
B01,59,0x847142fb43cfc0cd91b669787a733e47496c50fc,143.15,47479204,2026-06-18T01:55:55.000000Z,0x07dee2a6e9cb36e6ae23b80fa972032b8bd32efd3f3cf224bac7b1cca354c0a4,0x501ef174b66883ba40f92e6fb24bfb49331d4d4c
B01,60,0x85ff028aa3e5a657d59e66130c8cab6ff3cdf506,143.15,47479205,2026-06-18T01:55:57.000000Z,0x4904e0e18c5aac86a4206b160a159551481e390802a48603c56338cba6c41c72,0x1278c1e48e3c9548a5d9f2b16dc27ed311b0697c
B01,61,0x86215fc4f201c4a1272b80a3c165f97f5d9782b7,1526.94,47479207,2026-06-18T01:56:01.000000Z,0x77d36f579a5c98257903db51cfda3c4926124b1511dd0e23e91f2728526bf270,0x4b5c33c3c7a31bd108f5a99b64683b0056a62226
B01,62,0x901ae4b0c397999e0181b4173acb1584ca8a4d79,3793.51,47479209,2026-06-18T01:56:05.000000Z,0x8a8c89019377ced7ee2f253996c103beca4f805056e2f0f40b5e9c953815e293,0x4b5c33c3c7a31bd108f5a99b64683b0056a62226
B01,63,0x916d3846b49f193e6c9f42384556f9e9fee9c8db,119.29,47479211,2026-06-18T01:56:09.000000Z,0x9e5e737a91149c922d026e1600f174448cca815607ee21f0417a4e61dff73844,0x4b5c33c3c7a31bd108f5a99b64683b0056a62226
B01,64,0x919b23afcda2ffba8c8e385e0e4b63644a8a7301,15842.06,47479213,2026-06-18T01:56:13.000000Z,0x52d9e76bb396836cf75e71e22951505707e92f6e41ff072478dd477459382fa9,0xbdbebd58cc8153ce74530bb342427579315915b2
B01,65,0x9389192e6a01dee59b0172a1f82213fb58405c9b,1526.94,47479215,2026-06-18T01:56:17.000000Z,0xa670de7002a33626b4528da43035cce95544cb0484d5701b0af4d3b66e255835,0x1278c1e48e3c9548a5d9f2b16dc27ed311b0697c
B01,66,0x940acf687f8db158041c4c9753176674e3aa17af,1598.52,47479217,2026-06-18T01:56:21.000000Z,0x0007401e3880df2462246c0f576ab3b05cd34eeec7ee1d3b594a61602c608685,0x1278c1e48e3c9548a5d9f2b16dc27ed311b0697c
B01,67,0x95a3e713ff61cd7db0f7acb2c70954c3cb0c0197,1646.24,47479219,2026-06-18T01:56:25.000000Z,0x070b100f86b067ae6a53459fe8e38abda31fa7926ab294bd24c89f607b7cd656,0xbdbebd58cc8153ce74530bb342427579315915b2
B01,68,0x9700ff5f731a25cec181a84888cefe7a5c66d145,1837.1100000000001,47479221,2026-06-18T01:56:29.000000Z,0x232da5ba5218cba0019b5d2ba032ec3bc84e1930693377629fe523ede742c55c,0x1278c1e48e3c9548a5d9f2b16dc27ed311b0697c
B01,69,0x9b268b095ea1491049cb255a7e4d5e302ef25177,1503.08,47479223,2026-06-18T01:56:33.000000Z,0x6da99d9ac975934d7971878e1a63d3732010c2a84e4c209214d3738d56577c88,0x501ef174b66883ba40f92e6fb24bfb49331d4d4c
B01,70,0x9daa7747118782cff47bbe6249323a46f76bff81,2743.73,47479225,2026-06-18T01:56:37.000000Z,0xdf2279d4617a1e56a1a9c74f468b8158ff8b320e65cef4b657007119839d45bc,0xbdbebd58cc8153ce74530bb342427579315915b2
B01,71,0x9e24f66ae62064851073292d3669e4f986099f60,1765.54,47479227,2026-06-18T01:56:41.000000Z,0xd14e40901813df1bf11feb6bd55c2c7a369239fa1c8c8592ab3dae4b4652b39f,0x4b5c33c3c7a31bd108f5a99b64683b0056a62226
B01,72,0xa91a735dc65ecc01822699c955bd837e76255a06,2290.42,47479229,2026-06-18T01:56:45.000000Z,0xa8746c2d4f110ab4bfaff6ef5b79b4c70bdd028310b8d5fb0e3e12317ddbee69,0xbdbebd58cc8153ce74530bb342427579315915b2
B01,73,0xabc202497d4bccf55b1fe7454c6a895b5aaa0b68,1526.94,47479231,2026-06-18T01:56:49.000000Z,0x53b79a717c3aaa6ff717227f2e7d4dd5e017018368e75956948f3e677a4f64cf,0x501ef174b66883ba40f92e6fb24bfb49331d4d4c
B01,74,0xad1dedb35a669e1626bf8e06a86cbec97664bf26,119.29,47479233,2026-06-18T01:56:53.000000Z,0x172244bbed4628917cbfac1ae3a42759ab310c0be4909d0195bf72198448123a,0x4b5c33c3c7a31bd108f5a99b64683b0056a62226
B01,75,0xae8ea44a933e8db8b4f0a2c231f9a059838dfb52,1312.21,47479234,2026-06-18T01:56:55.000000Z,0x864a9b904479414c03204fa0598c1f521c0106cab5d112767ec2401b5a304d8f,0x501ef174b66883ba40f92e6fb24bfb49331d4d4c
B01,76,0xb1adb6baef2ff8189c674342aed547be29232f7b,6561.1,47479236,2026-06-18T01:56:59.000000Z,0x66327fa4c605a61f09932d4b94764d617b72a3e16ff56ca8a92f15839defe0f1,0x501ef174b66883ba40f92e6fb24bfb49331d4d4c
B01,77,0xb9708d2c32f6374df11d83fbc6676c71502edd02,119.29,47479238,2026-06-18T01:57:03.000000Z,0x4658a9a93b2dbd4656130f1915cb57cf2f45fd6b93587a58fbb7f7384ecfe129,0x1278c1e48e3c9548a5d9f2b16dc27ed311b0697c
B01,78,0xba8e90bd37c57a5ca2e92d5f77baf566ae9badb2,1860.97,47479240,2026-06-18T01:57:07.000000Z,0xfef63bea5428ee254460e8840c59b87314f07c0de1e0499b4812c13cf2f6fff4,0x501ef174b66883ba40f92e6fb24bfb49331d4d4c
B01,79,0xbe7afef5da19340a798baaa9444a6b1d7e80ca69,1550.8,47479242,2026-06-18T01:57:11.000000Z,0x9b61f0f7a09a8e078567416ce3b036c51501ec1c46a2402e08e00d58863aeb28,0xbdbebd58cc8153ce74530bb342427579315915b2
B01,80,0xc704e33f6412d2e4eb49c0fa24a9fa7373360b1c,1503.08,47479244,2026-06-18T01:57:15.000000Z,0x40832d9553437ba0584d0d6a33b75a8bd01161d9f85da67553896d7f2089e232,0xbdbebd58cc8153ce74530bb342427579315915b2
B01,81,0xc94284ee0947b94b29cfea4f2a69ea66ad5c82aa,6513.38,47479245,2026-06-18T01:57:17.000000Z,0x9f9331840ee1709cf8e7c523927fbd39fad95ba5506e8a198cc764fc23a7b5de,0x1278c1e48e3c9548a5d9f2b16dc27ed311b0697c
B01,82,0xcd373eaeaca70b40e5fbb6edef1f78bb26c3727f,9113.96,47479247,2026-06-18T01:57:21.000000Z,0x85be4f421fe343b0ae8689cb5e9b2c7ea79604b8ed363ca5737a90d73ceb8150,0x1278c1e48e3c9548a5d9f2b16dc27ed311b0697c
B01,83,0xd10d846d8c15949aaf9cd1ab5ef1fc972b016702,1837.1100000000001,47479248,2026-06-18T01:57:23.000000Z,0x6c21fa11837c0f924523f4fcf051e0041977e881ca64a77d608de31b1f17ffc9,0x501ef174b66883ba40f92e6fb24bfb49331d4d4c
B01,84,0xd1cf41dedbaed01277c6e57366b4c0a70b2f0393,1503.08,47479250,2026-06-18T01:57:27.000000Z,0x29599e73d00a8c32873f29bb685f0abc650f49d3e15120d4b8014d285b3138c3,0x4b5c33c3c7a31bd108f5a99b64683b0056a62226
B01,85,0xd69f15b3b44e8e591062e4f4feb299184a414605,1622.38,47479252,2026-06-18T01:57:31.000000Z,0xcf937e47329ede7acda11b20248c463dc33e4a20389ff92bdee542ae5ff77b8f,0x4b5c33c3c7a31bd108f5a99b64683b0056a62226
B01,86,0xd7fe4e76866437144817382bfb8c60a1094e0d55,3817.37,47479253,2026-06-18T01:57:33.000000Z,0x1608ba946cb2c789d815a37a7879bbac8031c9e9f474250e9b705c20d5fc067f,0xbdbebd58cc8153ce74530bb342427579315915b2
B01,87,0xd853573ec854ca4fc01309950f06c8d464aaf695,119.29,47479254,2026-06-18T01:57:35.000000Z,0xef3827c1b595d375bb0fe10623a25f805545cb0ef698b2a31ddc73944cc356a4,0xbdbebd58cc8153ce74530bb342427579315915b2
B01,88,0xdb8b56e9e359e128604784a23fad2440fe916dd8,668.0300000000001,47479256,2026-06-18T01:57:39.000000Z,0xcb990943bcd3daa6432997e9f41aac5b6fd2ef7819d828b82ce667b7d4fcde50,0x501ef174b66883ba40f92e6fb24bfb49331d4d4c
B01,89,0xdc7061f8a2b30c4411396ee7d7215139e6c7b21d,3865.09,47479258,2026-06-18T01:57:43.000000Z,0x5361c480b1f9b7c0f8acd7a23d9ce45f4693bce177350b3ebcf4d65783c334fa,0x501ef174b66883ba40f92e6fb24bfb49331d4d4c
B01,90,0xdceb5622bdac170c99ff3c5bf836943e5e41e108,11404.380000000001,47479260,2026-06-18T01:57:47.000000Z,0x599aafb57194b5daf701be55c2ee83fd1cbdc9a3f66176d504fcf3d4ecf85f80,0x4b5c33c3c7a31bd108f5a99b64683b0056a62226
B01,91,0xddb854b3f87c433071fc6adb1a66a1daa017fc48,1503.08,47479262,2026-06-18T01:57:51.000000Z,0x3d9af3ce7822f4b49a3a052fa872fc2139b7dd5bf759f6d9a41a50021c243153,0xbdbebd58cc8153ce74530bb342427579315915b2
B01,92,0xe1e5ae8fdaea228baa3dac1f150fc7ac8bc8380b,2218.85,47479264,2026-06-18T01:57:55.000000Z,0x7a62dc5507ba770624ac287a584019a14c34959a138dd110463d24c145ff9ec2,0xbdbebd58cc8153ce74530bb342427579315915b2
B01,93,0xe63cc5fb9c2948f9a9310f990119e7d6027b7acb,2338.1400000000003,47479266,2026-06-18T01:57:59.000000Z,0xefda368fded951118d999285cbff036d26c77f983f4bd39d4e81fd65a249a083,0x4b5c33c3c7a31bd108f5a99b64683b0056a62226
B01,94,0xe7cdacb1c4a076da32dafbf8f5ae82fe65642b2b,1622.38,47479268,2026-06-18T01:58:03.000000Z,0x3b074d922291ad859e164ff48ff77902f5ea077529ef3383bb0334022b6a7e56,0xbdbebd58cc8153ce74530bb342427579315915b2
B01,95,0xe97756f8eb05a03cb2b484f333a549fe52b16f98,2004.12,47479270,2026-06-18T01:58:07.000000Z,0xfeb5581e5ce2c428817122574aa59dd457506e14d4f27ae45414e46ee918d9e6,0x1278c1e48e3c9548a5d9f2b16dc27ed311b0697c
B01,96,0xf40682840730ee5d334ae8a3c67c867fa46cff3b,2457.4300000000003,47479272,2026-06-18T01:58:11.000000Z,0xa4e9eec6a08268b53e47c0403818de281834606531ae71d2e681357cb542347d,0x1278c1e48e3c9548a5d9f2b16dc27ed311b0697c
B01,97,0xf680f899d9c376afecc65328a6cac766fb1aa4f3,1956.4,47479273,2026-06-18T01:58:13.000000Z,0x06df590ec74d21ad0b448e4f94b328ccf1dd3a11dc70fe26d678997c68920789,0x1278c1e48e3c9548a5d9f2b16dc27ed311b0697c
B01,98,0xfb0be85caad1fa71ad90dcb51a0b1602f912d008,2075.7,47479275,2026-06-18T01:58:17.000000Z,0x82274ad4baf0e627e924a1f2b6a84a2e1b274c6e1ce8d0e29196f9aef91e44b6,0x501ef174b66883ba40f92e6fb24bfb49331d4d4c
B01,99,0xfc90789bb0cd9d735454c4a3c1dd7f7398c0b058,1526.94,47479277,2026-06-18T01:58:21.000000Z,0xb3b4744640c3d7af69d20f3ed4bdb651ab90a774579cfed6390ebe4c61f7add3,0xbdbebd58cc8153ce74530bb342427579315915b2
B01,100,0xfd59a0a7b27614658986d12ee9e791e02c6c46ef,119.29,47479279,2026-06-18T01:58:25.000000Z,0xc11a5481cc9332b2479ec2839d792a2572f51c80faf05fc22b3b7da5e8616d6c,0x501ef174b66883ba40f92e6fb24bfb49331d4d4c
B02,1,0x04dacd40ec762c284334b872a9089d781cf9c838,97.07,47479292,2026-06-18T01:58:51.000000Z,0x2916f6dc1eba1bf180081109a0d123c02406cc22af4e2aeb39646e8993846af6,0x4b5c33c3c7a31bd108f5a99b64683b0056a62226
B02,2,0x05d78b45bc77f093e65372934053dcb7bdf8e680,1456.08,47479294,2026-06-18T01:58:55.000000Z,0x27fecbc4cb3abf8ccab62854d76b35494c910a7bd4b1d3aedcc65ecf5a41f776,0xbdbebd58cc8153ce74530bb342427579315915b2
B02,3,0x0787f643c7d1435f2fe5aeeba9096e90882fde0c,1431.81,47479296,2026-06-18T01:58:59.000000Z,0x974de4d052985d7db053886ff885f78b5e452ba7ff4337047f45e9bf56171396,0x4b5c33c3c7a31bd108f5a99b64683b0056a62226
B02,4,0x07af45f1af35746e12993d1110377a0445e041bd,1359,47479298,2026-06-18T01:59:03.000000Z,0xcae79923b0874e628c6bf1b3f4bd7825d78caa3150452a62182d184d4c900328,0x501ef174b66883ba40f92e6fb24bfb49331d4d4c
B02,5,0x08434d40e8d83ed9d13dc358e57514c69e2e3783,1334.7399999999998,47479300,2026-06-18T01:59:07.000000Z,0x78548aa2f19b6614abe3a3c8866f20afa23d59acd3a9a39f3cabe945974b81cc,0x4b5c33c3c7a31bd108f5a99b64683b0056a62226
B02,6,0x0c157db951057c8289f86c5625391bed63f04941,1844.37,47479302,2026-06-18T01:59:11.000000Z,0x12300c1fa46d7cbf4d07c205de6856ec04e1aed40ebb454f1bb1dceb5bbff445,0x4b5c33c3c7a31bd108f5a99b64683b0056a62226
B02,7,0x13dfc7a527e1e4516acb2d85c38ffc29b1f6d154,1528.8899999999999,47479304,2026-06-18T01:59:15.000000Z,0xaa33aaab11a3f1ab5562595573ca3287a4a19f9f716c4eb8ebd32ca129180c89,0x1278c1e48e3c9548a5d9f2b16dc27ed311b0697c
B02,8,0x182fb36843fdb1716b5f906afe214317bc3a5503,1213.4,47479306,2026-06-18T01:59:19.000000Z,0x760defa7e98d27f83d6e99a30f23e29bb2913c3a8a3546b56355991581857677,0x1278c1e48e3c9548a5d9f2b16dc27ed311b0697c
B02,9,0x196df049349795c75078c0483f9be0913cb409f6,1286.2,47479308,2026-06-18T01:59:23.000000Z,0x3036c958f40e58b5c6fc03968948693be28552d872bad2b39d50c62a197c276d,0x501ef174b66883ba40f92e6fb24bfb49331d4d4c
B02,10,0x19bcdce9017448c87fe46089ae497d8a404baf10,1747.3,47479310,2026-06-18T01:59:27.000000Z,0x6a47c22a02010e512b9e73e22fbc09d227b99664188eba66190cd871d7c89dac,0x4b5c33c3c7a31bd108f5a99b64683b0056a62226
B02,11,0x1a599f32b7f2a284deb0d2a0eac60341aa933a82,97.07,47479312,2026-06-18T01:59:31.000000Z,0x9abe5270c48b176c4a93ed6bceee60e3c4de9d261ab3e11161a63e8e34f056de,0x501ef174b66883ba40f92e6fb24bfb49331d4d4c
B02,12,0x205e224a8f4f7d295b3c06e12fb94059dd981122,97.07,47479313,2026-06-18T01:59:33.000000Z,0xc94d15c19887be935e4280403c925031539f5423f41b01e8cd1662918d30d6f3,0xbdbebd58cc8153ce74530bb342427579315915b2
B02,13,0x261ecdb33ca3e326898dc9508135ae7d1fe64ae0,1237.66,47479315,2026-06-18T01:59:37.000000Z,0xd62a2f5c0d4e50169ea1b6cf6015d0e5538a1c2c8ab306f323cbda14d8809177,0xbdbebd58cc8153ce74530bb342427579315915b2
B02,14,0x2c4d4a9cdd38ce8172b308db85f4e84010c58d7b,1019.2499999999999,47479317,2026-06-18T01:59:41.000000Z,0x748d4a0e535725ae17f7e86abcb35538967469058028326c6d3c444c0fcf556d,0x501ef174b66883ba40f92e6fb24bfb49331d4d4c
B02,15,0x2c8a04311cd34091e09aefbd3857dbc1b1e9e8b3,1723.03,47479319,2026-06-18T01:59:45.000000Z,0x87d22bc2de6f6c7fbf800f0d8aea8977beea2c9c2e0cc942d594cafbd275b408,0xbdbebd58cc8153ce74530bb342427579315915b2
B02,16,0x335994f5a6ab31763479fb80e28057777f72d137,97.07,47479321,2026-06-18T01:59:49.000000Z,0x5df3518e354f367da87c55cb702ede9ad3a78cb0c4745efe1a1608b8f1968cd7,0x501ef174b66883ba40f92e6fb24bfb49331d4d4c
B02,17,0x37754dfbc3b84e32d1cfb67a3f60cda269469ca1,1820.1100000000001,47479322,2026-06-18T01:59:51.000000Z,0x35fcc41123a3f3ac6df370c1344a58fff32c47c39abc5582bf01beec5f41444a,0x4b5c33c3c7a31bd108f5a99b64683b0056a62226
B02,18,0x3a89edb180b57c5d8706d4e170aa40bce61e5a49,1456.08,47479324,2026-06-18T01:59:55.000000Z,0xef0de8419e063e008a5b80bf1ded647cc93f10e9c52ea158b1c6f1f66066ed6e,0x501ef174b66883ba40f92e6fb24bfb49331d4d4c
B02,19,0x3d0464f7f91ef5fb3d14b36ef070c9a4fb649d90,6940.66,47479326,2026-06-18T01:59:59.000000Z,0x9a6bdd285110c90e342c0e82bc2ba1a1461ac2ff755bdd2648520d95f5f6b7e3,0x4b5c33c3c7a31bd108f5a99b64683b0056a62226
B02,20,0x3edbcc9063d84ebf86147626db12cc1300a0c2fb,1164.86,47479328,2026-06-18T02:00:03.000000Z,0x982f2e50ce65b0cf874e225e05e21c6894f26d6a33e5c03c65fd11e3c6a5cbe0,0x4b5c33c3c7a31bd108f5a99b64683b0056a62226
B02,21,0x4197427123a1b030e42fd7123b696674ba80dc67,1747.3,47479330,2026-06-18T02:00:07.000000Z,0x729b0328d3441a0857fbf2ac527a7699ab7b77c02b73b749e15a3ca97d3606f8,0xbdbebd58cc8153ce74530bb342427579315915b2
B02,22,0x4293a9a564450bd096a3ea7169b5aa29780392d4,1844.37,47479332,2026-06-18T02:00:11.000000Z,0xf59a86ef6f9333e1a7382a90cce72fdef2d20717f351a6a8b8c80034c831ae6b,0xbdbebd58cc8153ce74530bb342427579315915b2
B02,23,0x438c1c66e4fc11099689065019350a600cabd9cc,1213.4,47479334,2026-06-18T02:00:15.000000Z,0xfd4e75d3842207af796149bf1972a2f373c2fb1e9cc437115642607873b67a43,0x501ef174b66883ba40f92e6fb24bfb49331d4d4c
B02,24,0x441a474e27816898f6d5d1de6ff88366d103440f,1601.6899999999998,47479336,2026-06-18T02:00:19.000000Z,0x3df4204c8ea97ce7ee829597ef3cc1d2ee705bf8613397dc79290356319710c9,0x1278c1e48e3c9548a5d9f2b16dc27ed311b0697c
B02,25,0x487a797c5a7c19908b0bc9c75836ada4b47159b3,97.07,47479338,2026-06-18T02:00:23.000000Z,0xbfdc5abcde48f9f28e1dfda51686909bc444fcfe0c05c365970a91daa191fdd5,0xbdbebd58cc8153ce74530bb342427579315915b2
B02,26,0x4ab6d3036b7a5e869d14cbba46ee8977a959fa43,97.07,47479340,2026-06-18T02:00:27.000000Z,0x6ab77c3f20b17d3fcb747455d6b9575c75845d802f815a976f9ecd22edba9a73,0x1278c1e48e3c9548a5d9f2b16dc27ed311b0697c
B02,27,0x4c7df886d97856d768b109686de5d6832d14047f,2256.93,47479341,2026-06-18T02:00:29.000000Z,0x6cf016060293ffb3d529f6f105cad922c7f667741b575a3441bb5c071a6b651c,0xbdbebd58cc8153ce74530bb342427579315915b2
B02,28,0x4e217e0d317f18934a9df34317e5c42bb2869f49,1213.4,47479343,2026-06-18T02:00:33.000000Z,0x9118a88c5a9b517ffe7bcd05717222faa4e8cc3a87152b0fcb415d6559fdb291,0xbdbebd58cc8153ce74530bb342427579315915b2
B02,29,0x4ef211bfa8e87519d77d0fd6fb3373d8c46f4ad7,1480.3500000000001,47479345,2026-06-18T02:00:37.000000Z,0x5dd0374a6ca4accad788394884a5eee43d2ce2d6311d59dfa3d7852ec73bf083,0xbdbebd58cc8153ce74530bb342427579315915b2
B02,30,0x507dd26a246728adc3dd574dd67596ab362c7a79,3591.67,47479347,2026-06-18T02:00:41.000000Z,0x3dc915b9052f542221ce43e75f798b1ad21784824fbe8428c237e563e4d58ebe,0xbdbebd58cc8153ce74530bb342427579315915b2
B02,31,0x5313c31e70447efa4183f4573badebe7d5fa80e6,2742.2900000000004,47479348,2026-06-18T02:00:43.000000Z,0x84978346e2151f87202afdf53ff4c926c8df8783744291d0144e1a72e2c955cc,0xbdbebd58cc8153ce74530bb342427579315915b2
B02,32,0x54cd7d867926af55dc56c8fc102405284a433a4c,5023.4800000000005,47479350,2026-06-18T02:00:47.000000Z,0x2ce1a4f12dceb4e1898ff2ce8c8de01e77957827c593b0bf4c5638827acb3744,0xbdbebd58cc8153ce74530bb342427579315915b2
B02,33,0x55c4234830aadfbd50bc73378a5c9cd91fcb2601,5023.4800000000005,47479352,2026-06-18T02:00:51.000000Z,0x18727a101d84b46a90efedd19b25480c41ece3ffcf89de8a26ab1bee6195a55a,0x4b5c33c3c7a31bd108f5a99b64683b0056a62226
B02,34,0x5b387fc756e7ae196dae5501ce94dcce7d6b8371,1189.1299999999999,47479354,2026-06-18T02:00:55.000000Z,0x255895c14485825959a3fa1e92a96f39b2ac0a8009b1c645539a01244dbbdc2f,0x4b5c33c3c7a31bd108f5a99b64683b0056a62226
B02,35,0x5b3af7383e0e436c34c3c353539e7a5a601e5882,21865.49,47479356,2026-06-18T02:00:59.000000Z,0x6eeaf02db134d07fcd949696907bc9f720abf88884e633a77988d9e091e36394,0xbdbebd58cc8153ce74530bb342427579315915b2
B02,36,0x630cf30c172cfc9e605ecf32ab3cd2a1e0f19fc1,169.87,47479358,2026-06-18T02:01:03.000000Z,0xe35afdf7c2f7c6e7efcef4a94ae4a841c22207efa12eec92a55acfc97efb0a73,0x4b5c33c3c7a31bd108f5a99b64683b0056a62226
B02,37,0x6712a7664bbd6c2cd7ba5e58c8cb34f87c7d8940,3324.72,47479360,2026-06-18T02:01:07.000000Z,0x1b1dd496f780286682550063c6867112b65a72415e3a1bb439c2ce47bc97849c,0x4b5c33c3c7a31bd108f5a99b64683b0056a62226
B02,38,0x6983bcdb60231b27f0d7f57b5f19fb62d9bc2ca3,1164.86,47479362,2026-06-18T02:01:11.000000Z,0x9a163333bf7446708a48bcccd1682c7ce290fca17d907dc6e80f7a58c1d09acf,0xbdbebd58cc8153ce74530bb342427579315915b2
B02,39,0x6d1c822cdc8817ad5dfd2f7dbf721146c54dc6b4,3324.72,47479364,2026-06-18T02:01:15.000000Z,0xae37e006002c8c28e8f2459c382fa0790559c84ca3a712aa38260a69a6cd3806,0x1278c1e48e3c9548a5d9f2b16dc27ed311b0697c
B02,40,0x6ea43140ae813d786623bd8d26dce89368683eda,97.07,47479366,2026-06-18T02:01:19.000000Z,0xdc8130a1884128874f5a96242d44bb486a5b2e9b9480dba0606318e7ec9afe6b,0xbdbebd58cc8153ce74530bb342427579315915b2
B02,41,0x6ebcc3bd2f4f1f2e8cb5f438ec8d349cb10f0551,1189.1299999999999,47479368,2026-06-18T02:01:23.000000Z,0xe18977afc3ccc6e94331e293db537509ccc5435a50546fd34da1fb7ddefa9135,0x501ef174b66883ba40f92e6fb24bfb49331d4d4c
B02,42,0x6ffb4f5cd8caada251049a6e8febe91fc3b3471a,2742.2900000000004,47479370,2026-06-18T02:01:27.000000Z,0x0d498c4f80fd2291e499e76660d2c8fb88ca17bae98ce7932fb5a16e042103d6,0x501ef174b66883ba40f92e6fb24bfb49331d4d4c
B02,43,0x70f38c0a9b032d49eb95a341e0c01c3d948a2109,1625.96,47479372,2026-06-18T02:01:31.000000Z,0x3a366e8a9745c003ac55b421a44fdb26d65831b43081f33de4bd07c799307d53,0x4b5c33c3c7a31bd108f5a99b64683b0056a62226
B02,44,0x7348ab04cb39d32d34c3f688aef166befda805ff,5023.4800000000005,47479373,2026-06-18T02:01:33.000000Z,0x20daa3da6175d30673e8c54734903fce6cd24e5562ad1860ade62f37c83f6b41,0x1278c1e48e3c9548a5d9f2b16dc27ed311b0697c
B02,45,0x74beb4ab70baf717e5c3409dbd29d0706b131c28,1213.4,47479375,2026-06-18T02:01:37.000000Z,0x05e951d7e6694856f74f75d8601cfa1d5341f6eac88066542ad98dcdbd5c68e3,0x501ef174b66883ba40f92e6fb24bfb49331d4d4c
B02,46,0x7ae7341445e60301661184413e4b364930a7c8c2,1164.86,47479377,2026-06-18T02:01:41.000000Z,0xce1598010c337251d00e35dde0af4f57c85047bfca07f0a177283e8ea25008ed,0x4b5c33c3c7a31bd108f5a99b64683b0056a62226
B02,47,0x81b132d268ca5e8e31099a8434d270ad87914c88,1383.27,47479379,2026-06-18T02:01:45.000000Z,0x5c4429bb12539e448e9010457abfd703f29415df6b90d182159a2afeaa7f7585,0x4b5c33c3c7a31bd108f5a99b64683b0056a62226
B02,48,0x83cfe61b427fa05de59858719e957b245be36158,2232.66,47479381,2026-06-18T02:01:49.000000Z,0x4e6f8ae7441edb2ae8abed04b32fa1a661f6cce386c1a97d966f02fa9325a904,0xbdbebd58cc8153ce74530bb342427579315915b2
B02,49,0x89dec1c26c7c65ade69db95c7c6a394a1ae7979d,3591.67,47479383,2026-06-18T02:01:53.000000Z,0xe5ebd1bc837bcf4e4a7bb1724bf97d22d8db4a35a30be25ad0cb4c0e85a923db,0x1278c1e48e3c9548a5d9f2b16dc27ed311b0697c
B02,50,0x89ef9de0771b966d1301c1838c7b5cf0ce469dcd,1528.8899999999999,47479384,2026-06-18T02:01:55.000000Z,0x3684e53fa38b912ab7c775b67b76485b0c597a5bfa9cc4dbadf369bf8f3fe782,0x1278c1e48e3c9548a5d9f2b16dc27ed311b0697c
B02,51,0x8bc1245fd695a7f0fd53df2faa727ba551f91418,2232.66,47479386,2026-06-18T02:01:59.000000Z,0x8a9919ff9f37816a4ba2f384a7fd85918f1cd14e34036aef4a40fd6ac53071d1,0xbdbebd58cc8153ce74530bb342427579315915b2
B02,52,0x8d74f349de9e8306f497db1578b0b6f86c9f4d6d,1650.23,47479387,2026-06-18T02:02:01.000000Z,0x9c096c62b7f45d631ac95c3a59940237b1d40d31f0f46396e97fecef842c2092,0x1278c1e48e3c9548a5d9f2b16dc27ed311b0697c
B02,53,0x8f167d2be55ae7ac52644c68a898b48e4d65b842,1989.98,47479389,2026-06-18T02:02:05.000000Z,0xb49fc1eb85c03a67a408100486eb46529344502267db51d78fda8ee30bf9435b,0x4b5c33c3c7a31bd108f5a99b64683b0056a62226
B02,54,0x90d053640bb236011ec7fe50d211c6dfb3a920a3,1213.4,47479391,2026-06-18T02:02:09.000000Z,0xe6a023668f92543c9d7dc1b4c447160d53b594feb2c4cf4dd1f64fc5c1773554,0x1278c1e48e3c9548a5d9f2b16dc27ed311b0697c
B02,55,0x9500b1946f2013bf8a6682e0ce8d95ed356000b1,1407.54,47479393,2026-06-18T02:02:13.000000Z,0xae47770049c6a53457313a5efe28529221b89ae60b5b46c24fc5bc665db1f959,0xbdbebd58cc8153ce74530bb342427579315915b2
B02,56,0x95e9eb96dcdb1f4d56f1164177da40baca567136,1019.2499999999999,47479395,2026-06-18T02:02:17.000000Z,0xaa4e65dcb1f608680911f355d6b3f3088d1e04bdfd3eb93ab9b6019421acabbc,0x501ef174b66883ba40f92e6fb24bfb49331d4d4c
B02,57,0x9ddc9b655aa7a123d3848f0f5d193b4d0bdf9972,1383.27,47479397,2026-06-18T02:02:21.000000Z,0x7abe59a9c6a98343d4871cbb1df9f4058b6b1e1b4baa0a02c9e4235c99466385,0x4b5c33c3c7a31bd108f5a99b64683b0056a62226
B02,58,0x9e1bfd64d14d40cc38712f2be005ad238a666814,2232.66,47479399,2026-06-18T02:02:25.000000Z,0xf1ef8444be3d5317d29943d3419f3f722005e2c67e83d33c85799a612d3c2027,0x4b5c33c3c7a31bd108f5a99b64683b0056a62226
B02,59,0x9e5a55e0789caba4dd5626789536ebb17998c35e,97.07,47479401,2026-06-18T02:02:29.000000Z,0x2b5198ab8b37752c2fae3296e1a5920968bd95a636780eada5798e9e0806f2cf,0x501ef174b66883ba40f92e6fb24bfb49331d4d4c
B02,60,0x9f211c609c9640a0e2addd3ef32e754c99a9c86e,1553.16,47479403,2026-06-18T02:02:33.000000Z,0x3a79d9d09efe4c7551c099ce2c5bd2490bbf183598d468af91428f066d1911cf,0xbdbebd58cc8153ce74530bb342427579315915b2
B02,61,0xa083d920e7bbdca202a8ae07540b901d1e22d1ef,2742.2900000000004,47479404,2026-06-18T02:02:35.000000Z,0xa01b516c7801086cf445bea4981f2253b36f2a27ba34e6dad866367ab11c8765,0xbdbebd58cc8153ce74530bb342427579315915b2
B02,62,0xa08ae9eeab28986540e79bb55258528ad0bde1c8,1601.6899999999998,47479406,2026-06-18T02:02:39.000000Z,0x473650184d14a7e84964b4ed5b6f5634d1346445434e447790444ea5e3cd7ffa,0x4b5c33c3c7a31bd108f5a99b64683b0056a62226
B02,63,0xa10012a8f07c7da881c3cc2b859215d3fe9dc756,1043.52,47479408,2026-06-18T02:02:43.000000Z,0xecf8bd7a8b2514510d7ddce8a1b426e656b2a2cf41fdd567a53e9edeeb7021b1,0xbdbebd58cc8153ce74530bb342427579315915b2
B02,64,0xa3a5a9791db6560d9d9bbe68f43a785f07ee6a4a,1601.6899999999998,47479409,2026-06-18T02:02:45.000000Z,0xc1cc7ed05f07624f7c841a7caed35158d2c1e4647e8e8854a7f43769bb580008,0x1278c1e48e3c9548a5d9f2b16dc27ed311b0697c
B02,65,0xa3f6a226d24233f0e38b3e33141c34a47752188b,25991.05,47479411,2026-06-18T02:02:49.000000Z,0xac861efd5fb81ef0830b9298110ac7ae4d2d9155734bfcda25929aefd33ac9da,0x501ef174b66883ba40f92e6fb24bfb49331d4d4c
B02,66,0xa51c060e47cdcde614e525f5f9426de6fdead81e,1189.1299999999999,47479413,2026-06-18T02:02:53.000000Z,0xa70a0fd22c6567d9b0fd652f19e0f7c04f92793c5f4052b1941d3697e8b092f0,0xbdbebd58cc8153ce74530bb342427579315915b2
B02,67,0xa81347ddbe944b4cfadb9fe54433c81293773385,194.14,47479415,2026-06-18T02:02:57.000000Z,0xf20257fd12fae34e1565bc6d35b26881a2ac1bc4f8b4bfe6a59a1a42973aab06,0x501ef174b66883ba40f92e6fb24bfb49331d4d4c
B02,68,0xaa4bbcfcf16ccad8cf7a10615f301b9186b22b7c,1359,47479417,2026-06-18T02:03:01.000000Z,0x23dc0ed17e06b211faa41ea80b66c47d166b5290fe50f13e90bac6ea7d456dd3,0xbdbebd58cc8153ce74530bb342427579315915b2
B02,69,0xaef37a58ea2248c8fd9ad7f7a753c180b6fd4f12,2159.8599999999997,47479419,2026-06-18T02:03:05.000000Z,0xaa6185c6fa5634fe623bd3fffe41bd8db80974b87d3593b54050dff42ed6a44e,0x1278c1e48e3c9548a5d9f2b16dc27ed311b0697c
B02,70,0xb00f063a0dd00182b6a50647be0bc94ecfcd3bef,1941.45,47479421,2026-06-18T02:03:09.000000Z,0xa85526a03112f699679122d03d899984bffb0ff64a8239e1272d2a28e7057743,0xbdbebd58cc8153ce74530bb342427579315915b2
B02,71,0xb8bc01b19f88d40e334591ad66cb41e851eb28b1,4441.05,47479423,2026-06-18T02:03:13.000000Z,0x5165da1e70b44f529a7f11a56e292ea067f57755ee0482c5a53219e88b97476d,0xbdbebd58cc8153ce74530bb342427579315915b2
B02,72,0xb90752d65ac91fb8d6e51e473d26028225f15a59,1892.91,47479425,2026-06-18T02:03:17.000000Z,0x5e7842070621549e8913090403118fb816add95c29b3ee2e5be2d01cb98f4f10,0x501ef174b66883ba40f92e6fb24bfb49331d4d4c
B02,73,0xb9a556e682ef2e2016808348bf688887a84ea89e,1189.1299999999999,47479427,2026-06-18T02:03:21.000000Z,0xd9b04b385e17d084000847f50c9f5370d51d1ddb6760853483f396a49ebca5a1,0x501ef174b66883ba40f92e6fb24bfb49331d4d4c
B02,74,0xb9bd8e1983e138ed4999010fe5379870e044271c,1189.1299999999999,47479429,2026-06-18T02:03:25.000000Z,0x6a289cb42b938ce952c79c81e574aeabf487f3e77e361a7648046b5eb7863d69,0xbdbebd58cc8153ce74530bb342427579315915b2
B02,75,0xbbe174ba778510f44b5dfb1b6df227b3eab9525d,1213.4,47479431,2026-06-18T02:03:29.000000Z,0x4d67b1df9b2c0b099ec46e13764305470fa7c4fc30d670e8d55d23361d3fd8c3,0x501ef174b66883ba40f92e6fb24bfb49331d4d4c
B02,76,0xbe3b2c2152062347cdc279999bfe899ef4b2b152,1431.81,47479432,2026-06-18T02:03:31.000000Z,0x5b9bbdfd0a23049b2d0ff5efb6c054246a8903fec4d5caff6158d927b5a2d111,0x1278c1e48e3c9548a5d9f2b16dc27ed311b0697c
B02,77,0xc146541d0cc3b0acdefacf23b749f689dcaa9a19,2426.81,47479434,2026-06-18T02:03:35.000000Z,0xb51e37b3128a7f1eade9ab9f23abb0202ef8e4c2ae3c9f10d13271055f0c50e5,0x4b5c33c3c7a31bd108f5a99b64683b0056a62226
B02,78,0xc2874ecae7d54c778ee33559e1690cfbc2009fee,1844.37,47479436,2026-06-18T02:03:39.000000Z,0x38c42cd495b672f3f166d5397c672de17a44af9956d53bfff00d107ae3e314fc,0x501ef174b66883ba40f92e6fb24bfb49331d4d4c
B02,79,0xcf9466592c311dc21703924156b82b135b9fa516,412.55,47479438,2026-06-18T02:03:43.000000Z,0xbf18373a8b16391f1cbad6c809820fd509a1b20f52cd5746ba4285614a29b606,0xbdbebd58cc8153ce74530bb342427579315915b2
B02,80,0xcfb794f07ea552a4381c877e6ded9579a1748333,1431.81,47479441,2026-06-18T02:03:49.000000Z,0x83bbdcf150a7d189189375d4b4953d53e5191bfa8e01ef8d5479d3e979732778,0x4b5c33c3c7a31bd108f5a99b64683b0056a62226
B02,81,0xd399660e0439ba1d2dc6001cf741a79c086ce46c,679.5,47479442,2026-06-18T02:03:51.000000Z,0x70345f2ae66f968aa7af12b8bfc310e0564f529bf3b14b1a074e0fe782d8e1dc,0x4b5c33c3c7a31bd108f5a99b64683b0056a62226
B02,82,0xd6c5fe5aeb7a515ddb59faf8157c80e7a018d4df,1431.81,47479444,2026-06-18T02:03:55.000000Z,0x2f93fccf2c2a2f835824abc0f9d4624cfad1e7713dc5f6416e4b38dc83c5d068,0x501ef174b66883ba40f92e6fb24bfb49331d4d4c
B02,83,0xd882af3ec6420337acee7a564ec9f3f20de530ef,1310.47,47479446,2026-06-18T02:03:59.000000Z,0xb5ca1bbe311fb495af811375314cef06bf7356f6bb0247400c8efac69193b0b3,0x1278c1e48e3c9548a5d9f2b16dc27ed311b0697c
B02,84,0xdad44a39fbcbfe60d75d2c4dd1cc3055190703ec,1359,47479448,2026-06-18T02:04:03.000000Z,0xf65d2cf7fc5bc9fa0aaaa19c0bfeadf09cf15f71839cd1fce4eaaf684c3c976a,0x1278c1e48e3c9548a5d9f2b16dc27ed311b0697c
B02,85,0xdc7b345b61976ce782b5f2ee7652b8c06615ea1b,7207.610000000001,47479450,2026-06-18T02:04:07.000000Z,0x051711e71438fc6d2c013096f09424324d88773f640114d1915b7267830096e2,0x1278c1e48e3c9548a5d9f2b16dc27ed311b0697c
B02,86,0xdc7b5f2994d15176e0ea7596315567b38dc8e11c,1456.08,47479452,2026-06-18T02:04:11.000000Z,0xdc0d84751b655fc09bc617ba615ecadb871a22f1caf2b76f9cd5a498e0fb20ec,0x501ef174b66883ba40f92e6fb24bfb49331d4d4c
B02,87,0xdd716f4061a4f301a8a578117d0e9d820a0a7cd0,1553.16,47479454,2026-06-18T02:04:15.000000Z,0x373abe80a5b1be202a89fa9d084d948e0f149b04f8a383b4bc74a65e85178bc1,0xbdbebd58cc8153ce74530bb342427579315915b2
B02,88,0xdf7c660ad3b1010c79e16231727bced26a5d19e5,1989.98,47479456,2026-06-18T02:04:19.000000Z,0xca97084a968bf9a0797c1f546bfdcc8b72adddb7d64dcd3479264c615e509aeb,0x1278c1e48e3c9548a5d9f2b16dc27ed311b0697c
B02,89,0xdfc1a657a88079dafabe646ec350340a05f6c98e,266.94,47479458,2026-06-18T02:04:23.000000Z,0x4e1c36c038246bcbfbd538e46483d5d870561251d8c8146e103bcdd08a5d7aa1,0x4b5c33c3c7a31bd108f5a99b64683b0056a62226
B02,90,0xe0c68f8a5b984cad9a2af40dfc5be97e72233c7f,25991.05,47479461,2026-06-18T02:04:29.000000Z,0x688a0f9aba45805547a1147251f55376a53b6a0d19cab4a86de968579c632ec0,0xbdbebd58cc8153ce74530bb342427579315915b2
B02,91,0xe23c1c00078d29e5f7116424fa19a99c4108a7a5,1334.7399999999998,47479462,2026-06-18T02:04:31.000000Z,0x39878e102c1f5dfbebdee3f840c678185160826822a1b61a25d50ad8c943c020,0x4b5c33c3c7a31bd108f5a99b64683b0056a62226
B02,92,0xe66ab0ff6553d70f0058bcbbff73af4a19d281f6,1625.96,47479464,2026-06-18T02:04:35.000000Z,0xfd46f7289ea86e65b758b14419b88de35116050f2d31c5238088ac9870182425,0x501ef174b66883ba40f92e6fb24bfb49331d4d4c
B02,93,0xe9c1152b1ff7c89cfb36fcd47aab2c472fdd0594,1213.4,47479466,2026-06-18T02:04:39.000000Z,0xd4090401fc9f9e65847440bcf480ee775ab57efb052492cbd694777d1844df40,0x1278c1e48e3c9548a5d9f2b16dc27ed311b0697c
B02,94,0xebc558d57b52f39984117f94ac378f38a9b4e24a,1431.81,47479501,2026-06-18T02:05:49.000000Z,0x41171930c1b5183d556ec162db537f5d2abe002e51ec525fc7b5dd8456ade36f,0x4b5c33c3c7a31bd108f5a99b64683b0056a62226
B02,95,0xef83d39a0eba604302f8948497cfbcc88c60d8ef,266.94,47479502,2026-06-18T02:05:51.000000Z,0x3be1ae9a3a7a02b6643524861952f2ded62393d8e4485f4f6df195c49feccc48,0x4b5c33c3c7a31bd108f5a99b64683b0056a62226
B02,96,0xefb365f4f5e1799b13b29b2bc87110ecd8b5bef2,3057.77,47479504,2026-06-18T02:05:55.000000Z,0x7a8c10fb5d030e60bdd8688851f60f4161c96bffd6976960ae6a36a942f43e27,0x4b5c33c3c7a31bd108f5a99b64683b0056a62226
B02,97,0xf0b31cd53a4c32500b3310d2d605dca130c0eea7,2354,47479506,2026-06-18T02:05:59.000000Z,0x5862cf810c1f542b51f4e2bee0613a79c59b5c5a5c1a5dcf6ae39e3b8b18d64e,0x4b5c33c3c7a31bd108f5a99b64683b0056a62226
B02,98,0xf3eef8d158133d499c293e4a8d9aab173502b33e,2548.15,47479508,2026-06-18T02:06:03.000000Z,0xdd8fcdbf31110eda0c71a09edbd08e318b36c6d972fc3d90e155dc75db0aa735,0x4b5c33c3c7a31bd108f5a99b64683b0056a62226
B02,99,0xf4d58bb6b49b24b5faa787ca47318f75eae991f8,1456.08,47479510,2026-06-18T02:06:07.000000Z,0x0c60b75ff7c7d995247ce76d168290194f4650a948abae64c8227d8f1bfae397,0x501ef174b66883ba40f92e6fb24bfb49331d4d4c
B02,100,0xfbca5858be953783eef89839ae5c263d323015f1,2354,47479512,2026-06-18T02:06:11.000000Z,0xf58c73aeb7e2f01712c6b14435605bb522ff5cbac91f14ab7426c9715399a458,0x1278c1e48e3c9548a5d9f2b16dc27ed311b0697c
B03,1,0x000fff7d35a2088d5a3b3681e63b9774ea76a6b8,2002.25,47479855,2026-06-18T02:17:37.000000Z,0xf8dcd0c246ac0de1d11ccafd619f69194fb95f09ea29ab97dacd4c11da4e8095,0x1278c1e48e3c9548a5d9f2b16dc27ed311b0697c
B03,2,0x0094ba8e65b88951e7f5cb022af9745a239701af,1430.1799999999998,47479856,2026-06-18T02:17:39.000000Z,0xef3c107b7cdf4a8d8f31683fa7bad0be505cfec9e84e320640f45395d10f442c,0xbdbebd58cc8153ce74530bb342427579315915b2
B03,3,0x01a110eb925d0552e27c0844ec13a830ed0415f4,3170.24,47479858,2026-06-18T02:17:43.000000Z,0xe76f664cdb73d613ed351d4c98e75f092bed8024cd779a91aed1d1d8e23e9cf3,0x501ef174b66883ba40f92e6fb24bfb49331d4d4c
B03,4,0x0407d8f07274059e96dcf118d3befbe708138498,7174.759999999999,47479860,2026-06-18T02:17:47.000000Z,0xa3fa14852ee2ae1584c9ec14b0afd3d27c58ed6d1345ed43b8b3381fbadefacb,0xbdbebd58cc8153ce74530bb342427579315915b2
B03,5,0x04697e1a1ca7c85da5ff29f4f2037dead9a3b6da,119.18,47479862,2026-06-18T02:17:51.000000Z,0xc585dfc28ec5dd17cc110580984342f73e39770b3b6384808e615e4e7a80ed10,0x4b5c33c3c7a31bd108f5a99b64683b0056a62226
B03,6,0x090e4a5324329996b631b5e54d18d67b42375caf,1120.3,47479864,2026-06-18T02:17:55.000000Z,0x42dfdc3937db3f900ef75cc6142d4ba5435489482d965a9a443a3d8d0bd37016,0x4b5c33c3c7a31bd108f5a99b64683b0056a62226
B03,7,0x0adac64e3c192d887a8b7508b1bf0493cfaca494,2026.1,47479866,2026-06-18T02:17:59.000000Z,0x68b1f92dbc11971339fca7659dfc396105c11498006bb98213059b57c35513bb,0x4b5c33c3c7a31bd108f5a99b64683b0056a62226
B03,8,0x0b5dd38a80eef52dcbcdd371a80bd6b58adc0566,3623.13,47479867,2026-06-18T02:18:01.000000Z,0xa81363089706be50cbf95a86cdd2c9984e77e59013516e188db4bb390580b6a8,0x4b5c33c3c7a31bd108f5a99b64683b0056a62226
B03,9,0x0dec2a075e742a609fdc86688f2e0ef916ce9ad6,2550.5,47479869,2026-06-18T02:18:05.000000Z,0x71a1b469aafeea59fa41b5a55675952f70458e8ab424a1511dab15a8d26233e8,0x501ef174b66883ba40f92e6fb24bfb49331d4d4c
B03,10,0x1dad54cc622f14f8132fbc790b3a893c13253c44,119.18,47479871,2026-06-18T02:18:09.000000Z,0x00ad7c37146842cbd24364a59396bbabeba8c6fd267ce291f5cb9638422d6bf7,0x1278c1e48e3c9548a5d9f2b16dc27ed311b0697c
B03,11,0x2112a8017ee0af3a6892e2bb17f6e6017902b973,1930.7399999999998,47479873,2026-06-18T02:18:13.000000Z,0x5349e2bcdbf493cec64bc8a6e1b082608b9844084a5c4a9fb6c22beb2c19ac2d,0x1278c1e48e3c9548a5d9f2b16dc27ed311b0697c
B03,12,0x2175fa7b3a7b53bc18f566820ddeb303d344a5be,6221.3,47479875,2026-06-18T02:18:17.000000Z,0x59bf93f4a6cf88cdada121a4ca85fa4f9d47e0203b9937dc6e564bd1a5440dde,0x4b5c33c3c7a31bd108f5a99b64683b0056a62226
B03,13,0x23345e517e76c2335d63408a83ae8fb0f893f449,166.85,47479877,2026-06-18T02:18:21.000000Z,0xd16ae6058daa50808f3ff74f4bef6b551b64ac5dacc094a19ca7be96b0444393,0x501ef174b66883ba40f92e6fb24bfb49331d4d4c
B03,14,0x2356f31cd0a4faa49504cfba687e21d343fb35ba,3122.5699999999997,47479879,2026-06-18T02:18:25.000000Z,0x227a04b0b490e22c01fc9ea6cb4815ac593415f49e35316daa74ebf6df41690a,0x501ef174b66883ba40f92e6fb24bfb49331d4d4c
B03,15,0x23c95b6a80cf28b347b4a323676a31a6c668b20f,3313.26,47479881,2026-06-18T02:18:29.000000Z,0x11faea85eb05fa05bdc4457a8a3eb02d933101fe4d3c9f346476e20fe7893809,0x4b5c33c3c7a31bd108f5a99b64683b0056a62226
B03,16,0x24fa86cf48b6a41ae83bc9a58c23bd9194cca8dd,1692.38,47479883,2026-06-18T02:18:33.000000Z,0xda36a83cc1f33f7366809c0fe6847e08e47062585d7ef3f0eb939ac5735d6952,0x501ef174b66883ba40f92e6fb24bfb49331d4d4c
B03,17,0x285b988642df4869e8b5b078a6f7148ae095fc4a,1668.5400000000002,47479885,2026-06-18T02:18:37.000000Z,0x230667aa903f2193800942f7fcbe5443be864dd2c0e0633417902c6c575d095a,0x4b5c33c3c7a31bd108f5a99b64683b0056a62226
B03,18,0x2c1effd20aaedb6df129339ace16e2c3000bc418,4219.04,47479887,2026-06-18T02:18:41.000000Z,0xf25c8c8b035c92fd74b6db6084c31a62cf2a1e373575d03cc9a0c99a4a8ced09,0x501ef174b66883ba40f92e6fb24bfb49331d4d4c
B03,19,0x2c87b3d18b9942f4b1523ec9f4de14208d5bfccb,119.18,47479889,2026-06-18T02:18:45.000000Z,0xb640f2c1cf1b858eac6a77dea7973e49df3c2f4b324ad6d1a4538da0dcee71b7,0x4b5c33c3c7a31bd108f5a99b64683b0056a62226
B03,20,0x2d63c8fb618a5d491f43e251dbe7d09d22d11cbd,6197.46,47479890,2026-06-18T02:18:47.000000Z,0xfb83b61c7bb425c8a5acac303dbb19f84deb508ee4c989a2b73d60bb20dbb343,0x1278c1e48e3c9548a5d9f2b16dc27ed311b0697c
B03,21,0x30172662a88dcf12c42f5f5dcd86157dbe86c898,2264.46,47479892,2026-06-18T02:18:51.000000Z,0x7dfcf07a02fa493577bfe549c20e24f35d071d8e03f451c92f8ce0fe6e1f4ed5,0x4b5c33c3c7a31bd108f5a99b64683b0056a62226
B03,22,0x3043d2bd7074bc2ff2ed3c087e33dd582a97d694,2026.1,47479894,2026-06-18T02:18:55.000000Z,0xbd2ea89df18d95190e0b13be8818818c121ed0e522704862bfc11bb30bb9d425,0x4b5c33c3c7a31bd108f5a99b64683b0056a62226
B03,23,0x3192610ffb98d7c6a5c2b6cf652981c86ebecf92,4195.21,47479895,2026-06-18T02:18:57.000000Z,0xd2105dbf6aac0ffc327d848ea02d90b1b2fa094de3ab3901ffc17829b8aefc44,0x4b5c33c3c7a31bd108f5a99b64683b0056a62226
B03,24,0x32d2ea5f62359a545467620ebb61a91e28a037cc,2002.25,47479897,2026-06-18T02:19:01.000000Z,0xc4b7e1c9e53c12a8e502c1d1f0b18ae18ff33a3de975743d15ffdd49724e2724,0x4b5c33c3c7a31bd108f5a99b64683b0056a62226
B03,25,0x392dba7f97aa98c95fc966f13e5a9e2efc0887e0,3313.26,47479899,2026-06-18T02:19:05.000000Z,0x8c42bf9a69f4cecdb2788d65170c3f640c2426f7960000078d302f318e671082,0x4b5c33c3c7a31bd108f5a99b64683b0056a62226
B03,26,0x3a3a857c3fe9a0a2d079ac7b15b892f37e87f2aa,119.18,47479900,2026-06-18T02:19:07.000000Z,0xf248077ce5856884c894ef46b55abbf12ccbe8006c0c1e9b2d0de98db63d8807,0xbdbebd58cc8153ce74530bb342427579315915b2
B03,27,0x3d655af24f4cb1775f7bc242f6e1c96d7d3064ce,3051.06,47479902,2026-06-18T02:19:11.000000Z,0xd014099d3f27885bdcc7e0a18b2715f09f4c377d2971b0ceb031a245dd40fe29,0x1278c1e48e3c9548a5d9f2b16dc27ed311b0697c
B03,28,0x3fa1c3bb1df1f5ad30c3c06d85b72e790f87c834,1906.91,47479903,2026-06-18T02:19:13.000000Z,0x9542a30b06284614125d604d697fb96e59e57ed98510174e3824dad2b0abff90,0x1278c1e48e3c9548a5d9f2b16dc27ed311b0697c
B03,29,0x42d69f6d5ca3f7acd52537683e7825211124170f,715.0899999999999,47479906,2026-06-18T02:19:19.000000Z,0x3b7b9d963fde1e5ed5be84e0df92c9787d55a51c60bc85d2e6651fd90cae6e3d,0xbdbebd58cc8153ce74530bb342427579315915b2
B03,30,0x46c9924f6420e787efa584aad9652a646f2e9586,1120.3,47479907,2026-06-18T02:19:21.000000Z,0x045b8ebcda15fed7b3fdd268c6ac3ee12b474f66c72ac80c22ea68fab7ebc93b,0x501ef174b66883ba40f92e6fb24bfb49331d4d4c
B03,31,0x47fc03e57b3d94809925a21c87cf3c3cde857cbf,2145.28,47479909,2026-06-18T02:19:25.000000Z,0x42e0abf0cfcc3607166e1fd4f4b26b02ee90268bc5e126024f8536ddc9bda11e,0x4b5c33c3c7a31bd108f5a99b64683b0056a62226
B03,32,0x4817c3856a02be06e93c011887be308edc696128,2192.9500000000003,47479911,2026-06-18T02:19:29.000000Z,0x5b40205041ea7fcf7bbbafdd111987426becca241b84be68e4c9d41455d66498,0x1278c1e48e3c9548a5d9f2b16dc27ed311b0697c
B03,33,0x4d3a0a360f20bd6a8a25a0b36fbdffbd940073a1,1692.38,47479912,2026-06-18T02:19:31.000000Z,0x78b847ec166aa712bb8982e67a67067a6f7441b9b23ba0a9489b8aff33a27827,0x4b5c33c3c7a31bd108f5a99b64683b0056a62226
B03,34,0x4dcb8384787f5321def8d4576d99ad5ec3917901,1668.5400000000002,47479914,2026-06-18T02:19:35.000000Z,0x5539f0d361731c0e2617b3a62f906c10202ea85bcfb8a4bd7da5ea76b667c987,0x4b5c33c3c7a31bd108f5a99b64683b0056a62226
B03,35,0x4ecfb284750c9b9262699c4c6c2c0a14a9f2894c,2049.93,47479916,2026-06-18T02:19:39.000000Z,0x35e46642adca7f7dc0cd9ecab63aa23d247b893f59557f23d68c81944515c9cb,0x1278c1e48e3c9548a5d9f2b16dc27ed311b0697c
B03,36,0x4ee592cc5c19a8d4d780ccb10f5a5be0e81b16a5,5005.65,47479918,2026-06-18T02:19:43.000000Z,0x5237c2257678feb633bbba3df61ad0c45dffca72693a7e2168845412b1b2cafb,0x1278c1e48e3c9548a5d9f2b16dc27ed311b0697c
B03,37,0x517c9d3aee601f6e924ad9aa0ffdc1ba830d4be5,1692.38,47479919,2026-06-18T02:19:45.000000Z,0x247462a9639f901124ae15c5440830ab7c812c85a1589bc8d80f4c3a635120c9,0x501ef174b66883ba40f92e6fb24bfb49331d4d4c
B03,38,0x53901b46874803f5790adae788df26cc6a073061,1668.5400000000002,47479920,2026-06-18T02:19:47.000000Z,0xd8061d712c1d085e7f7bd44d3b00e6cd8e0c03c5a10ea0ca8aba7128a906cc49,0x1278c1e48e3c9548a5d9f2b16dc27ed311b0697c
B03,39,0x54fe42d8cee3ca84cefea9b5b344f2276f9e842c,2598.17,47479922,2026-06-18T02:19:51.000000Z,0x66bef5ff0c8c684b946da945f5c8ba287e1d430bf35b808a769af80b75653ce1,0x501ef174b66883ba40f92e6fb24bfb49331d4d4c
B03,40,0x55582cbea26e69fc133e71449f3f7917f86eb96e,3384.77,47479924,2026-06-18T02:19:55.000000Z,0x93ac2ac4edd739695dc1ef3e5cb366e96e89a563c9585247692fd013be30bf22,0x4b5c33c3c7a31bd108f5a99b64683b0056a62226
B03,41,0x5d62466bf39cd2726e42467459d1d3b40d139636,1716.21,47479926,2026-06-18T02:19:59.000000Z,0x2df4c5ce7be9d4048397365a0342e317af2697c76b232add254f0db286a42d79,0xbdbebd58cc8153ce74530bb342427579315915b2
B03,42,0x60672880e0920be1631d38b22668e9b0e52404ef,119.18,47479928,2026-06-18T02:20:03.000000Z,0xf23ead60d9ef8b2f3dec7bbb3b8067f75e1707ef400be5a683771cf0de6ccb7f,0xbdbebd58cc8153ce74530bb342427579315915b2
B03,43,0x62591ca0c9e464019804500c292b4a8d816f2383,119.18,47479930,2026-06-18T02:20:07.000000Z,0x60db02766b02b47278133e88fd50b53888f7cf983c88934298fd4b6a0d5bd0db,0x501ef174b66883ba40f92e6fb24bfb49331d4d4c
B03,44,0x630a0323243f4893b84a7b1ee804b9e60bd97b1d,2288.3,47479932,2026-06-18T02:20:11.000000Z,0x21449351345d85ce2d39f73fdbf316627fe701d895c0a230b6183965668ca347,0x4b5c33c3c7a31bd108f5a99b64683b0056a62226
B03,45,0x69a42729852cb824ee32baff3e627a0b81a125e9,5005.65,47479934,2026-06-18T02:20:15.000000Z,0x409c4dabd0c95d32116ad7dc92536d73da874b42fee7a84fd005ae147df0f245,0x501ef174b66883ba40f92e6fb24bfb49331d4d4c
B03,46,0x6ee91d7f5f56633962696f7dba419e6ca2a93afb,2312.13,47479936,2026-06-18T02:20:19.000000Z,0x8c4096e85cd07ca01daf7477b6aa1258dc53b05cf6bc280e4b59ab16e1be4bf7,0x1278c1e48e3c9548a5d9f2b16dc27ed311b0697c
B03,47,0x70f07b1fae5b0d5287131ae73fc99c833aa9cf89,1716.21,47479938,2026-06-18T02:20:23.000000Z,0x6c4ba75a816e73188a298dc6825917d8dd605fc5e0041480fa326c076cfaf999,0x1278c1e48e3c9548a5d9f2b16dc27ed311b0697c
B03,48,0x75c694cb77dd074dc431ef08515e053a630a4ec5,3170.24,47479940,2026-06-18T02:20:27.000000Z,0xe263a6a25668fe0b011249d1b3a3577a9bbc4aa6e0bff92172cde6cbba18a2a7,0xbdbebd58cc8153ce74530bb342427579315915b2
B03,49,0x7618e6552e9bceff9ec8f752c1c136093a2b7187,10058.96,47479941,2026-06-18T02:20:29.000000Z,0x3f66e631f4dc4837fb6f3f64f9a9fbf3266a7b2b44e211dbe66f4d5b9d52e0a3,0xbdbebd58cc8153ce74530bb342427579315915b2
B03,50,0x7855a6b5837e36b2e8474aa1b36d072dffc70686,119.18,47479943,2026-06-18T02:20:33.000000Z,0x9417385b72f60fc362e8a1539e3179cf6d474a7b4c875dd2d55a60c8924dc38d,0x4b5c33c3c7a31bd108f5a99b64683b0056a62226
B03,51,0x7993bf602c3e7e892656a5413d8721b5c3d6cfe0,1120.3,47479945,2026-06-18T02:20:37.000000Z,0x3989c4347f9bd1d5ff9d090f9c352020ca15115e3f073b7f749610569f0a7262,0x4b5c33c3c7a31bd108f5a99b64683b0056a62226
B03,52,0x79e546e8161fb59f0df40a18ffa23524f00ffca7,4266.72,47479947,2026-06-18T02:20:41.000000Z,0x967d46e13a3a82dab4e6e94b5703a0f7b7f78924c577be551662452fc9526503,0xbdbebd58cc8153ce74530bb342427579315915b2
B03,53,0x7b1750cca29178547618cfcdbf06d770df0e613f,1668.5400000000002,47479948,2026-06-18T02:20:43.000000Z,0x8bd1c8bbe82fef93443194f51b45335507b2b7bfb7e00e201ab94a7b10846fcd,0x4b5c33c3c7a31bd108f5a99b64683b0056a62226
B03,54,0x7b4ee21fa52407a36cd91c7bf896448928ba3aa7,166.85,47479949,2026-06-18T02:20:45.000000Z,0xb7e5cf9c6e40fad56555717e4707d0461233f4051043a5346ff433624158ae5e,0x4b5c33c3c7a31bd108f5a99b64683b0056a62226
B03,55,0x7e6786e0abb9be7d6a8d7d976ff45d9ad1fe3ec2,1692.38,47479951,2026-06-18T02:20:49.000000Z,0x8b0598a8cc03a39c877f67d35711fa529a22309f83efb7a9f6c5da8489166998,0xbdbebd58cc8153ce74530bb342427579315915b2
B03,56,0x80d686f6e272991159269647be8562b7eebf9e7b,2574.33,47479953,2026-06-18T02:20:53.000000Z,0x29821c56ec9a36477ba14d3a87f15672924850f3801df1c013893697b60cf617,0x1278c1e48e3c9548a5d9f2b16dc27ed311b0697c
B03,57,0x81b1b72aa50e65beb9b8322b240c39e08bb62db3,119.18,47479954,2026-06-18T02:20:55.000000Z,0xf0d84acf531b30ff9252aeb712db2297f3791b6e00ad4a9fca4c53b386a6bdda,0xbdbebd58cc8153ce74530bb342427579315915b2
B03,58,0x81b4ba62b2b8850dc019ab3a4e877d94452f1ae7,3027.23,47479956,2026-06-18T02:20:59.000000Z,0xa2c2855e3541d27934df930b804ad50a2e9a0e08c2df5a3c90e847b2ef1fa34b,0xbdbebd58cc8153ce74530bb342427579315915b2
B03,59,0x8629dc229701df25d8ed3f381d93457f7ed7960a,2836.53,47479957,2026-06-18T02:21:01.000000Z,0x792f044ca57bc3eb69f35eae21a2154101e425de3413f116304caf1544737412,0x4b5c33c3c7a31bd108f5a99b64683b0056a62226
B03,60,0x88c1a4d0d61788da8d29179a569d86b4e9b2d40f,2097.61,47479959,2026-06-18T02:21:05.000000Z,0x9219c0f587e39f121981a0649742be11cc7938cd9cdb635090bb45b29d68f26c,0x4b5c33c3c7a31bd108f5a99b64683b0056a62226
B03,61,0x8a41325b52fa5b0e815c244e9186249988f161d5,4195.21,47479961,2026-06-18T02:21:09.000000Z,0x3554f7a1e407510d3fb2c1e6e9da22db007160cbcf606e31380a8c423dde1e39,0x1278c1e48e3c9548a5d9f2b16dc27ed311b0697c
B03,62,0x8b5f0aaa82701501eba4ad7d9848b19bcc84b486,119.18,47479963,2026-06-18T02:21:13.000000Z,0x57b15fd523c9d48cb8a989eab282ecd21ebd6cf150223e4bc37669b533abc7a9,0xbdbebd58cc8153ce74530bb342427579315915b2
B03,63,0x931bfa6f928bcb66ee005d991a218d489f01264c,7174.759999999999,47479965,2026-06-18T02:21:17.000000Z,0xf1040a71d1fb76ca259e3e0d73e3be74e8fa21af03c89afdad1fad5aee756400,0x4b5c33c3c7a31bd108f5a99b64683b0056a62226
B03,64,0x9336e821aecd9c427086729c5312554512c8a29b,119.18,47479966,2026-06-18T02:21:19.000000Z,0xafa81174213621afbf4addf31ee09b865bf90aef44896eccdb396909d6aa8262,0x1278c1e48e3c9548a5d9f2b16dc27ed311b0697c
B03,65,0x96523f9598b167b8496f2852e2de2ace85feaf81,1692.38,47479968,2026-06-18T02:21:23.000000Z,0x43e60aa9204969a81f4833839cf8799228048feaf0e7304919421e650461a610,0x4b5c33c3c7a31bd108f5a99b64683b0056a62226
B03,66,0x97b505d273b4c3f654b10e7c14d7b289dc3565c9,1644.71,47479970,2026-06-18T02:21:27.000000Z,0x962cd28fc3ff416173564654a281f0316a795f80f9e50218823723bd6afcd461,0x4b5c33c3c7a31bd108f5a99b64683b0056a62226
B03,67,0x9e526bc1756b4aa0c68be9562606008b4a76597b,9701.41,47479971,2026-06-18T02:21:29.000000Z,0x666f2ddbb95ca6eb0b58a6d4973bb64b27fab59fb4fd2ba4587ab290699d2f9a,0xbdbebd58cc8153ce74530bb342427579315915b2
B03,68,0x9ed2c7bc190f4e2ce30f3c3114eb32f7a5fd3c1a,10058.96,47479973,2026-06-18T02:21:33.000000Z,0x1a20e43d312aa0a22c546b1144cef0674e0483da3fc476a0e5cbf8a9a5141ab1,0x4b5c33c3c7a31bd108f5a99b64683b0056a62226
B03,69,0x9f0ba373e123f43ee0a81a97eaa979141ce99565,2550.5,47479975,2026-06-18T02:21:37.000000Z,0x0dfa083f9b581422bbb1d7fccaa44489a766343a4973b6e2ba344956e8356f83,0x4b5c33c3c7a31bd108f5a99b64683b0056a62226
B03,70,0xa10151052d64faaa8f82c6cb33c762a26baa3dab,1883.0700000000002,47479977,2026-06-18T02:21:41.000000Z,0x52fbec854ea96628a90b638f413845d9321172b23d3b24f4893e4c4ac5555706,0x1278c1e48e3c9548a5d9f2b16dc27ed311b0697c
B03,71,0xa2862f36d565d07a82f208d9fb3278138df9bd79,119.18,47479978,2026-06-18T02:21:43.000000Z,0x84a882a50e679505debd4f93464580449a09e597e29227e69c412d3c2ee77d2e,0x4b5c33c3c7a31bd108f5a99b64683b0056a62226
B03,72,0xa98f6218656de6a8ae345ec5c585f8f46b37a220,4195.21,47479980,2026-06-18T02:21:47.000000Z,0xe224f41e0e6e3d2a6c4cbafbddd9ebfd53b6752020d10a93f1a5ea1adef06deb,0x4b5c33c3c7a31bd108f5a99b64683b0056a62226
B03,73,0xabb77cfbb672581f202157a3a157c5b900910d2a,2097.61,47479981,2026-06-18T02:21:49.000000Z,0x93165faf4bdcc57d25d8a1c012e68a385d7de3f349c71588632162a3c32ab42f,0xbdbebd58cc8153ce74530bb342427579315915b2
B03,74,0xacfa7fcda73ad3d1e206e42b29587a71361931ef,119.18,47479982,2026-06-18T02:21:51.000000Z,0x9a0e082fcf656577f4bda4bbeea2726965cd842732f3654b891f114054b210c5,0x501ef174b66883ba40f92e6fb24bfb49331d4d4c
B03,75,0xad31b6aa31e60d15fb2d53b2dacdb9e0f94c2839,119.18,47479984,2026-06-18T02:21:55.000000Z,0x420563c366ddbce54c8ed2f422771d2efb672d84bd509d5e9875f847d47ab261,0x501ef174b66883ba40f92e6fb24bfb49331d4d4c
B03,76,0xb12b2f34579061761adece961d31a5035690ca07,3313.26,47479986,2026-06-18T02:21:59.000000Z,0x1b4a39b370df17068dddaf146e43e5f25287e7054b86332dd457879736d85201,0x501ef174b66883ba40f92e6fb24bfb49331d4d4c
B03,77,0xb13817ac6288b267993f9f51489924ce83358d2f,2097.61,47479988,2026-06-18T02:22:03.000000Z,0x136a176daff93c027f3e4281ae3e39a1bafc7f22d68898620d42cbdfe284e958,0x4b5c33c3c7a31bd108f5a99b64683b0056a62226
B03,78,0xb4745c4d1d556697901b8d703947acfd806920f1,2717.35,47479990,2026-06-18T02:22:07.000000Z,0x1e022044cb0918e1a371a62b454bc32697effabd9c13b5f660a2d1438c383683,0xbdbebd58cc8153ce74530bb342427579315915b2
B03,79,0xb7fb5ea9a53f19ad3476a73c3c50f9ab78415458,1883.0700000000002,47479992,2026-06-18T02:22:11.000000Z,0xb1a14c283e997db86eb5566a9bfa05a75ad74fadbb19b732484dda6f02ccb654,0x4b5c33c3c7a31bd108f5a99b64683b0056a62226
B03,80,0xbad9a79a6078b17faf77ccb4c4b58c7555bbe7b6,1668.5400000000002,47479995,2026-06-18T02:22:17.000000Z,0xdc8c506c007eadf287724940040ddeb6635ca84ec64fe44beca2145bf7004310,0x4b5c33c3c7a31bd108f5a99b64683b0056a62226
B03,81,0xbb3b8139037f1cd47eda30a0768bafed5739892c,214.52,47479996,2026-06-18T02:22:19.000000Z,0x5783cbfcdaf3011f5acde47a671a7430cbd782b98e06eb6dd850e7cc9a1233a2,0x501ef174b66883ba40f92e6fb24bfb49331d4d4c
B03,82,0xc3130b9d9f1eab0e76377cecf066ca23603144c1,2145.28,47480009,2026-06-18T02:22:45.000000Z,0x3ff3aaf7e1511a4cb6bad4ef3cf1709df955dfee71feaaa826fdb0c5cd9209e8,0x1278c1e48e3c9548a5d9f2b16dc27ed311b0697c
B03,83,0xc6d90323c5d934f3b4ed8736c3b991e1b67fb91d,119.18,47480011,2026-06-18T02:22:49.000000Z,0x3ec93f42605f44f58a40f548686e1b0f4aacabacf85f2995b56cd186d0598784,0xbdbebd58cc8153ce74530bb342427579315915b2
B03,84,0xc93e7cdaf4f688e66370da7c2ea4a6561595d14e,119.18,47480013,2026-06-18T02:22:53.000000Z,0x3730a72e52992eebf64e3af1ba9b3ecf7efdfa06515e4619417c1b9468126c6f,0x501ef174b66883ba40f92e6fb24bfb49331d4d4c
B03,85,0xca0e4bc22cbfe0c5e0e66dec38ae4d0372c7e0a0,1883.0700000000002,47480015,2026-06-18T02:22:57.000000Z,0xc2263fd7620fce7b222469f906c4c0f7d783b4ceffe3262c0ca065e0a9576c79,0x4b5c33c3c7a31bd108f5a99b64683b0056a62226
B03,86,0xd5c9a4dcddf65c4259521166767e33fd8deb7235,1454.01,47480017,2026-06-18T02:23:01.000000Z,0xe001657700e8246e40c7c81d8afe9c36e26cf1ce05b5c46c247336ebed222bfa,0x1278c1e48e3c9548a5d9f2b16dc27ed311b0697c
B03,87,0xd6f9f9df2abfbbbfe3bbd1d2b1c1996557105b4f,119.18,47480024,2026-06-18T02:23:15.000000Z,0xf18873c34055dc127764fc4f0c4de98142770788cb7d21eb361b21745ccf410d,0xbdbebd58cc8153ce74530bb342427579315915b2
B03,88,0xd954df9a2fffe6df40d21611e694843b5d37f847,1787.72,47480026,2026-06-18T02:23:19.000000Z,0x498a63c90cb63bd9d91ec6ac0f6c4f39817e80be95f42b47a45b18e95d26df9c,0x1278c1e48e3c9548a5d9f2b16dc27ed311b0697c
B03,89,0xdd1bd9441be8a481d53dc797fc1c5941be120730,2717.35,47480028,2026-06-18T02:23:23.000000Z,0xe9408b081d56d387e05608cefa6f8201e88b1ace9dd0b5497b3a9b19264d7f65,0x1278c1e48e3c9548a5d9f2b16dc27ed311b0697c
B03,90,0xdd6521a0d491df34c6f9660f11573c76db9ff038,5005.65,47480030,2026-06-18T02:23:27.000000Z,0xd04154a023c690880ce1772b306f39befece4b1882778ed3e087c926fb199d3d,0xbdbebd58cc8153ce74530bb342427579315915b2
B03,91,0xe35315422bea53c9b835c09194d526955d429861,1668.5400000000002,47480032,2026-06-18T02:23:31.000000Z,0xc4e7417126ee8f48cdb36af25bb813e36ff6eaa8717000486386289154fb41b2,0x1278c1e48e3c9548a5d9f2b16dc27ed311b0697c
B03,92,0xe3de8f5e568607dc9239f5c82730ed2c25a8416f,858.1,47480034,2026-06-18T02:23:35.000000Z,0x06b8432c0b14c174faebc1bc193339816ef41b2abb1bcc0efe92e5d59eae81ef,0x4b5c33c3c7a31bd108f5a99b64683b0056a62226
B03,93,0xe60f63d9941c163b85308c38ef5ae5942ca54b1c,2455.1499999999996,47480036,2026-06-18T02:23:39.000000Z,0xdbdde20cc54ea929d5e3ec1f41b9f3bbafcaf5b26fc2aa3fe3234aea2d05f597,0x501ef174b66883ba40f92e6fb24bfb49331d4d4c
B03,94,0xeb2d777c4bdc4985ee1c2bc07dbb2f8611bdfc71,2598.17,47480038,2026-06-18T02:23:43.000000Z,0xd1d9d34de7a0e579b066b96a24416f5b10aca126b83ddd5a06b6ebafceb71c9a,0x1278c1e48e3c9548a5d9f2b16dc27ed311b0697c
B03,95,0xec53deccbd85c87b07e573ae70cb66685187561e,1883.0700000000002,47480040,2026-06-18T02:23:47.000000Z,0x62793b5ca060326d92abbd858e7aa6474af73687fc69bd10985355ec7851389d,0xbdbebd58cc8153ce74530bb342427579315915b2
B03,96,0xf0a7d41935cc1bdcbbaec658c78016176869e067,1430.1799999999998,47480042,2026-06-18T02:23:51.000000Z,0xd48ae5fd6aead51555c0097abba2a6bbaf1d49e6770b34cbb27ab0b8796a31ff,0x4b5c33c3c7a31bd108f5a99b64683b0056a62226
B03,97,0xf313b54acaa4dd4516f0eb3d410416e9607f1259,8104.37,47480045,2026-06-18T02:23:57.000000Z,0xa8e4fdb1037067dc046f34dcd9098114ae467f9764c9124cbd099a070e89f239,0xbdbebd58cc8153ce74530bb342427579315915b2
B03,98,0xf490d80883c5f4afee91fab71ac9faebffee6a74,1525.52,47480047,2026-06-18T02:24:01.000000Z,0x5c0b289084a802cbf00f4d7d95e2a9f2682d25710da2e49fcf9efe79b2a95987,0x501ef174b66883ba40f92e6fb24bfb49331d4d4c
B03,99,0xfcabd60c94d54ae17a200730048b07e099e40ca8,1692.38,47480049,2026-06-18T02:24:05.000000Z,0x36bd2184ecfc1cf438cb3bbd5a61b760b7aa3239cc48052fa10eae768050c16d,0x501ef174b66883ba40f92e6fb24bfb49331d4d4c
B03,100,0xff302481954416e08e6a79f831100614c454f4da,119.18,47480050,2026-06-18T02:24:07.000000Z,0x72b8191048af341147e5efcfe4d256efd354e0dced6bce879f450bad2de9a42e,0xbdbebd58cc8153ce74530bb342427579315915b2
B04,1,0x00e78cc4a029f50eb78902c82e5fb30787c57d2a,1216.55,47480059,2026-06-18T02:24:25.000000Z,0x6a3d26411efbe8d77578610b150ce1582928981b8d41cc4a2ae26ad8274a0b35,0x1278c1e48e3c9548a5d9f2b16dc27ed311b0697c
B04,2,0x023910522934cd7cc6145d656764232139218482,1144.99,47480061,2026-06-18T02:24:29.000000Z,0xe10ca1ec6b9c3e8be7004228126f31d6884826b6dd0123592926b0137f25dcab,0x1278c1e48e3c9548a5d9f2b16dc27ed311b0697c
B04,3,0x04fe8893b488c0b43da6a31c026b77d331098cdd,18391.51,47480063,2026-06-18T02:24:33.000000Z,0x2f35405d1167cd00a15e8668ceb4b80e324bea6917b90181ded527740b027139,0x1278c1e48e3c9548a5d9f2b16dc27ed311b0697c
B04,4,0x075279f259260f4ebc2afbe6ac2bf8751284a9ef,1073.43,47480064,2026-06-18T02:24:35.000000Z,0x85e813a6667569b78a6ec888db8912c690c48816db0c02c86f87f21e04ce6d3f,0xbdbebd58cc8153ce74530bb342427579315915b2
B04,5,0x076e67871a8dccddf01a2e6c7ce5fc10f97aaeb3,95.41,47480066,2026-06-18T02:24:39.000000Z,0x24696863d1b3e5bf243647a025d7e204563336abf32333f2d039b3a1436474df,0xbdbebd58cc8153ce74530bb342427579315915b2
B04,6,0x07c8cf198f9c360a0ad41f9d51fe184f99aa803b,1979.8899999999999,47480067,2026-06-18T02:24:41.000000Z,0x2fde2a45a4e6f89247d4bc707abda107221739d8ca6e13a9fd1579251da1472a,0x501ef174b66883ba40f92e6fb24bfb49331d4d4c
B04,7,0x09c3e4adca909dfe10bbbc9b663328c385329db8,858.74,47480069,2026-06-18T02:24:45.000000Z,0x991e369afe62b3d308a0205e6eb5716b97c5165feda4ab0f9d6c401924b2ec10,0x501ef174b66883ba40f92e6fb24bfb49331d4d4c
B04,8,0x0d25464856e2e69051051a626a6eda4e3dc79b8a,1288.12,47480071,2026-06-18T02:24:49.000000Z,0xe02d8d363711dbd8f6e2ed0b7312ec82de1c5242f11b7b2ffd91e609391203b4,0x501ef174b66883ba40f92e6fb24bfb49331d4d4c
B04,9,0x11edebf4fd1ec20d7641f687143e92d9600be6fb,2170.73,47480073,2026-06-18T02:24:53.000000Z,0xb93c25f2dd4225c10b0e34cab6c979c4afe4a096cffadb9a5fb31badb1959845,0x501ef174b66883ba40f92e6fb24bfb49331d4d4c
B04,10,0x12c42c1dc436b803f3621f80f509e29ddde578dc,3005.62,47480075,2026-06-18T02:24:57.000000Z,0xc7807f4703bc829594eb69507fa20b39e7dfbda86182cd0a2a26a9dc5a4e9088,0x1278c1e48e3c9548a5d9f2b16dc27ed311b0697c
B04,11,0x188c3c594dfeb3409e64e1f0225269b73f2d8ba3,1001.8700000000001,47480077,2026-06-18T02:25:01.000000Z,0xb391af956ab0f1a4108035c34cc6f22d6415c7dbc5bf562a8c9400844d6f4ac3,0x4b5c33c3c7a31bd108f5a99b64683b0056a62226
B04,12,0x1f7083243010d72ffd56fe036aeb970298c3ab70,667.9100000000001,47480079,2026-06-18T02:25:05.000000Z,0xc0ae788711984c86b812b2c28fe63738cbb2d18ff428e34ca8afa6423dcd24be,0x4b5c33c3c7a31bd108f5a99b64683b0056a62226
B04,13,0x246cd7126610604218b216d0fdc4e399c1645e7a,71.56,47480080,2026-06-18T02:25:07.000000Z,0xe1941de8c84d425ea3d3a070d3301b04b6bbccbe00a415d2b3e23a15bc9b3509,0x4b5c33c3c7a31bd108f5a99b64683b0056a62226
B04,14,0x28cc20b0a416413b222debcec8769796e45ffe24,333.95,47480082,2026-06-18T02:25:11.000000Z,0x85f79a2aacfd7624defa5053d37c83508a724b1efeebfe78ae51eb5229db0db9,0x1278c1e48e3c9548a5d9f2b16dc27ed311b0697c
B04,15,0x298af81a93bf9e234aa2047591e33a1cf6e00f7d,1550.52,47480084,2026-06-18T02:25:15.000000Z,0x3b0dc6b5c670676314c99d925dea3f4d12ed50d80233be3708eaaa4aa5f4c0b1,0x4b5c33c3c7a31bd108f5a99b64683b0056a62226
B04,16,0x3399cfa0f4dc6e765d1f09874b374c2cc265a562,930.3,47480086,2026-06-18T02:25:19.000000Z,0x3fb538f5f09b93cbd4eaa8c8e79b3db5bbdd0e1d9771f6e296a0f9acfa8da2cc,0x4b5c33c3c7a31bd108f5a99b64683b0056a62226
B04,17,0x3621eb043c4eb20588cca06cb42357f29f9618fa,71.56,47480088,2026-06-18T02:25:23.000000Z,0xac0e781de387690d80c01657e1c90c3dfd602e44a9dc8240c65fd4ac8fe7321f,0x4b5c33c3c7a31bd108f5a99b64683b0056a62226
B04,18,0x395e210f36dabf244b428a97778b5a8e8249184e,3745.1,47480090,2026-06-18T02:25:27.000000Z,0x53ecc06018b5d65cc5c49bc9b45b295b19a283436fc675c1e788ea76d1ee4953,0xbdbebd58cc8153ce74530bb342427579315915b2
B04,19,0x39a62369b4f0c29b1bd260b6d1abcf5968932903,71.56,47480092,2026-06-18T02:25:31.000000Z,0x43d4dd89387cb9162f5ee1a524308991ee9164dd56d3831517244696f57355a7,0xbdbebd58cc8153ce74530bb342427579315915b2
B04,20,0x3d9e08d8dbebffc6d8d5463ab4d62bb60624ff48,1216.55,47480094,2026-06-18T02:25:35.000000Z,0x31076f99eca56fc6b9642511dff04f951f969113fce1ec792bba08f9c51923cc,0x1278c1e48e3c9548a5d9f2b16dc27ed311b0697c
B04,21,0x3f50775305b7b3ad179d218ed23ede53246e96e2,1001.8700000000001,47480096,2026-06-18T02:25:39.000000Z,0xc27461ab0c9d2a78ce0448134b5252b27e4a429a6eff466f414a608cde86500a,0x4b5c33c3c7a31bd108f5a99b64683b0056a62226
B04,22,0x42a4ce86385161287b6af83a18d886ccf8ce67cb,978.01,47480098,2026-06-18T02:25:43.000000Z,0x0a9ba0d379aed9647a4dfa6f1d7cf96560b242b91784c032f9279478fd6f8a72,0xbdbebd58cc8153ce74530bb342427579315915b2
B04,23,0x42ddebf334b92f4eb9def8edf63b1bce6d780c2f,1168.85,47480100,2026-06-18T02:25:47.000000Z,0xb0ceaf738feec1d8e8f520edb6eadf929f5fd3fc48b6887da45fa3c5444ea148,0xbdbebd58cc8153ce74530bb342427579315915b2
B04,24,0x4acb24cfc730bf4d1650181bc2af8fcdb2067123,1049.58,47480102,2026-06-18T02:25:51.000000Z,0x89757b55cf61953c09bacfbbcd19c53e1b6ac7026fdbebd4c9722074f64e776d,0xbdbebd58cc8153ce74530bb342427579315915b2
B04,25,0x4f6ced77f10795ec8955029553848f49d7538071,1073.43,47480104,2026-06-18T02:25:55.000000Z,0x9b9e6275f44575b8f2dabbf74deb69f68162099e2c8b0951c933cb302731f6f5,0x501ef174b66883ba40f92e6fb24bfb49331d4d4c
B04,26,0x5335e1bb3332771df0221e2da9396ea21dd9a6f3,978.01,47480106,2026-06-18T02:25:59.000000Z,0xacbdbc843835fc26606f066abac11be605281e5153b0cf280a715abeac2ba72a,0x4b5c33c3c7a31bd108f5a99b64683b0056a62226
B04,27,0x53f816cdd76e1e81728f8fa9ea68c1f319a1e3da,1383.54,47480108,2026-06-18T02:26:03.000000Z,0x4adaed009ef3054e0d1f0795135ee51987ec628ac6b5ff8d2883d6a42b4e62dd,0x4b5c33c3c7a31bd108f5a99b64683b0056a62226
B04,28,0x540a5b5fdc16bbc6bd188f2b60e5a09c28ed0c6d,71.56,47480110,2026-06-18T02:26:07.000000Z,0xca7f130919c506e636dc9b3727c23bb2128e4eeab7a3e63ebdfab927944c4b6c,0xbdbebd58cc8153ce74530bb342427579315915b2
B04,29,0x55b1a456ef8bae86ad9183d21cb3bc6bba18d3b0,1598.23,47480111,2026-06-18T02:26:09.000000Z,0x23bdc2e2e2e5c5d44286184ef057697fa9930f5921b3e2ba0294b656914bcf2c,0x4b5c33c3c7a31bd108f5a99b64683b0056a62226
B04,30,0x56c40b9982cbd9b8ada316506854a612cbe706dd,4222.18,47480113,2026-06-18T02:26:13.000000Z,0x7ec6761c50d429f7c2ce8212b4a2d42be1d8d41aa64902927176127fa31b6a79,0x1278c1e48e3c9548a5d9f2b16dc27ed311b0697c
B04,31,0x57d5ed47c2374d53020eac3d71352e8a0f7c9f9e,1144.99,47480115,2026-06-18T02:26:17.000000Z,0x67eec5e7506d7f5a082d054787eea6dd71e641e78fbbabe0cc5ed7faaa9bebbc,0x501ef174b66883ba40f92e6fb24bfb49331d4d4c
B04,32,0x5879bb5de8f230a910168a3c7509a80780534823,1144.99,47480116,2026-06-18T02:26:19.000000Z,0x6ea048423c1e9ba7c2cc631dcb426899a671763ae8a930a4a018984523d9a234,0x501ef174b66883ba40f92e6fb24bfb49331d4d4c
B04,33,0x5a4050cbbb1a786ac56f5c4983c08f0af6252696,1550.52,47480118,2026-06-18T02:26:23.000000Z,0x8fcc5ce635d9c0dd3865bd045f13d62ca4bd81548318e68e7a9999c986e6b7d8,0x4b5c33c3c7a31bd108f5a99b64683b0056a62226
B04,34,0x5ac1e7bb86c5c9fc4ff218ed27f4d7e60acbb696,71.56,47480119,2026-06-18T02:26:25.000000Z,0x8830454948dc4f0fdc6dfaa3c6e5e9f3e9a082fc2971434e90029ed29686de49,0x501ef174b66883ba40f92e6fb24bfb49331d4d4c
B04,35,0x5afe1ba51f934b131a3c8aa5fd48fae43bc51820,71.56,47480121,2026-06-18T02:26:29.000000Z,0x1515a0dfda42b7ec061fdb59982ece32239df1ab2187a7dde0df1ff28b100cf0,0x4b5c33c3c7a31bd108f5a99b64683b0056a62226
B04,36,0x5b489ba0d7f406e46e67d670f7c40b88cdcec172,1073.43,47480122,2026-06-18T02:26:31.000000Z,0x6df2731b75f380ccc564630c21dbdd0d3d1b6f3251e88d398a1c6355e72c2320,0x4b5c33c3c7a31bd108f5a99b64683b0056a62226
B04,37,0x5c623d9f27c4674466b5b335c2d6b3d172dab909,71.56,47480124,2026-06-18T02:26:35.000000Z,0x0f21ac6020a7f29990598a7dc23fe4ff508049d46f8c6c585e96bf701f7be8da,0xbdbebd58cc8153ce74530bb342427579315915b2
B04,38,0x5dca6ad4a08cab651585b7cb01bd95b67bc86175,71.56,47480125,2026-06-18T02:26:37.000000Z,0x26c9f22cab145a272bedbffa21e4a39092584465e58b5b9a71ce083364c22a7c,0x501ef174b66883ba40f92e6fb24bfb49331d4d4c
B04,39,0x60580c6fd9c931261a59620df5b94f7a8bd3313b,1192.7,47480127,2026-06-18T02:26:41.000000Z,0x017ef9d140ee2feb194d8d67950319a1a9c8b34aae0f4dae54e590e81c271926,0x1278c1e48e3c9548a5d9f2b16dc27ed311b0697c
B04,40,0x61931fb912ba5fc74ede7270bc20cb84e4fae614,2337.71,47480129,2026-06-18T02:26:45.000000Z,0xe012786dc9ec9d46956cfee4b7be580f41600e1a46091fbd6bc13f0851c44c79,0x501ef174b66883ba40f92e6fb24bfb49331d4d4c
B04,41,0x65647aa95d34bf146bcb04177e5bb7d253cf1070,1550.52,47480130,2026-06-18T02:26:47.000000Z,0x0c802d1d62969833f9c86f49d3c8d61b68bc93a27a098ac3a7e5068b9b91e314,0x1278c1e48e3c9548a5d9f2b16dc27ed311b0697c
B04,42,0x670398a7b4d8b77923ee146e6586521242bed9cf,1216.55,47480131,2026-06-18T02:26:49.000000Z,0x16f3c3e62f0c58b199c7ea51a88a72fe274409974567cc08ce0a667dfdbce927,0x501ef174b66883ba40f92e6fb24bfb49331d4d4c
B04,43,0x69e274b1e0612213b3db1ca2d736fe4920ae5779,21850.35,47480133,2026-06-18T02:26:53.000000Z,0x0b0b25dc46619426d29980ba8101794f8716121a10ee9c5c7dcfe492d32b9043,0xbdbebd58cc8153ce74530bb342427579315915b2
B04,44,0x6aeed56a370613d9d3e3404d3a27245e1d8de7c7,2146.87,47480134,2026-06-18T02:26:55.000000Z,0x7567125fb3bef68030d13a7619c90b66872d04282d848b34ff5388e7a7bc966b,0x501ef174b66883ba40f92e6fb24bfb49331d4d4c
B04,45,0x6ba1bde7d29fd9fc93ee9ba0da45d163ed7bfe2e,3745.1,47480135,2026-06-18T02:26:57.000000Z,0xb16b4ec849b594b82978c55a696bb92ea2b6d70314f56b17571cd43262a26cef,0x501ef174b66883ba40f92e6fb24bfb49331d4d4c
B04,46,0x6d34765f8e952ab7a3e620a6af3010c7bc5fbe6c,4341.45,47480137,2026-06-18T02:27:01.000000Z,0x21b1aed3c4c89bc5af140e04ae6dd92e322229534c5673ac84af6ce94a92c0c0,0xbdbebd58cc8153ce74530bb342427579315915b2
B04,47,0x6ddb62eefe5bdcdc04d3d50b17435a735d076739,2576.25,47480138,2026-06-18T02:27:03.000000Z,0xd4f1e4ea17362597e0146c31068250e31ea509b5bdeb73c1fcceca2fab178915,0x1278c1e48e3c9548a5d9f2b16dc27ed311b0697c
B04,48,0x6f728098d6af2e42afd2e76b3d02b13e2ae79523,1025.72,47480140,2026-06-18T02:27:07.000000Z,0x77cabc1f1c4d0fd0eabe8eda3847685474e8fc21aa7c1e2cbe7ee7bca777e801,0x1278c1e48e3c9548a5d9f2b16dc27ed311b0697c
B04,49,0x743a8a5360c4796b4a14ca948335446f83abb3ca,3148.75,47480141,2026-06-18T02:27:09.000000Z,0x9d341eb8eec61730f53ff54b0b6cbe82e9c24200a7f983095815cc13a532aaba,0x1278c1e48e3c9548a5d9f2b16dc27ed311b0697c
B04,50,0x762fce7bdb71933ed239c7d5706f0e7bec2f188e,1144.99,47480143,2026-06-18T02:27:13.000000Z,0xaed31fd085a75534ae5e1c45a37df009bf2034012bf97bf66a499ae7c384426e,0x4b5c33c3c7a31bd108f5a99b64683b0056a62226
B04,51,0x764442b311cd3a552b4791b260e0e6c5e28cd37c,10519.66,47480145,2026-06-18T02:27:17.000000Z,0x8076d372dcef74bb74327c3faceed22ca2ef6cf6ae191540e53438036e43c658,0x1278c1e48e3c9548a5d9f2b16dc27ed311b0697c
B04,52,0x7a1de158eb67f687875db4d7efdfbda35b8ed52e,2790.9300000000003,47480146,2026-06-18T02:27:19.000000Z,0x87fbd98aa3ad1c573b7a0cee7acc76d0b89fadb9b354c8453078789d5bd20941,0x4b5c33c3c7a31bd108f5a99b64683b0056a62226
B04,53,0x867305c30db1f185acf4cf660113a65147bee186,1049.58,47480148,2026-06-18T02:27:23.000000Z,0x17196d37dfaaaf0c51f2221c2d5484951ac18ed219e853e07ab944a41a64c5f4,0x501ef174b66883ba40f92e6fb24bfb49331d4d4c
B04,54,0x8990a8235370cf872db8ed917e36069f76b6e651,3745.1,47480149,2026-06-18T02:27:25.000000Z,0x1b87251713251dcdc53094fd5aa435f451d9fe9fae0ce4cd0388bb8062d76c31,0x1278c1e48e3c9548a5d9f2b16dc27ed311b0697c
B04,55,0x8affdd949964f67c7360c8ee6f514eaa6c4a9f9b,1550.52,47480150,2026-06-18T02:27:27.000000Z,0x79c4ae41c3c8f276199b067c85eb9ce453fbdba2769ded24a555da45abb38a47,0x501ef174b66883ba40f92e6fb24bfb49331d4d4c
B04,56,0x8b7dad2958b8a3198146049090fd67594f299001,1001.8700000000001,47480152,2026-06-18T02:27:31.000000Z,0xd6c8aefbf8185b0ed91764638c69bf46adff5348cd1cb8b0b0f6863e957c6f8a,0x4b5c33c3c7a31bd108f5a99b64683b0056a62226
B04,57,0x8bcda15b6df3110373a4424f78793a07156b9290,3745.1,47480153,2026-06-18T02:27:33.000000Z,0x8f76ba9526fd26490e3eb07df185aab6c84538e9d2fefdcef0b99ecf9f13fc3a,0xbdbebd58cc8153ce74530bb342427579315915b2
B04,58,0x8e29f6fde7d830b8e6f321d0981248712d1a7587,572.49,47480155,2026-06-18T02:27:37.000000Z,0xfc87606ce22aa7b3ad0a916d15e285b5d6eede845bd73af237c6b5ad01edd945,0x1278c1e48e3c9548a5d9f2b16dc27ed311b0697c
B04,59,0x94ffcc936179a7a5e26e76404384ba756976dd5d,1550.52,47480157,2026-06-18T02:27:41.000000Z,0x3919d5fb3ae8dc385ea27aaa1ff2411c40d5d36c87fb6b7e44520f7ce52819b6,0xbdbebd58cc8153ce74530bb342427579315915b2
B04,60,0x9643c2d3e7b3948de852ec770a9d383351c4ba30,1025.72,47480158,2026-06-18T02:27:43.000000Z,0x84fa754b1ca2fa19e42c2d85cd2e1bacdf20303ccd0b4e97c8af38aa5e387d90,0x1278c1e48e3c9548a5d9f2b16dc27ed311b0697c
B04,61,0x99a5d1cfa4091ef9bc9a46c82f9cecccf927b519,1979.8899999999999,47480160,2026-06-18T02:27:47.000000Z,0x4651f26a16352b85941baa8702c869748cae98bfb3a06969249928f25c7cea75,0x501ef174b66883ba40f92e6fb24bfb49331d4d4c
B04,62,0x9aafbf82bf22d6ab18d8b5d1615ba2a6fc551289,4675.41,47480162,2026-06-18T02:27:51.000000Z,0x3c7c7ff4924319621ac498894ebd4285958c9ce8f15de2828986756e1437e7f1,0xbdbebd58cc8153ce74530bb342427579315915b2
B04,63,0x9b63cc25ae9262d52fc052a3c1e08ad1ed8c80a2,2170.73,47480163,2026-06-18T02:27:53.000000Z,0x9e121967d998d64711e14a934b344800e961f60c6c0ff9fdd5311a63b3ad16a7,0x501ef174b66883ba40f92e6fb24bfb49331d4d4c
B04,64,0x9c4ba0f70e9b0bb235f9ec6a566b05adb2fd0fc1,1240.4099999999999,47480165,2026-06-18T02:27:57.000000Z,0xac1710c1b4e5e787179d85b86c23ee7e03963e52761758abb31373d7d24dd4b8,0x501ef174b66883ba40f92e6fb24bfb49331d4d4c
B04,65,0x9e9b9a7746d5294884d9192ade1d022d912e2241,978.01,47480167,2026-06-18T02:28:01.000000Z,0x6f6b6f84209ab46ccd1e8cd87c4091acfe0873fe6330e8cc1c30e525e49044ae,0x501ef174b66883ba40f92e6fb24bfb49331d4d4c
B04,66,0xa2b771526f5cb7811637fd8c1646312be4a5cfb7,1359.6899999999998,47480168,2026-06-18T02:28:03.000000Z,0x58032dc6bf21bc8327ed42f852ed906f0bf22985068990f97863106f06896197,0xbdbebd58cc8153ce74530bb342427579315915b2
B04,67,0xa7d11f31a211b481df302258654da8bd56566abb,2313.85,47480170,2026-06-18T02:28:07.000000Z,0xafb914ace98408d3e0b98d253bc6168f0e894177614b0c52a52e2a935b5bf809,0xbdbebd58cc8153ce74530bb342427579315915b2
B04,68,0xa9ff0385f3515a496a437a8264a0cf2725be4bfd,1311.98,47480171,2026-06-18T02:28:09.000000Z,0x4fd96d173bbceee43a1768432fb5f85f32f3b28dad523819de3ba3183ba05b20,0x501ef174b66883ba40f92e6fb24bfb49331d4d4c
B04,69,0xab9babebe380ecdd53e0ac470d8549eea158db69,1121.14,47480173,2026-06-18T02:28:13.000000Z,0x20a471c0f2c1258589aaaa20e813b0fc75038c30727ebd1a695b5e19a1b9beb8,0xbdbebd58cc8153ce74530bb342427579315915b2
B04,70,0xaff424f77056a1db81049b7ecde3563fc8370e5a,1836.77,47480174,2026-06-18T02:28:15.000000Z,0x56c166e6f22a6a85a902a216ca4d76964a7f6b3c4f1b4a063e67eb33921ac206,0xbdbebd58cc8153ce74530bb342427579315915b2
B04,71,0xb06ab7d7ebf283791ae864edb009e1f4e2fda8eb,71.56,47480176,2026-06-18T02:28:19.000000Z,0x8cb160ed6d5cf344a0a6bc9588477e1e2da2ee9c063eeaa511c11e4bc6ab9a90,0x4b5c33c3c7a31bd108f5a99b64683b0056a62226
B04,72,0xb17ef74ceaa366b4ecf2634fc9a3a5c99bdbecba,1550.52,47480178,2026-06-18T02:28:23.000000Z,0xb405f44f4cb2a6e2e0b31b19a281014550cbb507d441134f299521aab2fb1a16,0x501ef174b66883ba40f92e6fb24bfb49331d4d4c
B04,73,0xb673913d0c1326c21358306d384f2ba3d3bb5a9e,1335.8300000000002,47480179,2026-06-18T02:28:25.000000Z,0xd44debf522cb3548df12ee001f6a57d1a21216a9a10b2b3740ec7dff66d4a422,0xbdbebd58cc8153ce74530bb342427579315915b2
B04,74,0xb6e777e38bcf7cd9e36a5afb91105c3f771960d0,1097.28,47480181,2026-06-18T02:28:29.000000Z,0xdf70d69d4be37b7e91d4e1b6d08c64bebc7d28288a9f692f1e0f724316b59f51,0x501ef174b66883ba40f92e6fb24bfb49331d4d4c
B04,75,0xbc4f95b146640f5c8f4a7dc48a7a46758c89e21a,1526.67,47480182,2026-06-18T02:28:31.000000Z,0x870acf649c99a1961f5e84f9de84ea5d5ce188e00d92b0008239a9ed345ecec9,0xbdbebd58cc8153ce74530bb342427579315915b2
B04,76,0xbfd26416eb28fc9ae2cdc186fcdcdec185ff2a1e,2027.6,47480184,2026-06-18T02:28:35.000000Z,0x4fb3c050f1d295a7b3c735d83c230b4bd91ca534f3316198ab6365f801a6dbda,0x4b5c33c3c7a31bd108f5a99b64683b0056a62226
B04,77,0xc4572814e93a2e9c126fb22aab818af35647e87b,1001.8700000000001,47480185,2026-06-18T02:28:37.000000Z,0x8463a19b5835cbdf43aeaa15611bb580edfb6a853b398cfada80ac02fb0002fe,0x1278c1e48e3c9548a5d9f2b16dc27ed311b0697c
B04,78,0xc988505ce8c512a0697455f5fca982029ddada52,1288.1299999999999,47480187,2026-06-18T02:28:41.000000Z,0x8a408cc717a5aa7021035b93773bf02f52783c5642eb49759c1c614e535594aa,0xbdbebd58cc8153ce74530bb342427579315915b2
B04,79,0xc9e39e86f521ac307aeeb6cdcb320eeb53d73184,1192.7,47480189,2026-06-18T02:28:45.000000Z,0x9304f2e531d82fc5096621bef7241b70789241257a51ec18636e76475a30b1b8,0x1278c1e48e3c9548a5d9f2b16dc27ed311b0697c
B04,80,0xcfff605eca9eddf63a3c553632db2b93fa43bf0b,667.9100000000001,47480190,2026-06-18T02:28:47.000000Z,0xb54cbfd3f61eeed91f437273908da0b1056b00cc48744979ada0b031524b25b9,0xbdbebd58cc8153ce74530bb342427579315915b2
B04,81,0xd032f29e5bd8d81215791fc9fda6c62938e8dcb7,1836.77,47480192,2026-06-18T02:28:51.000000Z,0xdc4d0c5f4de03ce5d774039a33000e3eef16b71bbdf82c3cdad92160dc087767,0x1278c1e48e3c9548a5d9f2b16dc27ed311b0697c
B04,82,0xd69ae8f194aa122f349d07635f3eda7a12ab3dfa,1550.52,47480194,2026-06-18T02:28:55.000000Z,0x7d562267069c40763576b77601a2f6ea1226669047a0e9019a759736c1fa4b7c,0x501ef174b66883ba40f92e6fb24bfb49331d4d4c
B04,83,0xd7d0bc5ada170c5ec0c00b60e2bd0fbdedb5c8d8,4341.45,47480195,2026-06-18T02:28:57.000000Z,0xe048e3e4d234f9a70dba2e13e41eecba5daedaae491e0c2ff401e71a25ee444e,0xbdbebd58cc8153ce74530bb342427579315915b2
B04,84,0xd90539bd7b28cf036092d20a01e37d5859e1dbf6,1288.12,47480197,2026-06-18T02:29:01.000000Z,0x4185bd842bed0294258921d0c8eac6fe4fe480ecb11d3241fbcc00bda10b4b19,0x501ef174b66883ba40f92e6fb24bfb49331d4d4c
B04,85,0xdcd231cb72f809b7eef70e4bf69d503949a76878,71.56,47480199,2026-06-18T02:29:05.000000Z,0xe26ab9eeea90742a1cbfe6a95674169e5daca58be813e67e9838bd3ce65013c7,0x501ef174b66883ba40f92e6fb24bfb49331d4d4c
B04,86,0xddc349abafc9f14b6f8e5dd971bd4f466fbe827f,2528.54,47480200,2026-06-18T02:29:07.000000Z,0x33a88db3fe23a5674356c1bf08230c7edb8c609b8c5d1b83f52aac5405e09700,0x1278c1e48e3c9548a5d9f2b16dc27ed311b0697c
B04,87,0xdf318d7b3ad2679ffcaaf905e4c922765c612fc3,1288.12,47480202,2026-06-18T02:29:11.000000Z,0x057f19b5ebebb701c7e32dc792fb669b752b75338f9e9760f3b0525dd2800bc9,0x4b5c33c3c7a31bd108f5a99b64683b0056a62226
B04,88,0xe2ab2769649c6adeb26370c998e2f87c731fae2d,3745.1,47480204,2026-06-18T02:29:15.000000Z,0xa8dd4d96775a0b003aa7122da56a8bd82e97aa03860165c6ba62ce98d852be18,0x501ef174b66883ba40f92e6fb24bfb49331d4d4c
B04,89,0xe4051b3b5361b65695f4e124d834b68e87d09b42,1025.72,47480205,2026-06-18T02:29:17.000000Z,0xfc517bd79aa37904b4d0fb144a9c485453c5e2d7d46d8138a1b8f1a9b9dc7c93,0x1278c1e48e3c9548a5d9f2b16dc27ed311b0697c
B04,90,0xe8a91e3fb942a170f998d30750714202cf51aa55,667.9100000000001,47480207,2026-06-18T02:29:21.000000Z,0x5007caf66e671bbe9f5a96685e8386d2edbc73380ec47d70d84b44237650602d,0xbdbebd58cc8153ce74530bb342427579315915b2
B04,91,0xe90efd53f59d5870de23ea605357d3684de5743a,1025.72,47480209,2026-06-18T02:29:25.000000Z,0x9925d0869ee56a9b2a933d19d4a1d8f8aecd9f8579d983bf08be30d125249450,0x501ef174b66883ba40f92e6fb24bfb49331d4d4c
B04,92,0xec5d7424eafa2eb3849a212a916de03e26494a55,4222.18,47480210,2026-06-18T02:29:27.000000Z,0xf6ad9e7b815547c5a26c91f76af89b0aae6a61823ccfb5fe764aed63c1995acf,0x4b5c33c3c7a31bd108f5a99b64683b0056a62226
B04,93,0xedce2239526c91a4bb7297d2eaeaa8691777599f,95.41,47480212,2026-06-18T02:29:31.000000Z,0xf554d60a270d1ec0eb138f9a23d67e3f0bfa13e6011afa190b37dcabaab7b6b3,0xbdbebd58cc8153ce74530bb342427579315915b2
B04,94,0xf316395cbf5c2739a3231045719ab3fb6d0c2d59,978.01,47480214,2026-06-18T02:29:35.000000Z,0xad5de93b8bc351056e9fca953256987213944b009243847e605c06c998b11196,0x1278c1e48e3c9548a5d9f2b16dc27ed311b0697c
B04,95,0xf5e6fb7a608ad1d2ca0a1209df4753f864557e75,21850.35,47480215,2026-06-18T02:29:37.000000Z,0x357ff6bf4c35c80ac1754b590f1c19afbc5fc8a6221e9e2fe25eeb80f43f88dd,0x4b5c33c3c7a31bd108f5a99b64683b0056a62226
B04,96,0xf638be9c74b38774176c3e1fbd43a4007baa46a5,18391.51,47480217,2026-06-18T02:29:41.000000Z,0x75c468170c20ac28087e91132aa96e85c415fc60c5d922b31a11035584cbbe16,0x4b5c33c3c7a31bd108f5a99b64683b0056a62226
B04,97,0xf734fad597a2ed3deddededb2d0a6f7848b7ec34,2528.54,47480219,2026-06-18T02:29:45.000000Z,0xce1b079b72ea3499ee56e5bb16ab709369ee6973afa844c43cdae737f15e447e,0x4b5c33c3c7a31bd108f5a99b64683b0056a62226
B04,98,0xfcc96be9370f4ce95e70e78e6d25004e8eb48cc3,71.56,47480220,2026-06-18T02:29:47.000000Z,0x392e075af4337679c6d7ad24141e76990e80c5a2a481d319137140ca1648e4c2,0x501ef174b66883ba40f92e6fb24bfb49331d4d4c
B04,99,0xffa02c38013c7373c2dc640bfbad8a97064dc850,4675.41,47480222,2026-06-18T02:29:51.000000Z,0xa7783a6c98c2a6e463c78e396dffcf5b4973853853bef9882cd2d663036846fa,0x4b5c33c3c7a31bd108f5a99b64683b0056a62226
B04,100,0xffc8195c065ca873870a4f0a2e48b4f2b7ff1107,2170.73,47480224,2026-06-18T02:29:55.000000Z,0x9beed682c756523660b0b15e2c39f54de1e383431e093d3d0568b6b1f59ff275,0xbdbebd58cc8153ce74530bb342427579315915b2
B05,1,0x03bb6b66cb3ed641f1d4c4ec925b8eaf1b69b8ce,27335.56,47481944,2026-06-18T03:27:15.000000Z,0x215a3a8cc6fd41c2e414c407515988859c73e53b243f5e060d3a9855cd714cdb,0x501ef174b66883ba40f92e6fb24bfb49331d4d4c
B05,2,0x059ca43b2fdea29d2688156f14cec2197b0d315e,2900.33,47481946,2026-06-18T03:27:19.000000Z,0xf00384a35079c949be569832d45128a172d9b6d44b565b2f0940cc8ad9a4e41d,0x501ef174b66883ba40f92e6fb24bfb49331d4d4c
B05,3,0x13edcf62fc8101228a0f3cf7a2ab9dc461f8b166,1546.84,47481948,2026-06-18T03:27:23.000000Z,0x879c8e3d595cce25d24d03feed6417a753024d1d77b373f7bf074108d9746fed,0x1278c1e48e3c9548a5d9f2b16dc27ed311b0697c
B05,4,0x163eb889ec4fec33c4dd25d9a5be476ffa808350,7565.0199999999995,47481950,2026-06-18T03:27:27.000000Z,0x19795c0e3bfdbfe75471642abf5c194c016c1639dd64e72222616ddfd105080f,0x4b5c33c3c7a31bd108f5a99b64683b0056a62226
B05,5,0x18f3385ebd95adfe8995dcde3640efbf3a62a74d,1957.72,47481952,2026-06-18T03:27:31.000000Z,0xef3f9a01399306997efb7562d2593c2800be843ca15d0a4f8435555b39867973,0xbdbebd58cc8153ce74530bb342427579315915b2
B05,6,0x195e00d98577185d312f29406c6241a487f1d395,96.67,47481954,2026-06-18T03:27:35.000000Z,0xb5c7366e83d38f0323d2c52dc8704306ad56a705fb1c7c927277d2d5cd4169d9,0xbdbebd58cc8153ce74530bb342427579315915b2
B05,7,0x196fecd5a85bd376623b74961c10f06d6198e120,169.18,47481956,2026-06-18T03:27:39.000000Z,0x1d3810946cbf4b0e77dcd0f8d7d7d0a90e6f1165b02c72b759f114ab28049f15,0xbdbebd58cc8153ce74530bb342427579315915b2
B05,8,0x1aa5393713c8032e80f2b2780376f876fac1cba2,2392.77,47481958,2026-06-18T03:27:43.000000Z,0x6cec8459ad4aaf9174e116c20a459f394a70664ed4374876f4fdb65da42770c6,0x4b5c33c3c7a31bd108f5a99b64683b0056a62226
B05,9,0x1f2e641a6973b09a9a86808b9f99f55c3fe469bd,3166.1899999999996,47481960,2026-06-18T03:27:47.000000Z,0x68b8c8403f9f69806780b8298815540f779af636d4dd3d8720074d813b023acf,0x4b5c33c3c7a31bd108f5a99b64683b0056a62226
B05,10,0x2066f411dae9fd57abd2d3894a5fe009d43fc568,9474.400000000001,47481962,2026-06-18T03:27:51.000000Z,0x1b8b955704fdb3d106a31f1a5cc0ab6648c7f0eb7fdb67bc35ab72a746f2e698,0x501ef174b66883ba40f92e6fb24bfb49331d4d4c
B05,11,0x215b0c7c1daa677fa08cfc6ce1dae4c4d2c22af5,2030.23,47481964,2026-06-18T03:27:55.000000Z,0x50d037632359ffaaae0bd6e9f8a141bb93858f82b614ebc6537c770cea208f01,0x4b5c33c3c7a31bd108f5a99b64683b0056a62226
B05,12,0x21ed14f5066dde2500ed267ac612ec655b962d6d,1353.49,47481966,2026-06-18T03:27:59.000000Z,0x61dc505da34eda33760d0f716e0573bc0613b543393fbf58d3e801c10b47828b,0x501ef174b66883ba40f92e6fb24bfb49331d4d4c
B05,13,0x263bccb85c2d1ec4649adf20532fb67aebc392ca,1498.51,47481968,2026-06-18T03:28:03.000000Z,0x8cddf1be3a9be6f18f9d74444affdd2c18a0bcd8eb22ad1819705b4bd316c9df,0x4b5c33c3c7a31bd108f5a99b64683b0056a62226
B05,14,0x27730ee7e0955564c787452a8472b2deaa9673fe,3794.6,47481970,2026-06-18T03:28:07.000000Z,0x465a242d154aa5b124267dde0746ecc0590d4bdd27eed64fdb223dbe08384fba,0x1278c1e48e3c9548a5d9f2b16dc27ed311b0697c
B05,15,0x290a8f5d3cdf3cd3c6cc409de9265d6f1c1eda25,2030.23,47481972,2026-06-18T03:28:11.000000Z,0xb10ef8674ad4747fcb4c885bf47c8dad5b73316731af5e0000b2eb3b449faaad,0x501ef174b66883ba40f92e6fb24bfb49331d4d4c
B05,16,0x2b52996d9355a93a36bd8df9f7b6a76d1b0ba3d2,1353.49,47481974,2026-06-18T03:28:15.000000Z,0x4e70ff3d39cf7816b39e27e58109e5c79a72c1e9d557f7cee39568347a4c2da7,0xbdbebd58cc8153ce74530bb342427579315915b2
B05,17,0x2f46b0b83877fa4d8bc9b4587dcf46f3edbd4645,96.67,47481976,2026-06-18T03:28:19.000000Z,0xe9c64b9600fa913b7cd68a2f212ea2cbc4cf2e1e4ee38eb910da579978ffc2ab,0x1278c1e48e3c9548a5d9f2b16dc27ed311b0697c
B05,18,0x2f4e0885d393396f7c7ffd99bdd4bd252c7ce385,1909.39,47481978,2026-06-18T03:28:23.000000Z,0xc83b600e8f646a34c69924577408095e5b60872b362fbfbbb9b07e0546952da7,0xbdbebd58cc8153ce74530bb342427579315915b2
B05,19,0x30d4b90a98f88eb2d642ee9a55d1c0870c3abb62,2030.23,47481980,2026-06-18T03:28:27.000000Z,0x27bf673c9fb89fec3b77fc404c1372cd1879613164d110213fa4f56bb512c329,0x4b5c33c3c7a31bd108f5a99b64683b0056a62226
B05,20,0x32b1b8ebee321c6c1e780c1179d2a8d1cdf46669,1256.8,47481982,2026-06-18T03:28:31.000000Z,0xd1a3d63e93c731127d40ad285af668f81ff9d08db95751129de9262ba1af35d4,0xbdbebd58cc8153ce74530bb342427579315915b2
B05,21,0x33d6d3c69d4cc16f260b733bb71f9c6918632ef2,3939.61,47481984,2026-06-18T03:28:35.000000Z,0xf2e5271e0cd1a5c0becf52b71d660bf65da517bd6e9713c82221ce41f5ae5093,0x501ef174b66883ba40f92e6fb24bfb49331d4d4c
B05,22,0x35524516cb02ee3be0528ec7e05ab309ef8d9fe5,1305.1399999999999,47481986,2026-06-18T03:28:39.000000Z,0x9721963a572a389627c68426d5ffee09f3c6a1e43cecbc53dd8a0470e7163d6d,0xbdbebd58cc8153ce74530bb342427579315915b2
B05,23,0x393c7f8445cf280e8dba3b9ad788dd3f8e3f36cf,1401.8300000000002,47481988,2026-06-18T03:28:43.000000Z,0xdafb89d86d5e30b55c93cd1ff8e5ce249406b3e7fe47a0f9dfc1d94acc05f735,0x1278c1e48e3c9548a5d9f2b16dc27ed311b0697c
B05,24,0x3bf1ea352e173ad227e2407055f873a9c75d8b15,1111.79,47481990,2026-06-18T03:28:47.000000Z,0x25a3d326591ae87335345573affe44173626fd8b3c25b2527398271de0524791,0x501ef174b66883ba40f92e6fb24bfb49331d4d4c
B05,25,0x3c941123cf538d7a6f7ef937c1b74f000489325a,2682.81,47481991,2026-06-18T03:28:49.000000Z,0x1e8091b4380d0dd8957fbf4274ed76227447797f3447f4df7ffe46dbd21e3d89,0x1278c1e48e3c9548a5d9f2b16dc27ed311b0697c
B05,26,0x3fc14b892601e78aa5ea0dccb4f4f33fae986435,1522.68,47481993,2026-06-18T03:28:53.000000Z,0x88649d059b32b5402c635fccda21048b2f2a2e59035dcb5c0a7592e10692c007,0xbdbebd58cc8153ce74530bb342427579315915b2
B05,27,0x4189b5cab52cbfee1eccca6a8111a7e5efe62d9d,1280.97,47481995,2026-06-18T03:28:57.000000Z,0x84ea16e8afc950a44e7316f21abd323876738e9777305b4c25a762bcadf6ecdb,0x1278c1e48e3c9548a5d9f2b16dc27ed311b0697c
B05,28,0x41954591334bbaa900ad15fa4299c2c2ba80fb95,1280.97,47481997,2026-06-18T03:29:01.000000Z,0xa21861a6bcf311d8043fc5da272b5c4a215d339b0e046255842f5ce068f75414,0x4b5c33c3c7a31bd108f5a99b64683b0056a62226
B05,29,0x4311d42ae73f353a04ebee48902fbebf02891426,2924.5,47481999,2026-06-18T03:29:05.000000Z,0x5e4533e61db3561b13f3fd6958fca168c796d66f07e3cc66358f1981f2b15df7,0x501ef174b66883ba40f92e6fb24bfb49331d4d4c
B05,30,0x43e6048f30ddef153bf704b93ad298cfee3e0140,1426,47482001,2026-06-18T03:29:09.000000Z,0xe5aa62b63e7ad413f250e0cc9aad1b82717fc30fd6774ce99a400a500ea6519c,0xbdbebd58cc8153ce74530bb342427579315915b2
B05,31,0x448039b16ec584c8d17baf9183212d6abf2c6fde,1426,47482003,2026-06-18T03:29:13.000000Z,0x5af01befd2089dc093634d3aacc9076b24a7b60c6c54deb42025e5a8c8cc89c9,0x4b5c33c3c7a31bd108f5a99b64683b0056a62226
B05,32,0x452dc0d07e98bc486436272dcd334ca159747895,23009.25,47482005,2026-06-18T03:29:17.000000Z,0xdab9bec1c874cac4301a09e8be4676f4a404171518a82f252ce9a5415fa4e43e,0x4b5c33c3c7a31bd108f5a99b64683b0056a62226
B05,33,0x456b5906cbb5b45b298aada3383356f02e884e95,96.67,47482007,2026-06-18T03:29:21.000000Z,0x0eadced35965e3ffd0280c5acc51612e2fed9becb0091e205e9da0e1f92f3981,0x1278c1e48e3c9548a5d9f2b16dc27ed311b0697c
B05,34,0x4619e0c613b78325b86dcc45b5b65eec9b614a0c,96.67,47482008,2026-06-18T03:29:23.000000Z,0xd9f0cd7c21b8a7a69a040bd67a587f2693855f3341f6e1ccd7d62f21b068b6bd,0x1278c1e48e3c9548a5d9f2b16dc27ed311b0697c
B05,35,0x49821ba5eac0420e2f6ccf9115496edc9d6fd036,3166.1899999999996,47482010,2026-06-18T03:29:27.000000Z,0xfa36a55797b7fc85569c6776af8fe5dae8adb74105fb77bc87f68251bef619f4,0xbdbebd58cc8153ce74530bb342427579315915b2
B05,36,0x4cbf7ac149b622cc5451baeb9bbc81a37657a37d,1957.72,47482012,2026-06-18T03:29:31.000000Z,0x3013ce13691251454b2147d3d81e638a0172bb6f6a25edb7179d83c74d82398d,0x4b5c33c3c7a31bd108f5a99b64683b0056a62226
B05,37,0x4d61a9a19ce2b448e3a812d94bf156fc4bb3102a,5413.94,47482014,2026-06-18T03:29:35.000000Z,0xd55c484dd93fb2c86fc0413fa7b9fd228cf426d238b44f761f9a3cccf5a4b090,0xbdbebd58cc8153ce74530bb342427579315915b2
B05,38,0x55711c70d9d6c3f20d2796e38eb36e5f212626f6,96.67,47482016,2026-06-18T03:29:39.000000Z,0x13ff1a5983f99f24008faf295585af27884fc36d1eb82e4665f572a4b62594a4,0xbdbebd58cc8153ce74530bb342427579315915b2
B05,39,0x5757ac2d985a35e8b44662785d9c2820bf2b1140,1474.34,47482018,2026-06-18T03:29:43.000000Z,0xfe699e77d252d9604fab7631a0ecc0c0a4595a59dff6d67d252c0ee5f5f787db,0x4b5c33c3c7a31bd108f5a99b64683b0056a62226
B05,40,0x5880909337160c37a7793cbd709e75671779e1de,3794.6,47482020,2026-06-18T03:29:47.000000Z,0x93bce169b4400ab7eafe03d2fe833eba41a71895547c8dfee13f0f15c4772cbb,0x501ef174b66883ba40f92e6fb24bfb49331d4d4c
B05,41,0x5962f39d894adb323d2acb123754de357844e6c1,1135.96,47482022,2026-06-18T03:29:51.000000Z,0xaadd7f78d73f342d39661e4ae1fd259b2cbac3ddcbab667286ce42b936648090,0x4b5c33c3c7a31bd108f5a99b64683b0056a62226
B05,42,0x5d9cae83d6999170b7ed570247e752fb1dfe2bee,1256.8,47482024,2026-06-18T03:29:55.000000Z,0x09508e06e0327f134ebb51b6be8d7229bfe81f048e180eba09994a06de46a2f5,0x1278c1e48e3c9548a5d9f2b16dc27ed311b0697c
B05,43,0x5e55d03f610aafd61cd2126c796331979eaa2145,1740.2,47482026,2026-06-18T03:29:59.000000Z,0x3e88dfbcdbbbe2765fa9d9297419026bdb5024d5edf200b20168fe8346459ad7,0x501ef174b66883ba40f92e6fb24bfb49331d4d4c
B05,44,0x5ff073d02c258136ca72edb43e99b75a54484ce3,96.67,47482028,2026-06-18T03:30:03.000000Z,0xd59417bbc83d419af4209e4aeea7a13d7bde984f1cf362ba81d94da5621770af,0x1278c1e48e3c9548a5d9f2b16dc27ed311b0697c
B05,45,0x611e449b4fd4e8028fe346fec66a22382bc26a65,1256.8,47482030,2026-06-18T03:30:07.000000Z,0x5cd8f1eef631accecf88b41415a38272521560dfcf1ba5f9491acc81ca112abc,0x1278c1e48e3c9548a5d9f2b16dc27ed311b0697c
B05,46,0x646ac2a5df0c1147e0ff790ceb10db5285dfce61,1111.79,47482032,2026-06-18T03:30:11.000000Z,0x0fe3f10380904fa5d86b7a528a77d17e08029933f7cfc40a0b3b5756b935f52f,0x501ef174b66883ba40f92e6fb24bfb49331d4d4c
B05,47,0x68f2e585f29548766f6622ec388ddaf38949ac83,531.72,47482034,2026-06-18T03:30:15.000000Z,0x42eb6b5f9ef9079cb663e354b57473c588d5251ca6aee95fb05d83901d910d16,0x1278c1e48e3c9548a5d9f2b16dc27ed311b0697c
B05,48,0x6977f2bf525493aa34eb8e849bcbf7859f618678,120.84,47482036,2026-06-18T03:30:19.000000Z,0x4456d7ab398e45b57c1f99c597a5788a247a265a16c020fbecc25ee254b54567,0xbdbebd58cc8153ce74530bb342427579315915b2
B05,49,0x69d9f914fafc7fbbfbbe9d54759051b916f57df5,1232.63,47482038,2026-06-18T03:30:23.000000Z,0x31368f8edc468e00be1e90f174fa597366e52d683705a274bf02dae6b5a92950,0x4b5c33c3c7a31bd108f5a99b64683b0056a62226
B05,50,0x6b4372c594c788db3cfa639d6f12be140dacc549,1232.63,47482040,2026-06-18T03:30:27.000000Z,0x3d9b78f48cf011f67a6e86e27b060a70ccbf928a01b642c858db1d6f5fd85c8b,0x4b5c33c3c7a31bd108f5a99b64683b0056a62226
B05,51,0x6d395b54b13eea045ef1e739cdfc6afa32db9761,1087.62,47482042,2026-06-18T03:30:31.000000Z,0x6036b479fff7356f93f1bc0d8565b19b34ff6f3ab0dd861d645faa06c5680266,0xbdbebd58cc8153ce74530bb342427579315915b2
B05,52,0x6e4c9e2a054c7fe37856f67876881f66f188aaeb,1619.3500000000001,47482044,2026-06-18T03:30:35.000000Z,0xb678d859721f1e8175b67a7ddf44dcf1902af6d00059bc6ca37a23eea40b6dc0,0xbdbebd58cc8153ce74530bb342427579315915b2
B05,53,0x6ff1333b71f5c6e495763e768ac2daa0a913d066,1861.05,47482046,2026-06-18T03:30:39.000000Z,0x70e7e13fcaddf581d09020ab51452336cb88f7a57938b8b70ed85851fd08eaba,0xbdbebd58cc8153ce74530bb342427579315915b2
B05,54,0x70fe4186415d95a4393a4daf4a6db8137315c80f,1256.8,47482048,2026-06-18T03:30:43.000000Z,0x7622616307530838e1c7c23190a0d465d3bbd5be27c886d2a7ae703094d5f488,0x501ef174b66883ba40f92e6fb24bfb49331d4d4c
B05,55,0x732aebbad7e23c26b17ca4531f303b966c7e984a,1280.97,47482050,2026-06-18T03:30:47.000000Z,0x7feb878035901baf18cd0ba389824f160e8d71f82d68b1316e185b40866ae898,0x501ef174b66883ba40f92e6fb24bfb49331d4d4c
B05,56,0x7340e58475fb47e2e5082887756ed7ebc8424b9d,290.03,47482051,2026-06-18T03:30:49.000000Z,0x1011689373ee5dcf6d51da3294f603a4abd485aee92f97c7c737ea8e9ef4dd04,0x501ef174b66883ba40f92e6fb24bfb49331d4d4c
B05,57,0x78b49387661c8a2c69dec0a392dacba90def165b,1691.86,47482053,2026-06-18T03:30:53.000000Z,0x73a7eb4a23ae7074fb7afdd45925a645a0144086cc234f906be67235012a8869,0xbdbebd58cc8153ce74530bb342427579315915b2
B05,58,0x7a5e9fc0911ba5fc926eb1903c4b7ff5ab22d71b,1522.68,47482055,2026-06-18T03:30:57.000000Z,0xe904aa010a9df8647a694b89d73c42912831620d3275ead24ecb0a248567b9d7,0x501ef174b66883ba40f92e6fb24bfb49331d4d4c
B05,59,0x8121240db5ef63a1a8fd034f2c1d7d8f87fb171d,1232.63,47482057,2026-06-18T03:31:01.000000Z,0x42a5644bb6701ea05c2134111cf836b655aff28820fada1eea88d44c8d0c59b7,0x1278c1e48e3c9548a5d9f2b16dc27ed311b0697c
B05,60,0x840967ac8d2477b6af45ebaaa7be205cbd501fa1,96.67,47482059,2026-06-18T03:31:05.000000Z,0x15ade046fb2303531d41705f1f82714fe901366a80efbf6b610baf413bc45155,0x501ef174b66883ba40f92e6fb24bfb49331d4d4c
B05,61,0x854866d45a3d8b2b20e161319dcfe17d6bacc1b3,845.92,47482062,2026-06-18T03:31:11.000000Z,0x97df7f20cc6831b5fa9a31e168180dd8fb304aae92cc33d77e0499e89da85662,0x501ef174b66883ba40f92e6fb24bfb49331d4d4c
B05,62,0x86e92b56f9c14b24f03f7198db74addb50c7d2e6,1305.15,47482063,2026-06-18T03:31:13.000000Z,0x149175b57a72fc94436a92cf200b3fae18602c64e049b650247bcb60ca451c41,0x501ef174b66883ba40f92e6fb24bfb49331d4d4c
B05,63,0x8929e4fd4be8cedd9542067845c7863db519cce2,2102.74,47482065,2026-06-18T03:31:17.000000Z,0x3d669f98d6263f6e0320be608a2d0f293f0ce9d51d9f1c6f06b27a37751fa8c0,0x1278c1e48e3c9548a5d9f2b16dc27ed311b0697c
B05,64,0x89a96bd4ff7caa953ffa4762ae60ff705d87d65c,5438.11,47482067,2026-06-18T03:31:21.000000Z,0x80e69345565653ebf40f55da6e1f2602545338ea23c69b50222c2e32429e8f8f,0x1278c1e48e3c9548a5d9f2b16dc27ed311b0697c
B05,65,0x8d664c45905caa3296d1a0fad11a45b4a805e2e8,1111.79,47482068,2026-06-18T03:31:23.000000Z,0x8dfede09fca2ac21ade7819331ca43bcde30dea7f702be9b931216b0fcfca253,0xbdbebd58cc8153ce74530bb342427579315915b2
B05,66,0x91089f3160ef5581aa5f883e336c7a9cc01afb0e,1232.63,47482070,2026-06-18T03:31:27.000000Z,0xb9dc530393c3460acdca671658878246611b31817f03910ac171ed4af8c528b1,0x1278c1e48e3c9548a5d9f2b16dc27ed311b0697c
B05,67,0x92841ddc2292093c6ffea4228727f5091ee2e42b,1256.8,47482071,2026-06-18T03:31:29.000000Z,0x7cfd256f7f53f2d04a76065b0d6bc0eb0746e31e6d6fa3eb090b83d0dfa70185,0xbdbebd58cc8153ce74530bb342427579315915b2
B05,68,0x9339a87866c8fb8484465e79210976675384d6ff,1256.8,47482073,2026-06-18T03:31:33.000000Z,0x63c9e09e1c2ca703967db8560075135d67f08e8523c77e646c029520209c2af3,0x4b5c33c3c7a31bd108f5a99b64683b0056a62226
B05,69,0x98fce7a0456c9d47e9327d767e05070bcbd4fc72,1861.05,47482074,2026-06-18T03:31:35.000000Z,0xf3e0a0e56242723a7356439cba9761fe15844434507306a11d8e8b9a2dbb7022,0x501ef174b66883ba40f92e6fb24bfb49331d4d4c
B05,70,0x9c4b827e3c8d7068af730aa008daedd56f05488f,290.03,47482076,2026-06-18T03:31:39.000000Z,0xfc40f451ce40b522df814a4dd9e23ceae9badbb54aade41b3acf62938b2dc92e,0xbdbebd58cc8153ce74530bb342427579315915b2
B05,71,0xa05c018e947125ec3909b44aa85af995cc6d9e5e,1377.66,47482078,2026-06-18T03:31:43.000000Z,0x950ca2e879973fd6b03d2344a364bcff2b3abbe2b6cf6c990defbd4609b40681,0xbdbebd58cc8153ce74530bb342427579315915b2
B05,72,0xa0c7aa081de616e46e1c32480dc66b621a8fd41f,4664.6900000000005,47482080,2026-06-18T03:31:47.000000Z,0x7586bd23438cfa851654069e6ba07052d2f9b45012a50541e829b79f93839d94,0x1278c1e48e3c9548a5d9f2b16dc27ed311b0697c
B05,73,0xa25c8a541c54ca5738248a2f180f109601d225ca,1063.45,47482082,2026-06-18T03:31:51.000000Z,0x718a2d5b480c83292e926be0fda1c7e9e1e366dc7b4fecbcd2753f0efc51e4bd,0x501ef174b66883ba40f92e6fb24bfb49331d4d4c
B05,74,0xa461290a272621f72c310092cfd45fc7cf65971d,7565.0199999999995,47482084,2026-06-18T03:31:55.000000Z,0x56d09c03a4ac18ad4a91c799923f60c798f11352d56ba6c35c0a3097240b2bb3,0xbdbebd58cc8153ce74530bb342427579315915b2
B05,75,0xa7d6e450aba61f9c02eb800244c0e0deddea493e,1353.49,47482086,2026-06-18T03:31:59.000000Z,0x1dfe3f72479eb94aa4d94e5afaf66f73f3574477e3b45178215037db4a674c6b,0x501ef174b66883ba40f92e6fb24bfb49331d4d4c
B05,76,0xac7fe704122dc3333effbe58081645e219d7b9a5,13148.14,47482088,2026-06-18T03:32:03.000000Z,0xbec08fe3cc43cef5411d192aa4d42be0c7627e873fe44201e8baa3eb46748e6f,0x501ef174b66883ba40f92e6fb24bfb49331d4d4c
B05,77,0xadb69c7348140409b322c01324444d556bcfe036,96.67,47482090,2026-06-18T03:32:07.000000Z,0x653d20ecb90224a054df3c6dd23066b95b9e1d889abe45321c8ead3183451687,0x1278c1e48e3c9548a5d9f2b16dc27ed311b0697c
B05,78,0xb86218bb1627e92952590d78042320e9d92e73e8,2416.94,47482091,2026-06-18T03:32:09.000000Z,0x172410d0598e1a1040b2163e6a54364474a766426e73985fa60d1255e0495f8c,0xbdbebd58cc8153ce74530bb342427579315915b2
B05,79,0xc0b440dd71e78134dd1341f610880583c9f6673a,3214.53,47482093,2026-06-18T03:32:13.000000Z,0x3764d6cd046f60d9337e6543f82cbcbb78f8d678f3ad48f594b07cca0f1decb2,0xbdbebd58cc8153ce74530bb342427579315915b2
B05,80,0xc0c2048545c644ceed42c853f2de5b0fba86a650,3939.61,47482095,2026-06-18T03:32:17.000000Z,0x26fae36c1fd5142ba72f128737ae633043a3697e19bc531d325a60f5d65be4e4,0x501ef174b66883ba40f92e6fb24bfb49331d4d4c
B05,81,0xc59cc02bf1910a9579be949e586a368a173143e8,1401.8300000000002,47482097,2026-06-18T03:32:21.000000Z,0x27378f54042d15d66e9021aee579d7d47b9d7e82158244fa6eba5e2a62622b2a,0xbdbebd58cc8153ce74530bb342427579315915b2
B05,82,0xc7aa59ea856f89d7728303ab0d91ee9cc5b6b0f1,1256.8,47482099,2026-06-18T03:32:25.000000Z,0x0b1204c3dc12ea70f76b356a5dce57bcfc985f333aa378a1d05385056ba3e8fe,0x4b5c33c3c7a31bd108f5a99b64683b0056a62226
B05,83,0xca247c9e580010adc35e38203c0656aa43c55481,1836.88,47482101,2026-06-18T03:32:29.000000Z,0xd0e720e4c9f8d5d5e0020107a914b9784e6d206455d0fb3e4cd1198080dc8d60,0x501ef174b66883ba40f92e6fb24bfb49331d4d4c
B05,84,0xca3d7e0debc785d659fcc7c4b0b28eb4f4255941,1232.63,47482103,2026-06-18T03:32:33.000000Z,0x28c767ab8793f3198edca2234d3b1ffd3cd47116f5e6a7dbfacc7a2a6e8240bb,0x1278c1e48e3c9548a5d9f2b16dc27ed311b0697c
B05,85,0xcabf94366074cf1a0d0bad3f9b8e66f3a85f5c5a,120.84,47482105,2026-06-18T03:32:37.000000Z,0xa794986edc3d19ed69a9b100d245b99f12c261791b93e0f715d7a70d8bf2bed7,0xbdbebd58cc8153ce74530bb342427579315915b2
B05,86,0xcffa2d28f239b53dec274a8caaf2c4d3fcb84a25,2731.14,47482107,2026-06-18T03:32:41.000000Z,0x30203f2e16341778cf12cfa59261c52824073d3d46f12328229d23da08c31073,0x1278c1e48e3c9548a5d9f2b16dc27ed311b0697c
B05,87,0xd1784bd7b7d7c169c17f2f659029036acbf8cfc8,96.67,47482108,2026-06-18T03:32:43.000000Z,0x63dd066690b23183f01ceac1af3cf5bbff7211f345121f6b541914889ea838ef,0x4b5c33c3c7a31bd108f5a99b64683b0056a62226
B05,88,0xd52f43802b80fc34dec84aee9c78281d215ef506,5848.99,47482110,2026-06-18T03:32:47.000000Z,0x8bb5eda531084ab973750624baa276e11e9d7ee9feb43803b4fd5f0e1ab08ab0,0xbdbebd58cc8153ce74530bb342427579315915b2
B05,89,0xdd36091cd69f7580bd34bcae992252f678812b6b,2102.74,47482112,2026-06-18T03:32:51.000000Z,0xcffbcc77a0f1bd9d92ea1660b6e14800fde602edece072a40ab24910d94a765b,0xbdbebd58cc8153ce74530bb342427579315915b2
B05,90,0xe45c785e9ffc1e47f956d693a9fd1bcc3e54c3e3,628.4,47482115,2026-06-18T03:32:57.000000Z,0x0208fde9a813d720a5d873a16abd853878efc30915840a0ce04edbccd4b55fd7,0xbdbebd58cc8153ce74530bb342427579315915b2
B05,91,0xe6d72b2df14a511abb6dbc0d26eae3348bb2d1e9,1377.66,47482117,2026-06-18T03:33:01.000000Z,0x6d47fe0cd88944fb7573ceab11a70d148906e998a24f9528ed6d7087a776e650,0x1278c1e48e3c9548a5d9f2b16dc27ed311b0697c
B05,92,0xed12b45e996e4049695ea06c997f57cc36731240,1087.62,47482119,2026-06-18T03:33:05.000000Z,0xc81e40491dec8fed8987da916d24e74c645c989218cb4f808cdd70054aa92836,0x501ef174b66883ba40f92e6fb24bfb49331d4d4c
B05,93,0xed30615f79ddb44b85b71d0b7e2e643e5643aaa1,1063.45,47482120,2026-06-18T03:33:07.000000Z,0x9b2eaef8acad424dd8bef7a0efe1a726811293109a0bc81fdddae7c5128f93d4,0x4b5c33c3c7a31bd108f5a99b64683b0056a62226
B05,94,0xefed16babc64252d54e01d1d21ffc18d4485f9aa,96.67,47482122,2026-06-18T03:33:11.000000Z,0x69f4d8badbdcdd431e1c3142a71b6d39d5036325b6429d1c0dc40d7c3cbdee22,0x4b5c33c3c7a31bd108f5a99b64683b0056a62226
B05,95,0xf3662da9ed16c54ff613295f4b4e50a6691e8b47,120.84,47482123,2026-06-18T03:33:13.000000Z,0x9cfa966468b8a3a0154511e8662ed20bc81f22a59e8aea413f5261940c2b5495,0x4b5c33c3c7a31bd108f5a99b64683b0056a62226
B05,96,0xf8ab27bc96c758930a80ece0afb4e73c21510d03,1329.32,47482125,2026-06-18T03:33:17.000000Z,0xb7e75743cfca19fda9c8d9947d4f80d325530bd6692f733e71becdead9125fd0,0x501ef174b66883ba40f92e6fb24bfb49331d4d4c
B05,97,0xfa3b5354be10fcce73fd4b3cfdb08f42b24a0d22,1135.96,47482126,2026-06-18T03:33:19.000000Z,0x7d7675c201984be11ca19ab592c93d3d5ed20ff82272988df9cffd2cb374890e,0x4b5c33c3c7a31bd108f5a99b64683b0056a62226
B05,98,0xfb0997012067fe1215de373ba9ed4043ccc19d2e,96.67,47482128,2026-06-18T03:33:23.000000Z,0x14a3088699f335c40c01f9cb23c5769ff6bdfc4a0b78109fa76b03780b18101c,0x501ef174b66883ba40f92e6fb24bfb49331d4d4c
B05,99,0xfcbe239fd9a4dfea2a9eaadf9ba31d4c6b8757c2,2900.33,47482129,2026-06-18T03:33:25.000000Z,0xdadff945df9bd45337aae5ae20c920b6c9f2535244ff6cb9dc10a645c70b7a85,0x1278c1e48e3c9548a5d9f2b16dc27ed311b0697c
B05,100,0xfe42ed1559a753f428194367d496280d3563bf37,4664.6900000000005,47482131,2026-06-18T03:33:29.000000Z,0x5731bcabd63656db5fbb891e1dc4ae9fd11824f07a926a8fef8994953b31a198,0x4b5c33c3c7a31bd108f5a99b64683b0056a62226
B06,1,0x00855f0a7fe9108a923bea58e9faaf90486fa4ea,143.51,47482199,2026-06-18T03:35:45.000000Z,0x0fe98c54aa8e09c4d3c6c915d56bd3d2a56c801959a89e1500d4485dbf6b34a4,0x1278c1e48e3c9548a5d9f2b16dc27ed311b0697c
B06,2,0x02c088f760b482d1747fd6b0b63385cf814a713c,1937.43,47482201,2026-06-18T03:35:49.000000Z,0xd77103401ded45ccac8fde97ca75a130bac706a7e9c0635ee9c68b7fff147c98,0x1278c1e48e3c9548a5d9f2b16dc27ed311b0697c
B06,3,0x0509e9e4322b36694a5f8e5334472a4358c83ed6,7462.68,47482203,2026-06-18T03:35:53.000000Z,0x84d4b0e879603a06fe4d1c739766050fa16111a2437c9f2f7534be8a567799d9,0x501ef174b66883ba40f92e6fb24bfb49331d4d4c
B06,4,0x052460d322b08e3027f505a35c9c6657b4db4bfb,1722.16,47482205,2026-06-18T03:35:57.000000Z,0x4992e080035459155d29e0c0c7faffb886212ea7da71b902be3a3f2de3c3069f,0x4b5c33c3c7a31bd108f5a99b64683b0056a62226
B06,5,0x052d86f7f82be8dbd52bc44c85e007d538a46bba,1722.16,47482206,2026-06-18T03:35:59.000000Z,0xbe439ca3a7600153c38f0f318f0a2f4da5448659a99f50d6c87f5ec91de1467e,0x1278c1e48e3c9548a5d9f2b16dc27ed311b0697c
B06,6,0x0705f1748a6a2a576f0a3e119c8f7b3815aa261d,95.67,47482208,2026-06-18T03:36:03.000000Z,0x7aad239190d3cd10683c4aaec260ae8be9fe6c28cf05e148557e82032c715d51,0xbdbebd58cc8153ce74530bb342427579315915b2
B06,7,0x0ea398d67cf0a777dc40170a388a412dc6b7cf24,3539.9900000000002,47482210,2026-06-18T03:36:07.000000Z,0x2e624acfe3c7b7272480e40672a8e8bbcf08e64ea01671212a94454cfa64bf9f,0x501ef174b66883ba40f92e6fb24bfb49331d4d4c
B06,8,0x1119fadb394cd2a21eb9c7e600e461db3b32b620,10619.96,47482212,2026-06-18T03:36:11.000000Z,0x1488753c4ef9e7c30c135d544ec281dd28499379ed533b0f94fcbada99aeedb3,0x4b5c33c3c7a31bd108f5a99b64683b0056a62226
B06,9,0x115f0d06a21502c3fc3ce487017f0953337be75c,1841.75,47482214,2026-06-18T03:36:15.000000Z,0x71fef36eda68be9fde137135008c915fde12905767142c9062d8c8f14dd770b7,0x1278c1e48e3c9548a5d9f2b16dc27ed311b0697c
B06,10,0x134951b3dccbeeb65713013f34da12bcafcfafa5,1506.88,47482216,2026-06-18T03:36:19.000000Z,0x3ce0f0cd22e7cc65a4f315e237b318405a1a584ff1b585892d05e14a04380580,0x501ef174b66883ba40f92e6fb24bfb49331d4d4c
B06,11,0x2031e0a0caaf3327560be5068d9c9cc83da2261e,95.67,47482218,2026-06-18T03:36:23.000000Z,0xd39086a7039bb000509528af9efee6d2b3a3ff444c2af85c43f966439f0d0772,0xbdbebd58cc8153ce74530bb342427579315915b2
B06,12,0x22ebaace6ff21638986f61f84a404d2abffefd70,1459.04,47482220,2026-06-18T03:36:27.000000Z,0x06d9273394ee9160aab48194bb88120f85b4d76bd4681b87e7b523d5f06e6121,0x501ef174b66883ba40f92e6fb24bfb49331d4d4c
B06,13,0x2304478448ae407dd4ba78a608d53db089fa709e,5931.87,47482222,2026-06-18T03:36:31.000000Z,0x24ebe95205e5b3a827c93600874e5fe343436e60fbfbb234298ee8e82ea13d2e,0x501ef174b66883ba40f92e6fb24bfb49331d4d4c
B06,14,0x2747609d8825af7ba76cfec4a5ceafb7b834608a,95.67,47482224,2026-06-18T03:36:35.000000Z,0x0c9562228f5e2ee2c4af5dcd5d27c96e045860fb480143df63f14ac19517448d,0x4b5c33c3c7a31bd108f5a99b64683b0056a62226
B06,15,0x2b4a8c4acf574b0ee42de3687ee2d66eebec1d75,2080.94,47482226,2026-06-18T03:36:39.000000Z,0xc3eb73bb176d87f6ce0519ac783f35131f9af7bbfaab40971fcaefc4613001b6,0x4b5c33c3c7a31bd108f5a99b64683b0056a62226
B06,16,0x30056dff08e1d9922588d88a0990ab7da5d161bd,1650.39,47482228,2026-06-18T03:36:43.000000Z,0x097ee23b3436817fab56a272911baa3f470cf202130e2e29df1a8ac723619e69,0x1278c1e48e3c9548a5d9f2b16dc27ed311b0697c
B06,17,0x309e1d6a9c12b30e9f91a6ae58f04dd68cf8d307,1722.16,47482230,2026-06-18T03:36:47.000000Z,0xca648116a32bba108c68cee11f8aef1638fe443756f9febed10fc8d9bfecd1be,0x4b5c33c3c7a31bd108f5a99b64683b0056a62226
B06,18,0x341429bc4fa8e939615850d240922f77fecdc33a,95.67,47482232,2026-06-18T03:36:51.000000Z,0x70a25e8c009f2b138bf26a1891616cfe1d47764e11c0e2bf0f6a1d5f5481c803,0x4b5c33c3c7a31bd108f5a99b64683b0056a62226
B06,19,0x34ee3f8321c3b526104ae868836ac0f48fbdbd75,95.67,47482234,2026-06-18T03:36:55.000000Z,0xafebd829d09fd26c1a10f2324b52f091a698a5b87e7e89ef6a2527d3691dff59,0x4b5c33c3c7a31bd108f5a99b64683b0056a62226
B06,20,0x3e21b939b093ca47a614789ea9e94358ae4fead9,1865.67,47482236,2026-06-18T03:36:59.000000Z,0x7082d1f034782df5b23ee9c0876b780d97dc0434a3b99291d602d9bab1653f30,0xbdbebd58cc8153ce74530bb342427579315915b2
B06,21,0x3fd3ab8871e18260029a113475f646063fce7a77,1817.84,47482238,2026-06-18T03:37:03.000000Z,0xe5fbb5e1ef1b6ffdf71720956af045ff8b0b2ff3bf8fbf3fe8e0f5fbeb3b3081,0x4b5c33c3c7a31bd108f5a99b64683b0056a62226
B06,22,0x407aaee11a1d2855625fdc8d764c46ba27066f6b,1578.64,47482240,2026-06-18T03:37:07.000000Z,0x0e9fa656228fbafd901a1b0ebc87bc8dd7ebb0084365fa8e30c4ba963bca0f2c,0xbdbebd58cc8153ce74530bb342427579315915b2
B06,23,0x40c0d43e2c2770f8bdf40d42a2dbe8b383eb2b19,191.35,47482242,2026-06-18T03:37:11.000000Z,0xcb77f24c934efab76dd5d245dfab2e6f855d835c7eab657d5fe7a5f06e96cae3,0xbdbebd58cc8153ce74530bb342427579315915b2
B06,24,0x423fbcf53f3c70dacbf17312804da43ffdbd83e2,6553.76,47482244,2026-06-18T03:37:15.000000Z,0x1d05ded9ea7c896d8f4cf59aa5be5925b381dbef24fd396d7987d13d0c2c823f,0x501ef174b66883ba40f92e6fb24bfb49331d4d4c
B06,25,0x49414f6a3c3b4497b96bc2a5bab60f0ac94a5331,3013.7799999999997,47482246,2026-06-18T03:37:19.000000Z,0xa3741016ddf449cd71a0e7a7075e8d0e469c5e6c596feaacf433530d7c2396d7,0x1278c1e48e3c9548a5d9f2b16dc27ed311b0697c
B06,26,0x4dc1de4d2cda56c907aa74f0c0e47cc45db6b10e,1291.61,47482248,2026-06-18T03:37:23.000000Z,0xa99345c9fa64e6c36682ce250c54a3dbc3e3968bbb25797a31c071d7ea88e036,0x1278c1e48e3c9548a5d9f2b16dc27ed311b0697c
B06,27,0x4f2e4aa8aadede05cb0d152bc397600aafdf2ba6,143.51,47482250,2026-06-18T03:37:27.000000Z,0xab453753fcbf974f726a7b764e5d863a2ff8af6ef1ec0cec06217fc11f7cfe80,0x501ef174b66883ba40f92e6fb24bfb49331d4d4c
B06,28,0x51a076ace6551e170467219433ac857943e76106,3252.97,47482252,2026-06-18T03:37:31.000000Z,0x3c27f3904c9f92ca080b842ed5871c7df3fcc12d479b6017db4a6a9b260d11a6,0xbdbebd58cc8153ce74530bb342427579315915b2
B06,29,0x55b7b130527d4861754c0f70a36c7a06637f75dc,1482.96,47482254,2026-06-18T03:37:35.000000Z,0x0f5b9d7e99033ca40bcba758bebff3c1e615990c6da2989d8959612e564c2329,0x4b5c33c3c7a31bd108f5a99b64683b0056a62226
B06,30,0x5b5af978857d4df4591e4043ccd1e3b8ccb7b5f4,1961.3500000000001,47482256,2026-06-18T03:37:39.000000Z,0x7fca53f8c80eada94e6651a94bc0b066ecdb9c621eaf247a4d69ef9cb9373627,0xbdbebd58cc8153ce74530bb342427579315915b2
B06,31,0x5d16d084be7f79b8ee2505f64d9127905e9fc4f0,1913.51,47482258,2026-06-18T03:37:43.000000Z,0xa5b424789f75cca7bfec6998286bcea3d5f4fe480ffaff34609492438374828f,0xbdbebd58cc8153ce74530bb342427579315915b2
B06,32,0x5f1e8db295d93aedd3f1ee14de2be7f19b909811,2367.9700000000003,47482260,2026-06-18T03:37:47.000000Z,0x87e40b3b646c9e4feb35caa7df0ba01d4b261be1e3eb5a297c3dbd9d094de721,0x4b5c33c3c7a31bd108f5a99b64683b0056a62226
B06,33,0x61c86c34b748a124a3f3510bb64864432aae8752,3037.7,47482262,2026-06-18T03:37:51.000000Z,0x864303ed9647e1869a05599957c83f88cebb4832f827a259f54a46d2d6c2ea54,0x501ef174b66883ba40f92e6fb24bfb49331d4d4c
B06,34,0x6393c3a26be04c1e1adad75c7f1e77dc1585ed83,1411.21,47482264,2026-06-18T03:37:55.000000Z,0xe34271ad3d66e81e64aeabcad23c1f03a5c6c8eebff2cea2614c9644123a8e9e,0xbdbebd58cc8153ce74530bb342427579315915b2
B06,35,0x643ad9ca33f86b3c6a316ce2601e0e00fecc09de,2583.24,47482266,2026-06-18T03:37:59.000000Z,0xff667f585042bd5e4e03fc95d2d70e0fbf23bdb29dfc4972cdfc872d6613d63f,0x4b5c33c3c7a31bd108f5a99b64683b0056a62226
B06,36,0x683b4d4bad292b246b4aa47ac1f9fa54fa50bedb,1865.67,47482268,2026-06-18T03:38:03.000000Z,0x55556afcb3fbcd2470d920330403daba2770afa5c9458fd1d9d61b234cc71f4d,0xbdbebd58cc8153ce74530bb342427579315915b2
B06,37,0x69aa149b7173cc966df4c1ffabf7a5b5e810cc12,1291.61,47482270,2026-06-18T03:38:07.000000Z,0x979b554aeaddaac510c3ade9c7cb395f7dee006353617a7de2b26e6199fc5ac2,0xbdbebd58cc8153ce74530bb342427579315915b2
B06,38,0x6a913292da9381fa107764c6fb0a1e142b7814f5,1243.77,47482272,2026-06-18T03:38:11.000000Z,0x8abfa65fd3655110d1c55b12860ed05c5f1e430a92e884447718519dba495bf1,0xbdbebd58cc8153ce74530bb342427579315915b2
B06,39,0x6b39f31d727dd6405a5dced2bcca01b8b553bc11,1865.67,47482274,2026-06-18T03:38:15.000000Z,0x218a5eb259947655fb36af4f01e7d7ab72e9f7f8c69fe93c857fae2ff519213a,0xbdbebd58cc8153ce74530bb342427579315915b2
B06,40,0x6d6c173d85587dae75e5b07ae8c11b84127be007,1291.61,47482276,2026-06-18T03:38:19.000000Z,0x897119fcacd4a7098231688e0d7b5ccd5dcb9788b0473b458886d6c197ab8376,0xbdbebd58cc8153ce74530bb342427579315915b2
B06,41,0x72d871f84bd22015a78e7dc05cac5596e3aa8316,1411.21,47482278,2026-06-18T03:38:23.000000Z,0x783ab4ceadc30b823df4dee5606bad129798d421cfa3453693a79e0ca94ed5d4,0x4b5c33c3c7a31bd108f5a99b64683b0056a62226
B06,42,0x76c502711bc4e4e8a011c8e10cd2da61fbca7e92,25784.5,47482280,2026-06-18T03:38:27.000000Z,0x629f421cb48d4c4a30e7ac90f54894e02505413a2be499495ebcae4eb0ccda52,0x1278c1e48e3c9548a5d9f2b16dc27ed311b0697c
B06,43,0x778c11fd5ef1378997780600b512f3571c68f65f,717.56,47482282,2026-06-18T03:38:31.000000Z,0x2373866342e0536df6900b4977e49cb3464a820a1ad6e48122aabffd04c9ddf2,0x4b5c33c3c7a31bd108f5a99b64683b0056a62226
B06,44,0x77f94f196bc558589c88802a98fbd24935ec5de2,1387.29,47482284,2026-06-18T03:38:35.000000Z,0xb315c07c27f07eedf6d530f81469b430bf37b053b06d0958335fa39c5a8ba629,0x1278c1e48e3c9548a5d9f2b16dc27ed311b0697c
B06,45,0x7cf48da3e4e509fea5fec31a8621193c36c6a671,2678.91,47482286,2026-06-18T03:38:39.000000Z,0x58bc3f4a21039b2d51c8ca7ac53a989fb295fd8df86f76100af805ff9eb06618,0x4b5c33c3c7a31bd108f5a99b64683b0056a62226
B06,46,0x7d2d5c7dd739775149d5831bab1d014492e18708,1243.77,47482288,2026-06-18T03:38:43.000000Z,0x8b07eb2990370a778dfe8eec68656d6f1867060ca76a80e2fe1301e581575726,0x4b5c33c3c7a31bd108f5a99b64683b0056a62226
B06,47,0x7f2b42a613c2df70f1a3e5004814587b22508617,1459.04,47482290,2026-06-18T03:38:47.000000Z,0xd65879b66e0957870f9f81e3404ca766e0f407745745df198af2981134938c33,0x1278c1e48e3c9548a5d9f2b16dc27ed311b0697c
B06,48,0x7fafb54e3bf53c81274e0b07833c3b7225841f4c,1650.4,47482292,2026-06-18T03:38:51.000000Z,0xea0d531a54c1b70c0d6d20f2ea5dbdf6e805247c34a6f131972c5fdccf63ebc4,0xbdbebd58cc8153ce74530bb342427579315915b2
B06,49,0x82b5c0f3ff29e8dd45f05c319ef05ab0b2982023,1889.5900000000001,47482294,2026-06-18T03:38:55.000000Z,0xd754ecca2f37c7db6b459317aa4dcb2be9be615c4c68c2ce36c30c7cf7900e90,0x1278c1e48e3c9548a5d9f2b16dc27ed311b0697c
B06,50,0x835593df39c8f4959c706f902d6dce707636ffeb,4066.21,47482296,2026-06-18T03:38:59.000000Z,0x4c3a33abb7926f10d6cf9d1f4be94f16e891159b3edff5425355550404f109e0,0x4b5c33c3c7a31bd108f5a99b64683b0056a62226
B06,51,0x86b7d3bdd7dcbf947005a8b8b59b105de1210650,1578.64,47482298,2026-06-18T03:39:03.000000Z,0x902f0a0d2fc720d2a2e79b698a7089f3ff62bf26418995e81f6ac00a0f5844b6,0x501ef174b66883ba40f92e6fb24bfb49331d4d4c
B06,52,0x86d3447544ea2a18e3c9b1767b0d7faa48ed9e09,95.67,47482299,2026-06-18T03:39:05.000000Z,0xf8f270dbc1290b93a939e60e92ea5a4aa8cd5c93f42a806e6e1fe4efa3625722,0x501ef174b66883ba40f92e6fb24bfb49331d4d4c
B06,53,0x8abdd4c4d717a1f0d44867f70211c83761ad297e,95.67,47482301,2026-06-18T03:39:09.000000Z,0x47174bd3132ce5fdabc1efe6a348ee74fa37f4446b4d9eb53a82e1cfde210759,0x501ef174b66883ba40f92e6fb24bfb49331d4d4c
B06,54,0x8f55647d41156cc563453984b723927716283d13,95.67,47482302,2026-06-18T03:39:11.000000Z,0x7a49e894eb4e658cf0e295da06219236d74e988a1a8d8a7cc552a1deb617ec3e,0x501ef174b66883ba40f92e6fb24bfb49331d4d4c
B06,55,0x91037145ab082f3bb25a99714e0a02b6631ebc61,2176.6200000000003,47482303,2026-06-18T03:39:13.000000Z,0xcdc398db644379813b2603f36fdf4a1c38a3a184b13c0fdc56481d781ea9317f,0xbdbebd58cc8153ce74530bb342427579315915b2
B06,56,0x91eea5f9d005496067dd72e54531b29b71c14308,2152.7000000000003,47482305,2026-06-18T03:39:17.000000Z,0x646d5a13f0d65dd19b8862422602888f228bb12c3cb8c82f3da4089b89e93046,0xbdbebd58cc8153ce74530bb342427579315915b2
B06,57,0x97be56a8b76d30e2cfcc7c2cddc9f58d6bb760c1,1674.32,47482307,2026-06-18T03:39:21.000000Z,0x4b2890215d910dc088cc7cda42fa632d68c77432b1a8b56cfbb1cb8a173e384d,0xbdbebd58cc8153ce74530bb342427579315915b2
B06,58,0x984a2fec9d0f8b3f04b0d05496eb1c6b7685a49d,2846.35,47482309,2026-06-18T03:39:25.000000Z,0x8c6ccd1dcfeaa9c57fd9099939c9e88ab150fce443899df8c378d7d9605c7332,0x4b5c33c3c7a31bd108f5a99b64683b0056a62226
B06,59,0x988f98f0210024e592f3ceb258a3b029531d34ef,2248.37,47482311,2026-06-18T03:39:29.000000Z,0x8aa2b7ff73df30a6adc4d3fabd096474d8faf15c615859f4613a01794227bcda,0x1278c1e48e3c9548a5d9f2b16dc27ed311b0697c
B06,60,0x9ab40e6ab9ce8b5efb6a98f5e738279804fb0345,1506.88,47482313,2026-06-18T03:39:33.000000Z,0xda040f197241fc7f1f9874f43dab023867e2aca446c09299a0da2d98389e5e51,0x501ef174b66883ba40f92e6fb24bfb49331d4d4c
B06,61,0x9c8395a59b93d5e339b23d87a9b43e77d568c405,1530.8,47482315,2026-06-18T03:39:37.000000Z,0xc5ee64edae920fb7ba11c9b163574af7ac5f6fe531b1f4f0f5372f13213e856b,0x501ef174b66883ba40f92e6fb24bfb49331d4d4c
B06,62,0xa3951577baa53637899022a748bede0ac31ddcdc,2248.37,47482317,2026-06-18T03:39:41.000000Z,0x8e643d9d924952a40b8a5e1131d4c62d5190aa86362bc3437ac82929aebf13ac,0x1278c1e48e3c9548a5d9f2b16dc27ed311b0697c
B06,63,0xa3e52a6abd6f009b9e73e0a59f0ea54fc374feb7,2176.6200000000003,47482319,2026-06-18T03:39:45.000000Z,0x3da57e9a1ed7b43cd66cc1f9cae73af8fe615bf1236f9974ec9fd049fc732b82,0x501ef174b66883ba40f92e6fb24bfb49331d4d4c
B06,64,0xa9ada1ac0c7ebf0cf4152ed5027b96a7a9afd832,143.51,47482321,2026-06-18T03:39:49.000000Z,0x3b2bd3505f3fc722ee4109295a7da3d0b42a70a36358495514b6e764e0f7e0ee,0x1278c1e48e3c9548a5d9f2b16dc27ed311b0697c
B06,65,0xab8d1c4470b2569c8e8f18b9e82c95c4d8c55d69,1578.64,47482323,2026-06-18T03:39:53.000000Z,0xff85e0b797a721bbe0b0ca2762a973ba17964e6477bba808deace71ce5122baa,0xbdbebd58cc8153ce74530bb342427579315915b2
B06,66,0xac08200bff505862a713af926294581000043725,1578.64,47482325,2026-06-18T03:39:57.000000Z,0xe11bca1f726a4e7580f6dec97f88f79a213a39f79ae0df2ac5f97b63e7c2d2e4,0x501ef174b66883ba40f92e6fb24bfb49331d4d4c
B06,67,0xb0392054acb9d963121d4bfb427033269dfaa4dc,1578.64,47482327,2026-06-18T03:40:01.000000Z,0xd6150e7c6e5bb22f4d7d1e0a3f30728612beb70b2b8daf8819f356b096f6e03b,0x1278c1e48e3c9548a5d9f2b16dc27ed311b0697c
B06,68,0xb1be2f638b4aa3d37174d8b4a2b0f30cc9d97d1f,95.67,47482329,2026-06-18T03:40:05.000000Z,0x69a5be7af41d738e6d238b950db908f82a80cefe886edaefcd8221627ef937a8,0x501ef174b66883ba40f92e6fb24bfb49331d4d4c
B06,69,0xb1efd97da0f0af61e58d3ca413b76db84d6fb7fb,6553.76,47482331,2026-06-18T03:40:09.000000Z,0xcc177bc1fb411b0cc5283c25a80ea29e09de5f2366cdbe1da8210993216d71de,0x4b5c33c3c7a31bd108f5a99b64683b0056a62226
B06,70,0xb1f04fe86ff8053ed80ceb14b6e47dc801992720,3539.9900000000002,47482333,2026-06-18T03:40:13.000000Z,0x164967ea8ca160548837265f4ccf2368a5e4da61ef26c3f59e971cd2d7f5dc32,0x4b5c33c3c7a31bd108f5a99b64683b0056a62226
B06,71,0xb28dc3d7951a1267460e5d8174ee6b84ef69f06c,2846.35,47482335,2026-06-18T03:40:17.000000Z,0x10d1f4fa2b7d187c4ffffcd03dbabfb3cd26730bddb2183695d6ea8eceb6357a,0x1278c1e48e3c9548a5d9f2b16dc27ed311b0697c
B06,72,0xb2b7a88a2fb649d632a42740c8caf6afe87d0f76,1243.77,47482337,2026-06-18T03:40:21.000000Z,0x7686780ed54463b6f542f295c91a358db93339605d20ce8cb881460d4739a346,0x4b5c33c3c7a31bd108f5a99b64683b0056a62226
B06,73,0xb4707a77bfb2d378cd63180d045be8c3600e381c,2846.35,47482339,2026-06-18T03:40:25.000000Z,0xdab41b54a2b480a936dc1597fec4b42a9f1697a388252e7abce723a548686db4,0x4b5c33c3c7a31bd108f5a99b64683b0056a62226
B06,74,0xb4f059ea0dcf033accb33e855766c87d8d4c9668,4257.56,47482341,2026-06-18T03:40:29.000000Z,0x30d0a7daacc6879826932a9ede4226e9b5fd771eb4abac10a9a8e6dbc0b5749f,0x4b5c33c3c7a31bd108f5a99b64683b0056a62226
B06,75,0xb72443cb865ee517f6ddae084c8064e050d92339,813.24,47482343,2026-06-18T03:40:33.000000Z,0x8d19423fba7ae701dd64a4f2bec656727c58616b96ef8ffaa84b5a196f10ffa7,0x1278c1e48e3c9548a5d9f2b16dc27ed311b0697c
B06,76,0xbc6bf92d5f57c4919a1cdb8a881e3d49f55c1d27,1411.21,47482345,2026-06-18T03:40:37.000000Z,0xe766fe523c2f836ae4d45e4888b8a8cac4c9c1fc64af8b4c4a8e3f75e88d4e94,0x1278c1e48e3c9548a5d9f2b16dc27ed311b0697c
B06,77,0xc542569964d1fc176e67aa96a13e4a0bf13009c9,1482.96,47482347,2026-06-18T03:40:41.000000Z,0x07f46ee1019e8f10a9ee8d5da203fb0606f0de0b610742295521464673dd2821,0x1278c1e48e3c9548a5d9f2b16dc27ed311b0697c
B06,78,0xc581d685cea678662dfbec3c9e038986bcc8e846,2559.32,47482348,2026-06-18T03:40:43.000000Z,0xc8c4db06d969577fa039914ad049f89b3889eb2799acca420306fd4e0e9bb54b,0x4b5c33c3c7a31bd108f5a99b64683b0056a62226
B06,79,0xc6337013f14c65a49aebef749015f8cca527c92a,6099.31,47482350,2026-06-18T03:40:47.000000Z,0x5142bd0d268e672a2970b5bb249a0c144bb4976ac0d12db15cb9be4ac9a57cee,0x4b5c33c3c7a31bd108f5a99b64683b0056a62226
B06,80,0xc7be160a1443926bc5fe56a888a2a4f1769508fb,95.67,47482352,2026-06-18T03:40:51.000000Z,0xe5bfe6060b4c7a38558ea3c68d4f9baba64e8ce972f640241950dfd39287e4d2,0x501ef174b66883ba40f92e6fb24bfb49331d4d4c
B06,81,0xcf191b866b26bc0cc696805ef396e4fc1ff2f53d,4066.21,47482354,2026-06-18T03:40:55.000000Z,0x08339b6811d0fc0f4829223a00ae7af95ff1330fc16110cd02544d1c3cac2cf1,0x501ef174b66883ba40f92e6fb24bfb49331d4d4c
B06,82,0xcf3ae07ae2163bee8965d91b6e2645e898c6e763,621.88,47482356,2026-06-18T03:40:59.000000Z,0xec53263a40fd430e41d118c8351695bd58c7b55a880f399243b325d8b1b4a301,0x501ef174b66883ba40f92e6fb24bfb49331d4d4c
B06,83,0xcfcff8aa158c115338dd18bd1cbbdc029c71eaf5,1626.48,47482358,2026-06-18T03:41:03.000000Z,0x19965a0066ed0982c10e5637f6e2988fdae8be72d1d5decb89c6f6d2adfccda8,0xbdbebd58cc8153ce74530bb342427579315915b2
B06,84,0xd8fbcc603a609dc62eb8b104895441a5256d4939,7462.68,47482360,2026-06-18T03:41:07.000000Z,0xd17dee1a43c603b79bc63560cf3a68c146237ade5adb3edd6e689b84856b2e57,0x501ef174b66883ba40f92e6fb24bfb49331d4d4c
B06,85,0xda5ff1cc216b24665dee43ce993a87ba5899811a,1961.3500000000001,47482362,2026-06-18T03:41:11.000000Z,0x2dfbc1a8dae55b8e76240c97fd1622ac918482935faaf6d0c1eddb2866a8a6e9,0x4b5c33c3c7a31bd108f5a99b64683b0056a62226
B06,86,0xde45c45ae08810e08ba6861c4c9dea08733e291a,5238.2300000000005,47482364,2026-06-18T03:41:15.000000Z,0xade039caa1716f0fd0974203103bea30c56d46175b913adc6dabd9e2350649bb,0xbdbebd58cc8153ce74530bb342427579315915b2
B06,87,0xdfc28bf001517280273cdf68ac0ce017ea2d54fe,1387.29,47482366,2026-06-18T03:41:19.000000Z,0x585dac398c9af2226e7e63b18636cc002ae812672320c65582f5662fa0d83727,0x501ef174b66883ba40f92e6fb24bfb49331d4d4c
B06,88,0xe580855d4a2d9b08e5cec53cb4b9a3e8170867ed,6099.31,47482368,2026-06-18T03:41:23.000000Z,0x9cdfc1892be365be89c7f5c12f4c5cbe0ea072c358e90691701c19790b29c251,0xbdbebd58cc8153ce74530bb342427579315915b2
B06,89,0xe71d0a83e17ce20ed56290507fc7970396f2045a,1387.29,47482370,2026-06-18T03:41:27.000000Z,0xc64cdcf4dd192f089f28afe8d62cb1817dee8b4bc0d12af064e400d5debe4902,0xbdbebd58cc8153ce74530bb342427579315915b2
B06,90,0xe829a1276aa769c49b3410830bbbe2c9a091be35,5333.900000000001,47482372,2026-06-18T03:41:31.000000Z,0x387cbb57b8b04d50151d8b47ba0283e9d69eb4f9779970e4b9fcb50caa747885,0xbdbebd58cc8153ce74530bb342427579315915b2
B06,91,0xe86a647e2054de9b4be3c31ea6e47ecdbf4e2794,1865.67,47482374,2026-06-18T03:41:35.000000Z,0x1f06b2502992b1857c875e131c98b6e85d24a1d40bbdf67cbb556850f6b6bd02,0x4b5c33c3c7a31bd108f5a99b64683b0056a62226
B06,92,0xeb54cfbc85381d3d73e73ebea68bc1270751340d,1411.21,47482376,2026-06-18T03:41:39.000000Z,0x74394c5f91e219f2a0cce43d54ade71d059bf3d001a97ee64c7717677eeb4f23,0x501ef174b66883ba40f92e6fb24bfb49331d4d4c
B06,93,0xebd65a25327bfb44472728f6082e81319ffb4ef6,1459.04,47482378,2026-06-18T03:41:43.000000Z,0x512f18feb8eac305b1dc6e34f1499f1a0aab25fe728e5cd872adcdc36bbe2fa6,0x1278c1e48e3c9548a5d9f2b16dc27ed311b0697c
B06,94,0xec410e5068e93829acb8c96d4b10a4f7298449e1,95.67,47482380,2026-06-18T03:41:47.000000Z,0xe43249de936ec208f815f7ef0cf08d4726214630dd0e423969c3dd886e3a8326,0x4b5c33c3c7a31bd108f5a99b64683b0056a62226
B06,95,0xed332f0535a21b89682528a5121c7efa35ee6f17,6816.87,47482382,2026-06-18T03:41:51.000000Z,0x70b0dc3291872397e1f4a4f97e803a11794ff579a389f2c70fb1af0586234b05,0x4b5c33c3c7a31bd108f5a99b64683b0056a62226
B06,96,0xf4df089211dc6037b128b8aae989d767da815ac2,191.35,47482384,2026-06-18T03:41:55.000000Z,0x2b7f44756ea6589bd0ad14041a7c68e3d43bb382e7f36b8ad8e5b998713b19a9,0xbdbebd58cc8153ce74530bb342427579315915b2
B06,97,0xf6c69514ac35a3e0bd72d3251217edcac8755f49,1530.8,47482386,2026-06-18T03:41:59.000000Z,0xac6aefbee39d08ca735eb1cd7279cf07a1dd8f13fb5a99c43c1655aba1db7dbf,0x4b5c33c3c7a31bd108f5a99b64683b0056a62226
B06,98,0xf8b5c1f0958fb0052c06a8eff14f9916f105416a,95.67,47482388,2026-06-18T03:42:03.000000Z,0x48d2b58c50c03a8145253a57485cd8fd951a9e73cb9e6cd6a9d138b86ddd4ea6,0xbdbebd58cc8153ce74530bb342427579315915b2
B06,99,0xf8c9e4bf6aba197fea648220cac8890c96857a44,1841.75,47482390,2026-06-18T03:42:07.000000Z,0x301ee51d798a5bc6f21236f0bc6a4980aa3cb95ee0f68d11d4e880d3785b8ffa,0x1278c1e48e3c9548a5d9f2b16dc27ed311b0697c
B06,100,0xf9100162350ca64c68da0a0912ada9109bc3d3ec,1411.21,47482392,2026-06-18T03:42:11.000000Z,0xa846a0242610e169659a2d7be05b57e4f95977502e450c15c4a3e5264512c122,0x4b5c33c3c7a31bd108f5a99b64683b0056a62226
B07,1,0x035127bf8b26156347ff468295f6b462f58dd7e9,71.7,47482879,2026-06-18T03:58:25.000000Z,0xedb8950e5dccb5ef9a4dce466e78dd67c9714c93eb67844886bbad41474f57b1,0x4b5c33c3c7a31bd108f5a99b64683b0056a62226
B07,2,0x1138887ffb117543c52cb00559ad652fa5d6c44d,1577.55,47482881,2026-06-18T03:58:29.000000Z,0x9d1bac9bb15d1546bb06a91c5c798a8522bf0b4a9f45710d6e90b93188b7b9b2,0xbdbebd58cc8153ce74530bb342427579315915b2
B07,3,0x1d89d22689af808b7406100b409076d7604ca224,1027.79,47482883,2026-06-18T03:58:33.000000Z,0xa225117cf71c9be5ca876df30bd82c8c380d96706fa58bf8dd6bbd6d8952e9d1,0x4b5c33c3c7a31bd108f5a99b64683b0056a62226
B07,4,0x1d9cd151e24d368e7aaf7ca0c52f97f0b22f3ddf,1099.49,47482884,2026-06-18T03:58:35.000000Z,0x49a385af71ac763fde0c0453a74b534375d9ae5427dfeec980088bcd4dda55ad,0x1278c1e48e3c9548a5d9f2b16dc27ed311b0697c
B07,5,0x1f8892e2f4bd03d9698b70e52adb739f614dc330,1314.6200000000001,47482886,2026-06-18T03:58:39.000000Z,0x5afbfc85450bf0613d63e7be0c6a0c0274c198773732d752f3a6d89c1703b4d5,0xbdbebd58cc8153ce74530bb342427579315915b2
B07,6,0x287c973b31700494f8fc21ac52887e2da03649cf,1003.88,47482888,2026-06-18T03:58:43.000000Z,0xfb0e258f54b588085445fd4a5f27b2f00beae291b6c45c3869c77481d651907a,0x4b5c33c3c7a31bd108f5a99b64683b0056a62226
B07,7,0x2977c3f391d7b3d5fe3602473261cf0d28ed6cfd,1051.6899999999998,47482889,2026-06-18T03:58:45.000000Z,0x5e64bfe1157a1bdc7d33749fe41b812d16849099bd85cf7f59d28347b4e6ed2a,0x1278c1e48e3c9548a5d9f2b16dc27ed311b0697c
B07,8,0x2d531d801dc0f83b1f481f329d64955e09b4fb94,1027.79,47482890,2026-06-18T03:58:47.000000Z,0x75ecac3a2835929c0f6f0a4912ae67104b31bc270a626dd360dead42a12578db,0x4b5c33c3c7a31bd108f5a99b64683b0056a62226
B07,9,0x301b39bfb3a58920dcebeb04577210c56f41b858,71.7,47482892,2026-06-18T03:58:51.000000Z,0x8dbabd978bc298fa432aed5ce0534f6157058383b96316be314069bbbe6d5a74,0x4b5c33c3c7a31bd108f5a99b64683b0056a62226
B07,10,0x30bb40cb7e8871498e721350221f436703074af7,2557.5299999999997,47482893,2026-06-18T03:58:53.000000Z,0x6da3d2064a919e48595aacca4c720a185934fd29247865fc173c19c98e72fc05,0x4b5c33c3c7a31bd108f5a99b64683b0056a62226
B07,11,0x317ef9731bf60cafec672214b8713954885518e8,525.84,47482895,2026-06-18T03:58:57.000000Z,0xef70ffe096af8edf84f96d611a2b42a51d054acdeddcb35b0a930c53c30e12dd,0x1278c1e48e3c9548a5d9f2b16dc27ed311b0697c
B07,12,0x348f1dc8b716c0f66071881d14177e9c31b3207f,573.65,47482897,2026-06-18T03:59:01.000000Z,0x6c5a306bb12123d2a696b1417e3ebe32cb0d671082aeca65af49924ba891b8dc,0x1278c1e48e3c9548a5d9f2b16dc27ed311b0697c
B07,13,0x38c63fb8066ae635222f1d36bc75803ac422c1e1,95.6,47482899,2026-06-18T03:59:05.000000Z,0xd437380d878adad23c7af645409d7660cdc6953b80d2f15114e54235a74fb0bf,0x501ef174b66883ba40f92e6fb24bfb49331d4d4c
B07,14,0x38e4016ced87acb753dc490df56020fabe217988,1027.79,47482901,2026-06-18T03:59:09.000000Z,0x7ab17a38109eee387369bb41a2726e8c6aa3fb37f50530a986a0c7428ec92b3f,0x501ef174b66883ba40f92e6fb24bfb49331d4d4c
B07,15,0x3934bd58e215fa39b4a44c68b47da2c675e7a3e6,430.23,47482903,2026-06-18T03:59:13.000000Z,0xf5b4485c27d184cfad2070a1ce615ad8069e10b9fdab8546fd397b43f70e4edd,0x4b5c33c3c7a31bd108f5a99b64683b0056a62226
B07,16,0x39a2b560d3577e50d70a1f456095b7e9b9fefcb2,3178.99,47482905,2026-06-18T03:59:17.000000Z,0xcb48b8fcad4e4562bcb3806b39120edf454cab6d72e15e7b82873d652ed3183d,0x4b5c33c3c7a31bd108f5a99b64683b0056a62226
B07,17,0x3d53675255b178107b95bda30120428cad59ba74,1912.1799999999998,47482907,2026-06-18T03:59:21.000000Z,0xc2c4a5adff89feb478155a5a8d2205aae39dcd8c11def7016c16a9c2ef477773,0x501ef174b66883ba40f92e6fb24bfb49331d4d4c
B07,18,0x3f88be4db36f0f8575cb3d4e490b6e55acadb106,1027.79,47482909,2026-06-18T03:59:25.000000Z,0xc68d5113e128436a9c8ab41e11426f9d49618c1f3b3cf572d6cca4f42ab9ef1a,0x501ef174b66883ba40f92e6fb24bfb49331d4d4c
B07,19,0x400a21be7030d4bf02089acfc21f3a277d62c7af,1003.88,47482911,2026-06-18T03:59:29.000000Z,0xcd9351b8fc519ad868ebf6f40eb4e5547e0d63a9169533fd549a7c8aef1358b9,0xbdbebd58cc8153ce74530bb342427579315915b2
B07,20,0x41bf13467db3fba5afef8ddb40cea080e3d29c31,1362.43,47482913,2026-06-18T03:59:33.000000Z,0x29ccb021e4a8693c2738ee4ed824ed375aa80c6b3fd7e33b79493875f270ecf5,0x501ef174b66883ba40f92e6fb24bfb49331d4d4c
B07,21,0x425c32636b1fcdb72424ff25b81878e990968055,71.7,47482915,2026-06-18T03:59:37.000000Z,0xb2b8d81dbced971ea4d1cb100db927349c687ba6ebc82f5212a5054c4c89bb6a,0x501ef174b66883ba40f92e6fb24bfb49331d4d4c
B07,22,0x430ae090109dcec56f5aa132b8381ee3bb7c0e03,71.7,47482917,2026-06-18T03:59:41.000000Z,0x1dafa04c14f7b41a5aa27940c885d156da05e31514f92a6e66fe2f004fa0fcb6,0x501ef174b66883ba40f92e6fb24bfb49331d4d4c
B07,23,0x432394ff8653d3096ce9b797cd2a966d16efacd6,1219.01,47482919,2026-06-18T03:59:45.000000Z,0xe6c700f69ce63c1f209865fffe6fe8ad217d60d655cff01d1d1fc53a8b65e79b,0xbdbebd58cc8153ce74530bb342427579315915b2
B07,24,0x4a5af1a3d54cb8cff363d21ba1b0342b99ce994e,1410.23,47482921,2026-06-18T03:59:49.000000Z,0xb02b338022fed5c716f63acf98eb512a2efe0c7fb33dac0551f802c94a772b23,0x501ef174b66883ba40f92e6fb24bfb49331d4d4c
B07,25,0x4e86433002c11a1f3ff942b9eb3de37376048b18,2175.1,47482922,2026-06-18T03:59:51.000000Z,0x392a516de82ccc8a9167687d57111ef762d8b3dc1bff33ce30c0263a009f8c99,0x501ef174b66883ba40f92e6fb24bfb49331d4d4c
B07,26,0x53a0bf9047d8957576e2c89e255c93eb37d14fda,1051.6899999999998,47482924,2026-06-18T03:59:55.000000Z,0x2ed1baab85b97821b07bb831f671122f2d96a8373aebf2dd2eb145485ec66421,0x1278c1e48e3c9548a5d9f2b16dc27ed311b0697c
B07,27,0x57e6531d2d326ab2fde1592caee7603e3760abae,1314.6200000000001,47482926,2026-06-18T03:59:59.000000Z,0x1254302a693df55f0d924e3314f103690cdb024580ff5c7190460c3f44a7c9f0,0x501ef174b66883ba40f92e6fb24bfb49331d4d4c
B07,28,0x5ba24025660dbc041ea71fff6a0756ea71928d95,430.23,47482928,2026-06-18T04:00:03.000000Z,0x0c2ab3565ffc75f0bcd08b0b0af64b3fee053c422a5ac3e9d5372e615b233973,0x501ef174b66883ba40f92e6fb24bfb49331d4d4c
B07,29,0x5d275f34076bcec207bb7ef0d612e91fb9f4e311,18595.86,47482930,2026-06-18T04:00:07.000000Z,0x2428cdd6cb3db37c7baee8ebf8c5cfb95014f960211239be2745401185abbb99,0x501ef174b66883ba40f92e6fb24bfb49331d4d4c
B07,30,0x615fd6b3771a3c3e57f9fe681d30cc0ed327c9bc,1649.25,47482932,2026-06-18T04:00:11.000000Z,0x5ea39f6b554a750d04a689c5c1c6fb711e2580627555ff42c3adfc96fe7c43ac,0x501ef174b66883ba40f92e6fb24bfb49331d4d4c
B07,31,0x67af16d4a316c4fdc7c50cc8b407e08b46c7b7a6,1864.37,47482933,2026-06-18T04:00:13.000000Z,0x89a42f65834a1420809f86d85483038041c05a715f33ca0d69db8700571fc672,0x4b5c33c3c7a31bd108f5a99b64683b0056a62226
B07,32,0x690efac1d70c3257f1376153328975ac81d3773e,1051.6899999999998,47482935,2026-06-18T04:00:17.000000Z,0xb8b1d23abc0a609d38d52b9f33fa1337ebf3ec26b5bb136e18ce58dac23e1ba8,0x4b5c33c3c7a31bd108f5a99b64683b0056a62226
B07,33,0x6cbaa6620f6463ea2cfd0be2160cae310bfc2a9b,2557.5299999999997,47482936,2026-06-18T04:00:19.000000Z,0x7760e850d3f814f0bb22a362311445d3fedac88610695db362d19e6167600b95,0x1278c1e48e3c9548a5d9f2b16dc27ed311b0697c
B07,34,0x6d1e461e4d6d7831bc56edc040479e819574464a,5903.83,47482938,2026-06-18T04:00:23.000000Z,0xe0d9773fa3c2ddb3043288f12115d982a3e47782ed85ef589cb7293b1a872ee7,0x1278c1e48e3c9548a5d9f2b16dc27ed311b0697c
B07,35,0x6d88675992a5bae1d3ce537bda986308f976f5d6,884.3699999999999,47482940,2026-06-18T04:00:27.000000Z,0xbea464394405b66f1a631ffc52103970725b52be0b4b37f2f1bdc63c2b981dc1,0x501ef174b66883ba40f92e6fb24bfb49331d4d4c
B07,36,0x73b05f785c29a6ab14971881613f7a74d28701a3,908.28,47482942,2026-06-18T04:00:31.000000Z,0xbf7e2b31442dfbb408c56faaa2b075ea4ad493a6a60dfbcb42b3deb38ecb618c,0x4b5c33c3c7a31bd108f5a99b64683b0056a62226
B07,37,0x74341302fd87810a1c0d988c83f768e48877f2ca,95.6,47482944,2026-06-18T04:00:35.000000Z,0xc8085fd9af8207bcab9cf563376e9d76dbfb32fc5d6c7cb16c200cd374d744d9,0x1278c1e48e3c9548a5d9f2b16dc27ed311b0697c
B07,38,0x744c3fa5aa9d4a973ab8625d6816ad0974919d4b,1362.43,47482946,2026-06-18T04:00:39.000000Z,0x6c21dca0db7ab3764f242149f15ac9840daf32c431b1b1c8af4b03a1a55dbb3d,0x4b5c33c3c7a31bd108f5a99b64683b0056a62226
B07,39,0x76e0be63e8ce13d55ca50b67f8263aeab39625f6,1027.79,47482948,2026-06-18T04:00:43.000000Z,0x4c6e642293217b285f7f9372a6fda09180ae8f57942120cd278f375c0d2d11da,0x501ef174b66883ba40f92e6fb24bfb49331d4d4c
B07,40,0x79edcacb10f0fd5ff4348d34bf3cc3a089197fe3,71.7,47482950,2026-06-18T04:00:47.000000Z,0x4243b3cb2b01ea674bba092c324d2f0cf00b6f2403bba7dc27972780323e6ca3,0x501ef174b66883ba40f92e6fb24bfb49331d4d4c
B07,41,0x7aee1a1c32a46e47f3b5ebd197cdce5206bc19ac,239.02,47482952,2026-06-18T04:00:51.000000Z,0x55f034bf32ede43b515efd9e22dd3105590c02abe1b80913de5a59bb648a2d7d,0x501ef174b66883ba40f92e6fb24bfb49331d4d4c
B07,42,0x8581e3aa2b79c6b9b549f8cff6a6d451dad78684,1003.88,47482954,2026-06-18T04:00:55.000000Z,0xa3e76f8f66fd955e82cc0e342d31ccce2be195ea109453e10d4775c7688b1d7f,0xbdbebd58cc8153ce74530bb342427579315915b2
B07,43,0x864982c1c2384cc779a989a1392ab33bd72828ac,7672.59,47482956,2026-06-18T04:00:59.000000Z,0x57c0b8d3496b699fd505d2da301857f558839ceb88c984af5fe4c05af441cc1a,0x1278c1e48e3c9548a5d9f2b16dc27ed311b0697c
B07,44,0x87f5e82e3b2f6fc122173fba697994caf23fdbdb,1171.21,47482958,2026-06-18T04:01:03.000000Z,0x7593cca025fb7f7f689cf9ad50c91ad6138b69452d56ed1ebde2cf6cdbc725f6,0x4b5c33c3c7a31bd108f5a99b64683b0056a62226
B07,45,0x8b30717bc3e4941e25a4330396d961817ace1adb,1051.6899999999998,47482960,2026-06-18T04:01:07.000000Z,0x9bfd9c874b0ad96f41d1e876b9c4b327ff27f6c041c6cd4077c36f033de979ce,0x501ef174b66883ba40f92e6fb24bfb49331d4d4c
B07,46,0x8cc6cdb0a5a92bb79ee8725e0c9358310faaa58b,3848.25,47482961,2026-06-18T04:01:09.000000Z,0x95f76a9e3c55f9061ba0992baf61e693e40f255fd1edd49c51851393dee35719,0xbdbebd58cc8153ce74530bb342427579315915b2
B07,47,0x907af9d492dacb1f6323bcc1e9694e4cc8a68ee3,1003.88,47482963,2026-06-18T04:01:13.000000Z,0x433f7d1691392845f9f7f16d57cd1c6569982fab10a8a98a1f7d96dd95d79266,0xbdbebd58cc8153ce74530bb342427579315915b2
B07,48,0x92bf9660ff701af1148b22b883b8d9478453320e,1649.25,47482964,2026-06-18T04:01:15.000000Z,0x7573f480b85e4cdc8d31bcaaa0f7f9ece57d1139aae2fe2bfb64fe014fe41ace,0x4b5c33c3c7a31bd108f5a99b64683b0056a62226
B07,49,0x96f7dabeeba49598ad161602b60df57b9139ea49,1362.43,47482966,2026-06-18T04:01:19.000000Z,0xab0ee6f7062fda9c97ce13031543f6f18ab203bd5a5f08b67bcbc4623c650548,0x1278c1e48e3c9548a5d9f2b16dc27ed311b0697c
B07,50,0x98f84b09d76ac0068b0524d73dc796d17be79e0c,1577.55,47482968,2026-06-18T04:01:23.000000Z,0x5109d8bdd0acfd472db2dd0770e28afe23fb718997e1b2638e22d94a48600bee,0x1278c1e48e3c9548a5d9f2b16dc27ed311b0697c
B07,51,0x9e961bda628c2965e1b6627926a815bfb3cb2796,1266.82,47482970,2026-06-18T04:01:27.000000Z,0xd8869b3ceba6f2b66ef0089aa781076bf94f81dfb7d306fe44ff341efb463a8e,0xbdbebd58cc8153ce74530bb342427579315915b2
B07,52,0x9f79110409f51657b1a0ed48b8c6ec23f652b1a5,3776.54,47482971,2026-06-18T04:01:29.000000Z,0x2c8e6bfbd0accfec2f28e91cc429a75c056a2327984917ef72ebc5b47ecd265e,0xbdbebd58cc8153ce74530bb342427579315915b2
B07,53,0xa253bf0c7097b41a0638236c607f4ad64d1631a1,71.7,47482973,2026-06-18T04:01:33.000000Z,0xd1dc48e87781a4ae936632db7f7ec1c1412cd4326a7d035ed6ef30b4bbafddfb,0x4b5c33c3c7a31bd108f5a99b64683b0056a62226
B07,54,0xa2a77d649696f0b70225aac238ed10681fde9f99,1027.79,47482974,2026-06-18T04:01:35.000000Z,0xaf72e85290ef0f960435893c183cb7792b3ec327a8d900937556d214ef7c3db0,0xbdbebd58cc8153ce74530bb342427579315915b2
B07,55,0xa2d40ba02964051adaf00a9a73de8ddeb315adf4,1314.6200000000001,47482976,2026-06-18T04:01:39.000000Z,0x91b2a46155396c5a8d76cac82acf2ff9670420e9ccba039a14f36eac72db4354,0x4b5c33c3c7a31bd108f5a99b64683b0056a62226
B07,56,0xa4590e34944e2e55926aa1e2bf33a30aae2675fc,884.3699999999999,47482978,2026-06-18T04:01:43.000000Z,0x283e06cc46ff2bce88c2b1ab0f9ef89832e457424b4966b1bcbb533e6dcc4627,0x501ef174b66883ba40f92e6fb24bfb49331d4d4c
B07,57,0xa471a1960c2f474db832caaa785898f23539bf9d,1266.82,47482980,2026-06-18T04:01:47.000000Z,0x5f57b3acbc663ee6ec1bafa34b57744a1e6904399763abe9a25d5655994ebcd6,0x1278c1e48e3c9548a5d9f2b16dc27ed311b0697c
B07,58,0xa4d9c7fa6e9333daecc8b73572875ac3faba8757,4278.49,47482981,2026-06-18T04:01:49.000000Z,0x1b29e089fe9f09ec330de7919f67358ea946d8617efdd3bb199d5613a26cc98c,0x4b5c33c3c7a31bd108f5a99b64683b0056a62226
B07,59,0xac695b462af92a768293e6f66d3260cac09b5f93,95.6,47482983,2026-06-18T04:01:53.000000Z,0x29d95bbf3b8a6105a0b3a741cd3ebd97ddf24216da60190b11040fb0343bca76,0x1278c1e48e3c9548a5d9f2b16dc27ed311b0697c
B07,60,0xaf5c6b30d96885b908d460f51c03393929ba8f08,1099.49,47482984,2026-06-18T04:01:55.000000Z,0x3a62a9c7343f49c05866d158afe2e17c592a80b5535f110d38a0d193121be94d,0xbdbebd58cc8153ce74530bb342427579315915b2
B07,61,0xb052e82a533ab692a6d4b235d20de2c9a9f40380,1075.5900000000001,47482986,2026-06-18T04:01:59.000000Z,0x16c306089bee022eb31cf92f879f731b1de17c718ff02fcd13fd9fdf7cdc2185,0xbdbebd58cc8153ce74530bb342427579315915b2
B07,62,0xb1513437a16e65db7c99a662725390c9beee4c9a,95.6,47482988,2026-06-18T04:02:03.000000Z,0x3fa53cea8fb0ad6fdb46a35ed3de5c5ae8fa4b74ab915194bf107532374848c7,0x1278c1e48e3c9548a5d9f2b16dc27ed311b0697c
B07,63,0xb4b68692beb051688f7e6e99ed01844fc94e22fc,4278.49,47482989,2026-06-18T04:02:05.000000Z,0x3177a179e794ffc0184a8cb20ac4c147d3a5d0e7571b9ec4cad5f0306210e0ce,0x4b5c33c3c7a31bd108f5a99b64683b0056a62226
B07,64,0xba05754af861217d340ed1124cf745d3c178d89b,71.7,47482991,2026-06-18T04:02:09.000000Z,0xc3b62db253279ba3f4889b0528b99cbdb2fd94dbb9a88c2322b85c46a68c15b5,0x4b5c33c3c7a31bd108f5a99b64683b0056a62226
B07,65,0xba73adb2eb5107fa271eb4b79630c8c53dc2541a,95.6,47482992,2026-06-18T04:02:11.000000Z,0xf5ddb026ba3d956891a775e0e699b4bf557c634367127d4af9302ecf4b4ccdbb,0xbdbebd58cc8153ce74530bb342427579315915b2
B07,66,0xbaeba2d3c9d98097ede27fa475f4053cf0f02607,1553.64,47482993,2026-06-18T04:02:13.000000Z,0xb4a04e348c640d775ab3b26d98cb4d34c16bc94c4766030e7a943934786e8745,0xbdbebd58cc8153ce74530bb342427579315915b2
B07,67,0xbebe0059a62029966e57fd40085f3489138ee727,1458.03,47482995,2026-06-18T04:02:17.000000Z,0x09a3238b4c96096a740dc6f186f2fe7027e3ce2e80222bb0c4490978dc57f94c,0x1278c1e48e3c9548a5d9f2b16dc27ed311b0697c
B07,68,0xbf4a0d7a2adb1833e8fd309808eb7cdc49dfe5a3,1003.88,47482997,2026-06-18T04:02:21.000000Z,0x69ee6aba9397de18575476bb57e6cc204005721966e24d6e6cab1d2cf5548326,0xbdbebd58cc8153ce74530bb342427579315915b2
B07,69,0xc347a49eb6669f083936dbd8e82aaf453d7fe96f,1577.55,47482998,2026-06-18T04:02:23.000000Z,0xf72cc5345a9c157fbd572e4524315b7a492427cb924f96951c048cb2aaa376ae,0x4b5c33c3c7a31bd108f5a99b64683b0056a62226
B07,70,0xc46d6fdb04d6c4c4ce4e21f19d089b1027ce7d0a,1410.23,47483000,2026-06-18T04:02:27.000000Z,0xb54cf93024a37182778da4a658f5e88d68551f09847e3c537953f2fe50945e88,0x4b5c33c3c7a31bd108f5a99b64683b0056a62226
B07,71,0xc4eb3ccd5373b5b40b6bdddec3500be51193b8ee,1219.01,47483002,2026-06-18T04:02:31.000000Z,0x889af3109bed34635f55cb272dc3ed9797df20d02c4a35c2acd160e2ea1a126d,0x4b5c33c3c7a31bd108f5a99b64683b0056a62226
B07,72,0xc51ee000c973b30163d1bffd7a5722a58b67c014,1219.01,47483004,2026-06-18T04:02:35.000000Z,0xac1de899185510db182752f825ecb14325b5d1993c17741ad611413d3b154160,0x1278c1e48e3c9548a5d9f2b16dc27ed311b0697c
B07,73,0xc53b5c855c468c8ef759cebcbf3d565de32681f4,2557.5299999999997,47483006,2026-06-18T04:02:39.000000Z,0xf8264573e446eb550e9ff9e5ee766e556a9779535ed20dea2b01ee479e597b39,0x4b5c33c3c7a31bd108f5a99b64683b0056a62226
B07,74,0xc5cfe4aff3e6aa73b4ee185f21ebed7c3c6aaf54,18595.86,47483007,2026-06-18T04:02:41.000000Z,0xec65fd2daa0592894dad091ad8aa908d8e48b882ac0315d7818c215ff6fe7c86,0xbdbebd58cc8153ce74530bb342427579315915b2
B07,75,0xcbed84e520077e793ec3f8332412dfda5283d090,2939.9700000000003,47483008,2026-06-18T04:02:43.000000Z,0xf604c9e8c0ebbd80498638766e8a3375b6913aa1956f33507594c5bd8de7a7af,0x4b5c33c3c7a31bd108f5a99b64683b0056a62226
B07,76,0xcc9d84d09fe5c9ad37802331946a1c0a8a243f96,693.16,47483011,2026-06-18T04:02:49.000000Z,0xb00f6d2a7e3f4a46cfcb7b9ba2f4d44f56fbf6622e8ac6c2ffc29d4c34f2f784,0xbdbebd58cc8153ce74530bb342427579315915b2
B07,77,0xcd01fa653cd962484f60b2aebf7cb06cb9bef4b6,4374.09,47483014,2026-06-18T04:02:55.000000Z,0xe95d947bf51c58ffcf78e6555737fbb045fa857a5705163fe541adb2689817e3,0x501ef174b66883ba40f92e6fb24bfb49331d4d4c
B07,78,0xcf66a3d706eeb184042d4606a4422d43f5343533,2342.41,47483017,2026-06-18T04:03:01.000000Z,0xf653734714fe79d396602c94e440c29a2e56daaaebd81e459810c2794d312077,0x1278c1e48e3c9548a5d9f2b16dc27ed311b0697c
B07,79,0xcfcc9b92eec89e418b5c81b7f78e3a72a10bd9d1,4732.63,47483018,2026-06-18T04:03:03.000000Z,0x5884826271ba7a4f7efa1f9c67b17eae806642b224cd67841d10ecba6bce628b,0xbdbebd58cc8153ce74530bb342427579315915b2
B07,80,0xd8507b0de56d18d422925d86f3438fa254c542e5,2605.34,47483020,2026-06-18T04:03:07.000000Z,0x64253ad98f62359b76affb370a6fc580529fc8ce2fbc669d546ca27a698fd082,0x1278c1e48e3c9548a5d9f2b16dc27ed311b0697c
B07,81,0xd93f13f2797f4fe32167e6df1767cc1b3d3a0622,71.7,47483021,2026-06-18T04:03:09.000000Z,0x6162b7d9bb74aabf2815b5957ca3fb8fe25e6bd8880e9b6063581ba32cc0c67d,0x501ef174b66883ba40f92e6fb24bfb49331d4d4c
B07,82,0xdaec458bf652bf7ebbb944363f14c3f1130f91d9,1171.21,47483023,2026-06-18T04:03:13.000000Z,0x2dcf7584f30d9da0f764cc5a11d3838158456987c9a3ea5804feeeaae36b60a4,0x1278c1e48e3c9548a5d9f2b16dc27ed311b0697c
B07,83,0xdc6f0b4679192c4ea97b29fefc2e8d558906e8cd,5377.98,47483025,2026-06-18T04:03:17.000000Z,0x72ed1150e80dad72525c91c5226d7cc326151e2ca6e7f132d4a916791899ddac,0xbdbebd58cc8153ce74530bb342427579315915b2
B07,84,0xdd10e09c3e7ba30a72bae46661764bf6646fa631,1242.92,47483027,2026-06-18T04:03:21.000000Z,0x375a2e68efc96ecfc45fdbd3aeed1761860581b4b6e8467f53d74bc88f127473,0xbdbebd58cc8153ce74530bb342427579315915b2
B07,85,0xdfb87dc1982c96db1cbf7231d6d9708bda66646c,71.7,47483029,2026-06-18T04:03:25.000000Z,0xc802ded619f99ff30529d531c4d2b8f1d8e2decfc85fbc93e497d10657bc7511,0x501ef174b66883ba40f92e6fb24bfb49331d4d4c
B07,86,0xe180bb9d9e8ad6d39cdac4bb9263aaf9ff32d1be,1171.2,47483031,2026-06-18T04:03:29.000000Z,0x7676926372ac53fff7c80a7e1cfc4e641c3b4fd972ab6aa0ba9792e4fecf925f,0xbdbebd58cc8153ce74530bb342427579315915b2
B07,87,0xe199cac267d877622527175ad438187336166d56,4732.63,47483032,2026-06-18T04:03:31.000000Z,0x55eadbf52b2bbd28f43bf35cb8ced2f454d72c314e5c93297e15091dce81d4a4,0xbdbebd58cc8153ce74530bb342427579315915b2
B07,88,0xe3d2161fa7ca781330256b680dc3d361cf40a01d,7648.69,47483033,2026-06-18T04:03:33.000000Z,0x56dcfd79612b8a971a2ed30322f917504699faaafcda80223a699547fa961996,0x501ef174b66883ba40f92e6fb24bfb49331d4d4c
B07,89,0xe505ef9759ab973182743f2549d4199a01222130,10636.45,47483035,2026-06-18T04:03:37.000000Z,0x785bb2488539d252f887cf84d79f2a0aae53b1d2ffc737dceef7124c4be868d9,0x4b5c33c3c7a31bd108f5a99b64683b0056a62226
B07,90,0xe5a41c5095727d1e8e13f28c584055667100e3ac,1410.23,47483037,2026-06-18T04:03:41.000000Z,0x5a2bb775c406972bdd70ff209d5c15c31a76644d70b65b5ae8a59eb88daf87c7,0x4b5c33c3c7a31bd108f5a99b64683b0056a62226
B07,91,0xe8eb14442d4c5781f1c5f5b0b4fbc9d4f7df26e0,2199,47483039,2026-06-18T04:03:45.000000Z,0x2d879602a6be59a5d6a3ec3699b14a689f4e48c991421887a7f4e14d943876cc,0x4b5c33c3c7a31bd108f5a99b64683b0056a62226
B07,92,0xe8fde7279b16d4978ea06f56d8afc206b2cb3bf6,1003.88,47483040,2026-06-18T04:03:47.000000Z,0x5271950664d02ad4c6fccb830c4b43beae562927bc6d80f5c3021d146cd3de17,0x501ef174b66883ba40f92e6fb24bfb49331d4d4c
B07,93,0xe97e3b4730fc38fde0f0b9e0c0c479f48593842f,18595.86,47483043,2026-06-18T04:03:53.000000Z,0xa6c2b07610c5113a808e46c9592b027bccc9187636a49a86ee35a68437932083,0x1278c1e48e3c9548a5d9f2b16dc27ed311b0697c
B07,94,0xea5e9ae612e1500a98bcbe534c824402bf5f7c5e,5903.83,47483044,2026-06-18T04:03:55.000000Z,0xd684eced5f9d23b8e00a4034fdf9b01d4d7203f921788f4e264ae7b9ec25bf60,0x4b5c33c3c7a31bd108f5a99b64683b0056a62226
B07,95,0xf1382cea053678d740ffabf851b26d340ae14e2b,1075.5900000000001,47483046,2026-06-18T04:03:59.000000Z,0x7718ddbecf06f2bf97893f6255d3df9ef87886c56d88877f0628df382d1e4e62,0x1278c1e48e3c9548a5d9f2b16dc27ed311b0697c
B07,96,0xf33509474b38a3bfb0714a02e659114dca98e571,884.3699999999999,47483047,2026-06-18T04:04:01.000000Z,0x7eafa2bd1dd05841473e7f303aa1358b4a1d463a8a467ab7672a2fd9cef0ee36,0x501ef174b66883ba40f92e6fb24bfb49331d4d4c
B07,97,0xf3713cf0e9256be678cd2b2e19949f4598f4091d,71.7,47483049,2026-06-18T04:04:05.000000Z,0xdcff3e3b3f7892de1d1980362fa0d2c114ea51a8839f2d9125aa88ace282d3b8,0xbdbebd58cc8153ce74530bb342427579315915b2
B07,98,0xfa7c569427ee6862925f9d9abe055b46c7ed7cd0,1003.88,47483050,2026-06-18T04:04:07.000000Z,0x175e29969815d7dbd862f24bd2fb76f072ad8fc65f1428c3a5725049042ebe61,0x501ef174b66883ba40f92e6fb24bfb49331d4d4c
B07,99,0xfab18372c9e20f6160f03ea8d1dedaa44e6d0589,18595.86,47483052,2026-06-18T04:04:11.000000Z,0x6ba7c3b28b8e2db7f6b338680f66a229ce484346e55fd80537cdc032bb6aa005,0x4b5c33c3c7a31bd108f5a99b64683b0056a62226
B07,100,0xfea955553f0f2300a4be78307001c22cb86dcd88,932.18,47483054,2026-06-18T04:04:15.000000Z,0x8ea9947dc7a5ce44d93b4baeb4f4b89764cedae85b997a88c60f4d14dbefa97e,0x4b5c33c3c7a31bd108f5a99b64683b0056a62226
B08,1,0x03b26b389359c54393e2c0567357d1d9e6ea608f,3871.65,47484499,2026-06-18T04:52:25.000000Z,0x8c69633f9860f13f19db0dc6881d610095b359e47c2d0242c094dd9774c9931a,0x4b5c33c3c7a31bd108f5a99b64683b0056a62226
B08,2,0x05c1b4b4224b64af06a272e193d6007490031f93,1984.22,47484501,2026-06-18T04:52:29.000000Z,0x21a21e538110167897783ebc2e14935854501ad35c5f42c6d1f314c9013a5a5c,0x4b5c33c3c7a31bd108f5a99b64683b0056a62226
B08,3,0x065555c79041c0b8b7156a12372a61e28b9a5548,120.98,47484502,2026-06-18T04:52:31.000000Z,0xe09209e331ab2034cc63295f38dad13307288ecbfdcea583cb6879328cd5d882,0x501ef174b66883ba40f92e6fb24bfb49331d4d4c
B08,4,0x14d081c74f7b873970dfb6d12ba21db0b6b26b08,508.15,47484504,2026-06-18T04:52:35.000000Z,0x5973c33c856f6b1e7859419bd4739c01cb5412af51bf1976474c8cb57908525c,0x1278c1e48e3c9548a5d9f2b16dc27ed311b0697c
B08,5,0x170cc49fc25d0b81a6e4cedf0001a8c993720699,120.98,47484506,2026-06-18T04:52:39.000000Z,0xedaa5d467e08f5e9085a7c2d94785fee7e678aca09ca4d1157e86a6d491094dd,0x501ef174b66883ba40f92e6fb24bfb49331d4d4c
B08,6,0x18fa13fd2b2f9b78688dda581db276ae3d93a007,1524.46,47484508,2026-06-18T04:52:43.000000Z,0xa32c9944a772213315b8f340da5eb1799f606867493798b55068149f3fd10937,0x1278c1e48e3c9548a5d9f2b16dc27ed311b0697c
B08,7,0x1da2c866c11636986e536b6a4042e4a62cac4122,2250.4,47484510,2026-06-18T04:52:47.000000Z,0xcd6d34c132ccfd21c47f77905419796e5427fec21deabced2487327a8aa70557,0xbdbebd58cc8153ce74530bb342427579315915b2
B08,8,0x1e5e6baf39b75b507b6322feddd4ddbe15328cb0,120.98,47484511,2026-06-18T04:52:49.000000Z,0xb8feea20e7ce0c0e3f706fae7ca60b51d622e413d1876dd4ccc7ca7531803c2d,0x1278c1e48e3c9548a5d9f2b16dc27ed311b0697c
B08,9,0x20954a6adf1b077be4163e4a8de716034b88fbe2,338.76,47484514,2026-06-18T04:52:55.000000Z,0x0c02cd133249ee29d1f7493d499e9dc3d49a2abbabe998a8738940571822cfe5,0x501ef174b66883ba40f92e6fb24bfb49331d4d4c
B08,10,0x25d8bc3e4042761518d3dfe2f2e5d460e937923f,16139.93,47484515,2026-06-18T04:52:57.000000Z,0x618d9386cfb21494c83c19b7f9ccb81053eecabc84bd2c8ff18406405913b398,0x501ef174b66883ba40f92e6fb24bfb49331d4d4c
B08,11,0x2857a727ef4d7a85cd85f37d2a2753457c0bc0bf,16139.93,47484518,2026-06-18T04:53:03.000000Z,0x2f0ca31cff472253a5342d1c54a166f5964235557445c116896e54bcc01933f9,0x4b5c33c3c7a31bd108f5a99b64683b0056a62226
B08,12,0x28f5f3c2b493292f2e689dc35ac8b32f60efe68b,1621.2600000000002,47484520,2026-06-18T04:53:07.000000Z,0x694ede883bf7527d04f650e8ffd4d2917e6dd6698306668d75a9980e03d5d757,0x1278c1e48e3c9548a5d9f2b16dc27ed311b0697c
B08,13,0x29f48d36dc6d1848aea3c6867ed3919dd257bf10,1645.45,47484522,2026-06-18T04:53:11.000000Z,0x11addf6de49a3ad43fc2c7e4cb11c86425db2042798e4acdde7ae7458a1a5832,0xbdbebd58cc8153ce74530bb342427579315915b2
B08,14,0x2ca93426b07f24359d6adda6ae64988002724bc9,6630.2,47484523,2026-06-18T04:53:13.000000Z,0xf2a6178600b8ba775f9d56ce98cafe610bc93914452fbbb5e09dea94ab3dcd78,0x1278c1e48e3c9548a5d9f2b16dc27ed311b0697c
B08,15,0x2e32a1163d19e0ccaaafd48726645acb2f0682a4,2371.39,47484525,2026-06-18T04:53:17.000000Z,0x4072dcf242a934c5456b0700a8e9e3c132c5d12c99e6efa0a0d99b10e01597a5,0x501ef174b66883ba40f92e6fb24bfb49331d4d4c
B08,16,0x3278fb45a8e0242241f6fba61935bd3c3f3020de,4645.9800000000005,47484527,2026-06-18T04:53:21.000000Z,0xeffae99d9533de5d0d54d38e53380b56df512e932fdbd45c21c703aa092ae21a,0x501ef174b66883ba40f92e6fb24bfb49331d4d4c
B08,17,0x3294a7e495171fcdd587356259eb622625bd14b3,4815.37,47484529,2026-06-18T04:53:25.000000Z,0x6f6e3c253bf6fcb96cdeb3e1d9b94d8d77d107a1489325157a3a8d9c7c370392,0x501ef174b66883ba40f92e6fb24bfb49331d4d4c
B08,18,0x3858f75a0338febc4ff4d83a9edb3840a91a1663,1863.24,47484531,2026-06-18T04:53:29.000000Z,0x15b66f28c67860bf4cf5dda6675afc5d8b4215dfed00314ccf3b72a393f2fc95,0x1278c1e48e3c9548a5d9f2b16dc27ed311b0697c
B08,19,0x38c351bb6e33f768c92273e25f3eb6d780fb8945,1572.8600000000001,47484533,2026-06-18T04:53:33.000000Z,0x739b19e5699169a097243f214735dc94b128b5857b93a71a41e05186f471daa7,0xbdbebd58cc8153ce74530bb342427579315915b2
B08,20,0x3b932db6b097de2f2373e5d415501fe1cb4253fb,1645.45,47484534,2026-06-18T04:53:35.000000Z,0x8a3be50bcda6f352d239c75b15fb6466ccee68640f7c8066940979b699171776,0x1278c1e48e3c9548a5d9f2b16dc27ed311b0697c
B08,21,0x3d9c18c0280f8a4260afe9e46fde29c3e7bf8ff9,7162.55,47484536,2026-06-18T04:53:39.000000Z,0xa438f3c2b5c3ce436d318f3ba742e0a0978ad2b45a1ed9b11e70f997fd69aabf,0x501ef174b66883ba40f92e6fb24bfb49331d4d4c
B08,22,0x4015042652998a2063c1a7cd8ef94f082088579b,8953.189999999999,47484538,2026-06-18T04:53:43.000000Z,0xf63a1d82a75377fe2136f05b90fefd7368fe8129ba1d95942e76850d3f55d8c9,0xbdbebd58cc8153ce74530bb342427579315915b2
B08,23,0x408b481559371d321cc4a0e205a674c739c273af,2347.19,47484540,2026-06-18T04:53:47.000000Z,0xc4fa9bb24be9174f9e5d7396cf20f9d8e55f735f3b326e8af6bb0a23722a19b2,0x501ef174b66883ba40f92e6fb24bfb49331d4d4c
B08,24,0x46e6de001097d7afb432ba1281b07405806370c7,3944.25,47484542,2026-06-18T04:53:51.000000Z,0x5dac33757258d94c9b1e5be542b0b4a98b341220c607d7b202307f5d121eb483,0xbdbebd58cc8153ce74530bb342427579315915b2
B08,25,0x48818bf9a82631b12b14ecc844b22e8360d3226b,1548.6499999999999,47484544,2026-06-18T04:53:55.000000Z,0x7377ee1eb8e6dbe463a04c37c00fb423b7a1c020dc9aa110726e65d7f1bf1c38,0x501ef174b66883ba40f92e6fb24bfb49331d4d4c
B08,26,0x4ad88619a73bc9ebef02ce78b72a76a9cd87a5e4,2927.94,47484545,2026-06-18T04:53:57.000000Z,0x93631a501fb92f4086ca63e6b1c84355c26b6de011b5be57212d55e6185ee34c,0x501ef174b66883ba40f92e6fb24bfb49331d4d4c
B08,27,0x4d30cf00a0beb96edc942f5ce40c1d3ba90a70be,120.98,47484548,2026-06-18T04:54:03.000000Z,0x367545e251450a0819467555ef5076ea36b02fa0655b93a83fbdaac3ef651caa,0x1278c1e48e3c9548a5d9f2b16dc27ed311b0697c
B08,28,0x4d561bf66ab78fbd2642c7f91cbdf931852ad178,1524.46,47484549,2026-06-18T04:54:05.000000Z,0x76e3f5c490e8672645a98fa59b49afa7a5c8e7136a6bc3bc5f2e3626417726c1,0x1278c1e48e3c9548a5d9f2b16dc27ed311b0697c
B08,29,0x51616df00594af369f78ee4113a5aae7b376e8c1,1572.8600000000001,47484551,2026-06-18T04:54:09.000000Z,0xff841ed197f54bb46b6a521b6287a4b70caae9b3f7a9f35d91295ce0a95f9831,0x501ef174b66883ba40f92e6fb24bfb49331d4d4c
B08,30,0x53d50ff0f922a440c0c99c3c1d1400032cb449a2,1887.43,47484554,2026-06-18T04:54:15.000000Z,0xca6825a7eadbac6375a19690792d2d6d79ef9bff9ac2eda9393068fb041a262c,0x4b5c33c3c7a31bd108f5a99b64683b0056a62226
B08,31,0x59eed7dfd9feccc6f7b58acbfb1c030524c2f86c,217.78,47484556,2026-06-18T04:54:19.000000Z,0x15da210758bf6c1efb4431604c45390c0ad2d8340bc5ca88e935a13d18ed9709,0x4b5c33c3c7a31bd108f5a99b64683b0056a62226
B08,32,0x5a1a251b71acf38332baa0f81d041969a7d0ee20,120.98,47484557,2026-06-18T04:54:21.000000Z,0xaeea77e4384c4047c46133c59fcaf7fdcd501eda7e166f8e34d1add24816c25b,0x4b5c33c3c7a31bd108f5a99b64683b0056a62226
B08,33,0x5ce78125ed4e3e8f7895341429a824e91bd58ded,2081.02,47484559,2026-06-18T04:54:25.000000Z,0xfbdeba09a41dc72e1047fe07b9f521f398dbb1cea0e1453b9af18ab61869609f,0x4b5c33c3c7a31bd108f5a99b64683b0056a62226
B08,34,0x62b703a1bafd9aecf9f87a0cdd57c27c6a3f1d86,4621.78,47484560,2026-06-18T04:54:27.000000Z,0x26fbf8bedf4d0b431d509e16c5bde3b8004dda48e191f9fe871213bf88c79a4f,0x501ef174b66883ba40f92e6fb24bfb49331d4d4c
B08,35,0x6718e862b62fef5bff5f381ba0413db67ef9d290,145.18,47484562,2026-06-18T04:54:31.000000Z,0x906e79d187d1f46c72cd2912623eee924fea1474f042c9bfc7b9a0024a8c62a1,0x1278c1e48e3c9548a5d9f2b16dc27ed311b0697c
B08,36,0x6ab4d27aefaa6202e050acdfa10fc68bbb461098,1863.24,47484563,2026-06-18T04:54:33.000000Z,0x75996dd89390e137c3aa0c3bf0d7f6836b9e2597f9a0e3bc61945e4fad554e38,0xbdbebd58cc8153ce74530bb342427579315915b2
B08,37,0x720e069b6d54272c6f172a2734715647a88c1675,217.78,47484565,2026-06-18T04:54:37.000000Z,0x9d77db478594dc68ac695f84d786b60980137688c15d05dd784d067bbf5b5535,0x4b5c33c3c7a31bd108f5a99b64683b0056a62226
B08,38,0x75be49a4309d54510df456de3e97717fcb870c27,1597.06,47484567,2026-06-18T04:54:41.000000Z,0x240dd7ddb83df899d0cb629d0de6bc1e81b31a8e2e98a6c552c046dc34dca8a1,0x1278c1e48e3c9548a5d9f2b16dc27ed311b0697c
B08,39,0x77e35734be76d9029fbfc04181fdd6fa759fe311,1572.8600000000001,47484568,2026-06-18T04:54:43.000000Z,0x5faa1519c3418fb8cde4d945326c857a0c40db2316f562ac39c6e694b6dcbe74,0xbdbebd58cc8153ce74530bb342427579315915b2
B08,40,0x79d255b33409fc28cf9cb8ed218c44bbcfb5e1ca,120.98,47484570,2026-06-18T04:54:47.000000Z,0xcfaaa22a4998458f922271b0f9889d99fa69fa649665c286759fc93766068acd,0x501ef174b66883ba40f92e6fb24bfb49331d4d4c
B08,41,0x7d3d3de46e429cdd9c9126a5d7a66e7934a84171,3532.88,47484571,2026-06-18T04:54:49.000000Z,0x7bbabb598d42e612e7ad6529a639bb511600ae2e41a887ad94a16ae40c251084,0x501ef174b66883ba40f92e6fb24bfb49331d4d4c
B08,42,0x80fec74addf04ea4c080c403be85d8e3757c27a6,1790.64,47484573,2026-06-18T04:54:53.000000Z,0x9eb0844cb72f6e9b0054023974ae1f7a6984578521465dda30d5c0d6ad4bd432,0xbdbebd58cc8153ce74530bb342427579315915b2
B08,43,0x83229a1834ea4039e6add7c73c6707e466e84f7b,1548.6499999999999,47484574,2026-06-18T04:54:55.000000Z,0xa85a7567f2bb6b7063668a51a8657238bc048ad6247e1931e4c696631452737c,0x4b5c33c3c7a31bd108f5a99b64683b0056a62226
B08,44,0x8484c27db2f09d895ca5a0f513cf3295cd0cf1fb,1572.8600000000001,47484576,2026-06-18T04:54:59.000000Z,0xd2085142999d7a18dae6432338cb6d8c15f9e35dae783bbff87fd9ccef73064e,0x4b5c33c3c7a31bd108f5a99b64683b0056a62226
B08,45,0x84c2814a1cdbcd04305650de410e33dfa66c6246,1597.06,47484578,2026-06-18T04:55:03.000000Z,0x116bcb77851cf8cb63c8f06572df777648d7654517450d1d8c959ac6c1469945,0xbdbebd58cc8153ce74530bb342427579315915b2
B08,46,0x8612b4e9ef5ef2401812f82237cf0cd0708379d1,120.98,47484579,2026-06-18T04:55:05.000000Z,0x9a0efabb6c14fb48c78ad87a95bb6406229119585001c610815b8fc1625f6821,0xbdbebd58cc8153ce74530bb342427579315915b2
B08,47,0x8745d8009c87adc5524b07126cee11bd54c18abd,4621.78,47484581,2026-06-18T04:55:09.000000Z,0x465d09bcb3a36f6481d6152783541808babd405b06484da2a7cea1bcf397591a,0x501ef174b66883ba40f92e6fb24bfb49331d4d4c
B08,48,0x87b6e0636a115a558cd475ce0443de4f06e74d76,1887.43,47484582,2026-06-18T04:55:11.000000Z,0xe4d10002d1cec7bc4bf3ef0e4f9a21593aec6701673da8ae231c45452d3395d0,0xbdbebd58cc8153ce74530bb342427579315915b2
B08,49,0x88ded76a2845c5f95209cd2b0accd09599c666d6,2347.19,47484584,2026-06-18T04:55:15.000000Z,0x5af6943f3c399c573a50b11f9a7e7ccdf92c114fc74965d5d4dd69ee0fb4455e,0x1278c1e48e3c9548a5d9f2b16dc27ed311b0697c
B08,50,0x89f01769e151060aa596b1daf24c991bdb769b60,120.98,47484586,2026-06-18T04:55:19.000000Z,0x66309c62f4346a1d4c660bf4c4d731f7d3612ce07e2aaeea205c4e50e1aa17cb,0x4b5c33c3c7a31bd108f5a99b64683b0056a62226
B08,51,0x8c4d5c249ea791947740681ebd6965da419fa9bd,3605.4799999999996,47484587,2026-06-18T04:55:21.000000Z,0x87d80599e42133c906aa3f85875f1c87558af85557c91f6904cd83125d4aa8c2,0xbdbebd58cc8153ce74530bb342427579315915b2
B08,52,0x8d7103b2cf6c7f90b2d4a740d271c7e9866cb885,217.78,47484589,2026-06-18T04:55:25.000000Z,0xbdd0021d43eb99333c048c1947f434a5c1d9839e987a4c6c163e6c4505ba5515,0xbdbebd58cc8153ce74530bb342427579315915b2
B08,53,0x8e9395a6c3202cb1ca8f775fc5238dc8bd07f8c4,1040.5,47484590,2026-06-18T04:55:27.000000Z,0x5a65ee0e678e44ee74c9d11d5af9810f5de23a71bf4d44d273cab817e46b60f1,0x4b5c33c3c7a31bd108f5a99b64683b0056a62226
B08,54,0x8fe88d08e61b18e99b0d845eac84ef90d681141c,120.98,47484592,2026-06-18T04:55:31.000000Z,0xb010b6b8c14118402e3c57f1a01dac7fe45f2f0b9171ed03d6d03bdf5389bff9,0xbdbebd58cc8153ce74530bb342427579315915b2
B08,55,0x9419b9f13449ad6786305c2e958722b9c4ee3006,3871.65,47484593,2026-06-18T04:55:33.000000Z,0xc1ddaa14a09d405320b371a1ba6e46c75525429c405d5601bb30132ec456be5d,0x1278c1e48e3c9548a5d9f2b16dc27ed311b0697c
B08,56,0x97977d6146713daa91ef3e581489418cb0979827,2347.19,47484595,2026-06-18T04:55:37.000000Z,0xcb4302fec92002c59e25bbbcde7d0dcaa7a160b09735a84f044f5538dc6128f3,0xbdbebd58cc8153ce74530bb342427579315915b2
B08,57,0x993af0e58b44e943c2523bea087b745dd18f6a61,1330.8700000000001,47484597,2026-06-18T04:55:41.000000Z,0x1dba6169c4a2e151d6e3a9e89de095c8538dfc6f28f53dc3119ff16dde9cbfa0,0x4b5c33c3c7a31bd108f5a99b64683b0056a62226
B08,58,0x9bb8e2b156d99757101549cd55d9bf64c986d9c1,217.78,47484598,2026-06-18T04:55:43.000000Z,0xc3d71f2a1b91b53fc7b159992a1daf4235c1b20ed51f231bcc3666d10c2b3fab,0xbdbebd58cc8153ce74530bb342427579315915b2
B08,59,0x9c0ceee174b9cd7ece42d22896f81e2081fc1eba,2879.54,47484600,2026-06-18T04:55:47.000000Z,0xb8300f8a473c7b30aaa8e4462a98b587d2fb666555618d82154e88dddcf0129b,0x4b5c33c3c7a31bd108f5a99b64683b0056a62226
B08,60,0xa0589d00f04c7773e36837ba359787cf80e477fb,4621.78,47484601,2026-06-18T04:55:49.000000Z,0xff420343c97b6f411b6112cf387739008d417424ccc3f63e41ca62e3c905b8ef,0x501ef174b66883ba40f92e6fb24bfb49331d4d4c
B08,61,0xa4ce8c175d23763c817ecf21fff383c4aea4fdf8,2879.54,47484603,2026-06-18T04:55:53.000000Z,0xfd778efdc743c0de735266cbe6b5db4486047d5b7e13b2eaa8e32da49395b11f,0xbdbebd58cc8153ce74530bb342427579315915b2
B08,62,0xa677818abc253d6adadf1e26bae4cd4f42f259f5,1548.6499999999999,47484604,2026-06-18T04:55:55.000000Z,0x4f8594cea1340a4115d7a5609ad1b818b6b0d8331a3d0c56f8ae0d972a07de5f,0x501ef174b66883ba40f92e6fb24bfb49331d4d4c
B08,63,0xa7c03a2b6563eee3f9c843149f0dc4225b0ecf42,1548.6499999999999,47484606,2026-06-18T04:55:59.000000Z,0x57ac024673d9d4a7d2af8412f24d7928a7da973e11a50e75f6a9f8e3c3b720cb,0xbdbebd58cc8153ce74530bb342427579315915b2
B08,64,0xa959e1c5f1087c341583befc11f63767c411c1e3,1863.24,47484607,2026-06-18T04:56:01.000000Z,0x0e3a230cc9022d55757fac3c36c3b646773eb6d2945be760b362450e088c3ac3,0x501ef174b66883ba40f92e6fb24bfb49331d4d4c
B08,65,0xad3a093d18b87c88355e20da2518363f9687167a,2129.41,47484609,2026-06-18T04:56:05.000000Z,0xd0cc0a947236ccd7e0e69623e5eb55055c130563d95229afef5d583674911b03,0xbdbebd58cc8153ce74530bb342427579315915b2
B08,66,0xb0bcebb0ebfc56f6e072756749a2871e271111d1,1548.6499999999999,47484611,2026-06-18T04:56:09.000000Z,0x1bd39affed3ac55e4ff2833c0f13a8c57ba7df63cae0edbbff701bff75e498be,0x4b5c33c3c7a31bd108f5a99b64683b0056a62226
B08,67,0xb136a0e4e2ea335df72ceef1849731e8283e3e7d,120.98,47484612,2026-06-18T04:56:11.000000Z,0xab077ed018b28a12bb8ffd36a459fc0e3f2f7b4e5dbda61edf19545110b8daf3,0xbdbebd58cc8153ce74530bb342427579315915b2
B08,68,0xb28a952ff0be4e0665dce37573a92cf6244a343c,2250.4,47484614,2026-06-18T04:56:15.000000Z,0x1ad582ab718bc87a336ad911b0368060446c8df78dcaef77ecc14c615985112f,0xbdbebd58cc8153ce74530bb342427579315915b2
B08,69,0xb2b08adf64ed091589be9fe998ef61474ac1a6d8,1548.6499999999999,47484615,2026-06-18T04:56:17.000000Z,0xaf1253861102301b6ec56838ddde254c182a09edf733209f42f2415b393f23e2,0xbdbebd58cc8153ce74530bb342427579315915b2
B08,70,0xb63086af7501d5ca8a3154a14a533ac84504c17e,1863.24,47484617,2026-06-18T04:56:21.000000Z,0xf8e536b7aef022e983280ad384fa89d4acb3c61b51896719f6b2f2c22822aa97,0x4b5c33c3c7a31bd108f5a99b64683b0056a62226
B08,71,0xba7bb19e694219062a4c351b5c5e4a0e85a067d2,774.32,47484618,2026-06-18T04:56:23.000000Z,0x3e3aaf11721c28251271e52e5a64cb2987c9b5352a4132d7f9509ea3a2adcf2e,0xbdbebd58cc8153ce74530bb342427579315915b2
B08,72,0xbc4530d42ddbbdd91d24f7dd4a5dda634833d1df,1548.6499999999999,47484620,2026-06-18T04:56:27.000000Z,0xfeaf23a6575f429853b24dbf1437c8acca77db79d020e16e97c30244ea2934eb,0xbdbebd58cc8153ce74530bb342427579315915b2
B08,73,0xbe61a81e52ea878b17cb5df3a0d69fe9185dfb70,1742.25,47484621,2026-06-18T04:56:29.000000Z,0x8a8ad55cb35609bf5d46afebeeacd1952a2fe83994fa89c21516525c45b82ca8,0x4b5c33c3c7a31bd108f5a99b64683b0056a62226
B08,74,0xc18bcc0a87a27efb32cbc555ed184c69f9f87637,1645.45,47484623,2026-06-18T04:56:33.000000Z,0x39d4da2187047a1455d93d323bde90eab2c93a413b80573e31900be919ff097a,0x501ef174b66883ba40f92e6fb24bfb49331d4d4c
B08,75,0xc47a8f7d0d6e80a26966cb7d469b195d1e7fb0a6,1548.6499999999999,47484624,2026-06-18T04:56:35.000000Z,0xa6dc17fd2ef589b41eef199816eabb74cb2258795674efe295005ec72c00e7c4,0x4b5c33c3c7a31bd108f5a99b64683b0056a62226
B08,76,0xc5d3c751d32ddec046f61836296087afe6040304,6630.2,47484626,2026-06-18T04:56:39.000000Z,0x9657700e8276c886cf1f89ee67bdc5d306730e061f14a622c4fa04c32e5def2f,0x501ef174b66883ba40f92e6fb24bfb49331d4d4c
B08,77,0xc78bf533b8c2615625224c70904966a1733601a5,2782.75,47484627,2026-06-18T04:56:41.000000Z,0xcece9cfcc5dffea545e4dc894f57ac52a4d2e652be5c2cac943de261d5a4abe2,0xbdbebd58cc8153ce74530bb342427579315915b2
B08,78,0xcb0020555b4c54f73689b661bc6694783f7cca55,508.15,47484629,2026-06-18T04:56:45.000000Z,0x9dd52d1b85e4e00b2b49301dc7d623623b41f9475cf4a4d6fa7fb0e12cc3d561,0xbdbebd58cc8153ce74530bb342427579315915b2
B08,79,0xcd44592d34120467d495bfb045d5d222a82831fa,8953.189999999999,47484631,2026-06-18T04:56:49.000000Z,0x683327635ed57a2c9e766e40a90e3b834bfa6ba10680b1a63156e1fe9d431dee,0x501ef174b66883ba40f92e6fb24bfb49331d4d4c
B08,80,0xd17a95e9458016334eb2a39b1b7f6ed0366cecad,120.98,47484632,2026-06-18T04:56:51.000000Z,0x35b509aa1953bda171794f6aed29dbbc270310001d1f24010e6d1b4c56748c8d,0x1278c1e48e3c9548a5d9f2b16dc27ed311b0697c
B08,81,0xd40a738b45264fcaeab046c4e7493f051fac88dd,1887.43,47484634,2026-06-18T04:56:55.000000Z,0x054d24a3db8a707754057ce9c40fcb3dd6fbfbf3b288d3dbef3be72ba554abca,0x4b5c33c3c7a31bd108f5a99b64683b0056a62226
B08,82,0xdb282aa2b6c17e232df6a01634a44d670fd941bf,1645.45,47484635,2026-06-18T04:56:57.000000Z,0xb9bcfbe11f044a21cda3b7486e04990a34496b461486b37b093ebf1c78762937,0x501ef174b66883ba40f92e6fb24bfb49331d4d4c
B08,83,0xdd2892e9abd7ba31d8050df087a2d7da3f4679fc,7477.12,47484637,2026-06-18T04:57:01.000000Z,0xa6fd2a3d0e6bb33000fcfd85daac40bc69a6be9d82406c9e504602471720f603,0xbdbebd58cc8153ce74530bb342427579315915b2
B08,84,0xdd432bbc19bc623094f5738c3f5b57311e3a6914,2782.75,47484638,2026-06-18T04:57:03.000000Z,0x91a57efcbb725c92368e56c3852c277b3097147adc169f8a35f82e0552e77ae0,0x4b5c33c3c7a31bd108f5a99b64683b0056a62226
B08,85,0xdd91c722584c73dbb6647e861057ceb010b26a2a,1548.6499999999999,47484640,2026-06-18T04:57:07.000000Z,0x5e34274127180a1efa78fb7647335bfc71de272a7ac732a0d84bf08551b8638a,0x501ef174b66883ba40f92e6fb24bfb49331d4d4c
B08,86,0xdf78c9732a7d72baec27783b5ae188285d03b0d1,3121.52,47484641,2026-06-18T04:57:09.000000Z,0xe917eec0636fa2452515c85e5b314f7562483f7f70608e0e75588d6901017cd8,0xbdbebd58cc8153ce74530bb342427579315915b2
B08,87,0xe4ba1ad1e187111f742e3c7dd9de6e69580787b3,120.98,47484643,2026-06-18T04:57:13.000000Z,0x36b308bfca05e9b7e81121baa1934e663aaaccbfe3d15c625cf11a4f9d3d0585,0xbdbebd58cc8153ce74530bb342427579315915b2
B08,88,0xe5867bcec3c87ad1e53ecdfa271cb84566dc338f,1306.68,47484645,2026-06-18T04:57:17.000000Z,0x30a83ceeec7ec33c13d712a10a1fd422ab8ec9d949797e5d70ed600056e33c15,0x501ef174b66883ba40f92e6fb24bfb49331d4d4c
B08,89,0xe620d765d634afc6fb473e87fe9559cc754e8cb7,1935.8300000000002,47484646,2026-06-18T04:57:19.000000Z,0xb9af3b5457ff2e665c76ea588357d2abfb2cf009fb89a8d25ac3501b433f26d5,0xbdbebd58cc8153ce74530bb342427579315915b2
B08,90,0xe8d1db38e853e92b4531fc27f04ae3cb1931c682,1548.6499999999999,47484648,2026-06-18T04:57:23.000000Z,0x34513cae6daffa3487d1e3cc09d1fff1afebaf75f3e0acd213b9946ec76ce09c,0x4b5c33c3c7a31bd108f5a99b64683b0056a62226
B08,91,0xeedbec258c978fb6db1f612aefc72a652017f5f9,2492.38,47484649,2026-06-18T04:57:25.000000Z,0xd43965a5d3659a563169c8c49b09b8ce98329e541a8840c9e8b57a20df6aca06,0xbdbebd58cc8153ce74530bb342427579315915b2
B08,92,0xefc91803cdcb59c4aa3aef0dac5def1a15615408,145.18,47484651,2026-06-18T04:57:29.000000Z,0x9e9d98cf83c36d85eee0249e9382fc6f11a33dbf4fc5457663c9488bd4567ffa,0xbdbebd58cc8153ce74530bb342427579315915b2
B08,93,0xf0417b6aff57953512467d48e38f4015b04a3cea,120.98,47484652,2026-06-18T04:57:31.000000Z,0x9c725371d491f4bf13cfb36b7c41334c6146aafe5484691fdd28b9fcd7387038,0x1278c1e48e3c9548a5d9f2b16dc27ed311b0697c
B08,94,0xf1272641964488d26793dbdf578658fe5ea9b1be,1572.85,47484654,2026-06-18T04:57:35.000000Z,0x8cc68f30677cfa5578ae56c52a06a1bb2f20a3f83fa83f44bc6e11f53bf010ef,0x1278c1e48e3c9548a5d9f2b16dc27ed311b0697c
B08,95,0xf154ece45f4e6ef90be63c98f625f0f3088d0a72,1621.2600000000002,47484655,2026-06-18T04:57:37.000000Z,0x6488032e14ea5a595f1be509408ebc67d168df18ceeafc9436ef195a786a2fd0,0x1278c1e48e3c9548a5d9f2b16dc27ed311b0697c
B08,96,0xf1ddb9c032fcb4e5d405ab37be327adfcdeadd4c,2782.75,47484657,2026-06-18T04:57:41.000000Z,0xa9e1cf372de53a1a883018fe7fa7020634e0b864f00d4fdf40ddc0bb78e0c16c,0x4b5c33c3c7a31bd108f5a99b64683b0056a62226
B08,97,0xf421de0c4b9199c066e167eff2bb04998c6fd9e3,1500.2599999999998,47484659,2026-06-18T04:57:45.000000Z,0x16788541b3eae92d6a04dfcbc5df073b37501d818c9af81fabfc3253fc1c43f8,0xbdbebd58cc8153ce74530bb342427579315915b2
B08,98,0xf6700d864cb4cf7249451bc3ecabb415b850b95e,2081.02,47484660,2026-06-18T04:57:47.000000Z,0x18f52d4a0ee59492fb56c8e8949d412a1ed526383f7afcf2074523f151bd86d6,0x4b5c33c3c7a31bd108f5a99b64683b0056a62226
B08,99,0xf990700bd3a9f24f8ac8ddaa33c2ebfee1fb0c8c,7477.12,47484662,2026-06-18T04:57:51.000000Z,0x79834fc98cdf7104aafd3c5bc28448293189da709ffa184db0c38b184bffdff4,0x4b5c33c3c7a31bd108f5a99b64683b0056a62226
B08,100,0xfbb5c5b1b8ec05a75d738a2f7fc48f90620abb27,1379.27,47484663,2026-06-18T04:57:53.000000Z,0xe336b00c1719337da1bf32f5119d9ef605fd9ba8d90426a9aece8af53ebf4e63,0xbdbebd58cc8153ce74530bb342427579315915b2
B09,1,0x006237895a12917541f55b470af4c76f0b58baf0,3012.31,47484870,2026-06-18T05:04:47.000000Z,0xb0f83378c4c921652ee29d2a18089c9d8111ae44febd549444dc67a6c7954766,0x4b5c33c3c7a31bd108f5a99b64683b0056a62226
B09,2,0x008617f8cdc04d3f3bcd56c06974abc4605f5474,2175.56,47484872,2026-06-18T05:04:51.000000Z,0xf397cf0ec1aa4541eedcff5820e6de8257c2fde04f2ca309152d7459679eb3f3,0x1278c1e48e3c9548a5d9f2b16dc27ed311b0697c
B09,3,0x02d8325831c7a14e29c85a57934dc5f2fd01e8d7,1769.1399999999999,47484873,2026-06-18T05:04:53.000000Z,0x7ccb0763570057d39fc4190a2d7524329b06121421ba8a5cccb534d34d768241,0xbdbebd58cc8153ce74530bb342427579315915b2
B09,4,0x0845f324311a8cea1ab6ce7c709223ab33ff6cd5,1864.77,47484876,2026-06-18T05:04:59.000000Z,0x06675667adc026e041f911af13d58a255f230f63d1025e905a1c40293f8ec34b,0x1278c1e48e3c9548a5d9f2b16dc27ed311b0697c
B09,5,0x09385acbc374e96c4594a63e57f1035f83ad600a,119.53,47484877,2026-06-18T05:05:01.000000Z,0x30fc47daf7cd8416822d6e532a15a67162a089f75f7c1e766109ddeaf35a186a,0x1278c1e48e3c9548a5d9f2b16dc27ed311b0697c
B09,6,0x0cd1ad296ab42c52b552875b51012ad56aabf977,3012.31,47484880,2026-06-18T05:05:07.000000Z,0x904345173ef2f7b20c5d1a556e84ce8491ad9d0e26f2d4feb1f732c6e40aa1fc,0x4b5c33c3c7a31bd108f5a99b64683b0056a62226
B09,7,0x0f1e8cdbfa3fab4adb3f2cd16e97e641af32df88,1530.0600000000002,47484881,2026-06-18T05:05:09.000000Z,0x9bbea36e38747e3d211f527809b7a500d509f7c3c242f081082717be5a1e311f,0x4b5c33c3c7a31bd108f5a99b64683b0056a62226
B09,8,0x0f5db2d3abcd9e48421dfd86267b08330933cd15,2223.3799999999997,47484883,2026-06-18T05:05:13.000000Z,0x7fc5769826ac36f4aeff59fd4533213d7dcefaae9620ade444e4a71b5246c0b6,0x501ef174b66883ba40f92e6fb24bfb49331d4d4c
B09,9,0x10c822c240d151f5700215e798145eebff798ef8,1482.24,47484885,2026-06-18T05:05:17.000000Z,0xc8af15fae68765b7a96772a9b29d5cd529aad415a010e28d7318c3438dccf329,0x1278c1e48e3c9548a5d9f2b16dc27ed311b0697c
B09,10,0x10ddba48f498a86bd01cbb850588d28caa8e24ee,836.7500000000001,47484887,2026-06-18T05:05:21.000000Z,0x5f35230e8d2fb7d7f0d141f19ddc013dfd1d15468c94c907d972e00a96329e5b,0x1278c1e48e3c9548a5d9f2b16dc27ed311b0697c
B09,11,0x1c1d9ca167725aded571cb9cceaa6a2b64010524,2008.21,47484889,2026-06-18T05:05:25.000000Z,0x6800db710dd2d2ce89d809173d5609e5baf71de7995b26f9c699b02c402b3a55,0x4b5c33c3c7a31bd108f5a99b64683b0056a62226
B09,12,0x1f0817cf11f41cedb4cc7d6822f96cae53cf8b2f,119.53,47484891,2026-06-18T05:05:29.000000Z,0x547adc595397cec211bb39367edf5fc3be4a9ca2a3ee9579ed5c87fd743ef416,0x1278c1e48e3c9548a5d9f2b16dc27ed311b0697c
B09,13,0x1f31d7e991ec25c80a82fcb9e6270e1aac30ddd6,167.35,47484893,2026-06-18T05:05:33.000000Z,0x7080beb5a6a40f33e580605c83bc19bb1eeddccc60fffff4d73b8f0b8bd3d902,0xbdbebd58cc8153ce74530bb342427579315915b2
B09,14,0x284755d75809b1333a13c8fab57246e573f7a627,1745.23,47484895,2026-06-18T05:05:37.000000Z,0x3b90be6bcb6917515e6e0058a08d8f3d182c15583842a0b83d60e8406f1f0a40,0xbdbebd58cc8153ce74530bb342427579315915b2
B09,15,0x2f8e71cc9f7ffd6f60036e6a7f801c361e5f9d97,143.44,47484897,2026-06-18T05:05:41.000000Z,0xa186f1a077d7012a7efa4133a7f5df6163b55e2ae45f7816af78ca3f3ec5bde8,0x4b5c33c3c7a31bd108f5a99b64683b0056a62226
B09,16,0x324f5d42794fabde17332fc0bdeb9ae4c9e6aa4c,143.44,47484899,2026-06-18T05:05:45.000000Z,0x3dd09b145549add28d7a29275a59f34b2353273963f95b902a5f6f52d9e2e7d0,0x1278c1e48e3c9548a5d9f2b16dc27ed311b0697c
B09,17,0x3aefed9631cac1cd579836a423504054bddeff94,1673.5000000000002,47484901,2026-06-18T05:05:49.000000Z,0x81dce488f4201242ed133428b49bb4909dd53061d68a071f9149e2e8e19702e9,0x4b5c33c3c7a31bd108f5a99b64683b0056a62226
B09,18,0x3be00f42c90307b0a35777217b01887983486dc2,1984.3000000000002,47484903,2026-06-18T05:05:53.000000Z,0x087aea1458ca3f72b630b7f613c9f5f282641bde53162f2d4b193c3fd66e270a,0x1278c1e48e3c9548a5d9f2b16dc27ed311b0697c
B09,19,0x3c95f9dab494d2fd0e587a6b29fb53ca5ede1795,119.53,47484905,2026-06-18T05:05:57.000000Z,0xfbc7e00143d99dca3531093408b7129e92bb5a01c3dcf6f7632f01a16e0d0d84,0x1278c1e48e3c9548a5d9f2b16dc27ed311b0697c
B09,20,0x3fe8ea354dc77e4f170e680605754d0ecb423e58,167.35,47484906,2026-06-18T05:05:59.000000Z,0xda94f1a134c491e0e0c24e462bf38ed263567bb266033f4a92ce359d65abdd5e,0x4b5c33c3c7a31bd108f5a99b64683b0056a62226
B09,21,0x421b47e3aeacba2302a773d1327c64eaac29242b,2701.52,47484909,2026-06-18T05:06:05.000000Z,0x97404112e5be9382488add4945397dc2534a6b80b12deef9eaa0eeedc9388add,0x501ef174b66883ba40f92e6fb24bfb49331d4d4c
B09,22,0x422052c30059417d3b62208610bbd01ff39971ce,1793.05,47484911,2026-06-18T05:06:09.000000Z,0x764a195da85670be3ff1fbb32503694d12a77519fe03822449a5a890f45219d2,0x501ef174b66883ba40f92e6fb24bfb49331d4d4c
B09,23,0x42519adaca1a1468763b81c1ab276e9dc04eaffc,119.53,47484912,2026-06-18T05:06:11.000000Z,0x5b56b991a2f38c6dc7f1d1e5fd1e4c01140a7faef2eae5b28fce9f9a4528a247,0xbdbebd58cc8153ce74530bb342427579315915b2
B09,24,0x4bfdfd0b4ae6ea630783095177becb72c599ac23,956.28,47484914,2026-06-18T05:06:15.000000Z,0x3a043795cb4ab2a3953b2ca88bb0484ba99d468cb4f58bd0904b662850b2b3f0,0x1278c1e48e3c9548a5d9f2b16dc27ed311b0697c
B09,25,0x4c972ad7577f0ecbfb6ef38ab58c0ff49333f0d3,1745.2199999999998,47484916,2026-06-18T05:06:19.000000Z,0xc7b886c5ab8eed78c88b56e7105549cabc17dfda018ece8459cc8b4d86c56598,0x4b5c33c3c7a31bd108f5a99b64683b0056a62226
B09,26,0x50c5f6e185911446d5596bf0cc2748d145af838a,119.53,47484918,2026-06-18T05:06:23.000000Z,0x68468c7a24e8ffde3520746d14adbd0d979cebcef53ef97ed6e2588359191cbc,0xbdbebd58cc8153ce74530bb342427579315915b2
B09,27,0x51b0443d65a6d1e7dedef6cd47f7386773ae0b57,143.44,47484919,2026-06-18T05:06:25.000000Z,0xd7cf9a802bd14535693ff37d0b387a8ca7222b4041b97158ae18b614f74c31f7,0x501ef174b66883ba40f92e6fb24bfb49331d4d4c
B09,28,0x55fcb0636c1f39dad3c52df51169b7faa16503ac,7124.349999999999,47484922,2026-06-18T05:06:31.000000Z,0x8f6211fc6a21464551a253ce15dcc90e238d9776f72c471e6d42455a16e8b7cf,0x501ef174b66883ba40f92e6fb24bfb49331d4d4c
B09,29,0x5a4adc3be413dd4a8b09f3601ac02197e9885b47,1984.3000000000002,47484923,2026-06-18T05:06:33.000000Z,0x95c4fb6329a65e1b2edd237d59da4a8ce0816bd2c4ed43b2cc4b0c762b159704,0x1278c1e48e3c9548a5d9f2b16dc27ed311b0697c
B09,30,0x5b879ccebf81b8fee6fc0b74fc48a1ca7ef62ae3,2701.52,47484925,2026-06-18T05:06:37.000000Z,0xce78d6f2e49f95ec176398b78d63d81b7a1a61854b879a996b2fadc64dc3dae3,0x4b5c33c3c7a31bd108f5a99b64683b0056a62226
B09,31,0x62433f0ec2bbb8e65f69866229f4077cc5f46f73,1673.5000000000002,47484927,2026-06-18T05:06:41.000000Z,0x24f7a97a246b96dde6e17e5f10fb47bbae6ca412ef7794d407fc537cfc8df811,0x4b5c33c3c7a31bd108f5a99b64683b0056a62226
B09,32,0x65b36df8b18f6bb65ee00bb178e937301134db65,6287.6,47484929,2026-06-18T05:06:45.000000Z,0xcb5136e158c80e5133ec3e79d4276333c62b2b55a6292a3cd263337ad8d29481,0xbdbebd58cc8153ce74530bb342427579315915b2
B09,33,0x6833d812e1da1ca2936dce35f8796cdcdf8b49e7,119.53,47484931,2026-06-18T05:06:49.000000Z,0xa80cfc0b1ce45b00b9adb69c8a1b82b70b48b82097dd3abea3b2f44e07c255c1,0x1278c1e48e3c9548a5d9f2b16dc27ed311b0697c
B09,34,0x6aa706c9cc18c3c2de2b5b884d4bb4eb271ee33a,1625.68,47484933,2026-06-18T05:06:53.000000Z,0xd16860c21ddee046d68153f01c52ec3583201eac1c2fe453ef2256dfc5e6b573,0x1278c1e48e3c9548a5d9f2b16dc27ed311b0697c
B09,35,0x6d1fc468f439f113b852ce3a3795164b5a77985a,6980.910000000001,47484935,2026-06-18T05:06:57.000000Z,0x82765b2e7747288ebb69d0eabbcb0cf149aab7559b682dff1e7e48c09fc72a56,0x501ef174b66883ba40f92e6fb24bfb49331d4d4c
B09,36,0x6ec3960b1da556940fd113454b815aa7b5fd6751,1410.52,47484937,2026-06-18T05:07:01.000000Z,0xca077ae311e63eb0b8d177efdae76ff6a19b490cdc9970a27b0057f5d2a47066,0x501ef174b66883ba40f92e6fb24bfb49331d4d4c
B09,37,0x7198dd5e613e1089a0b194e0f5494e8f08a29e93,1745.23,47484939,2026-06-18T05:07:05.000000Z,0xb02b4c3dad5592a9a00472d11c6c65fdb32a9979e0d2ff75e84011c3edce207d,0xbdbebd58cc8153ce74530bb342427579315915b2
B09,38,0x75a135abbc18602d337f84d0a4ce4e89f1cfde1b,2271.19,47484941,2026-06-18T05:07:09.000000Z,0x9bf2bc4a7c26ecdccd3c1a8778f12cb4516c3bc13cff56bef892a3074c6e804f,0xbdbebd58cc8153ce74530bb342427579315915b2
B09,39,0x796bab685dba463afa1e3142d1c6db31ae3c1a8a,12503.47,47484943,2026-06-18T05:07:13.000000Z,0xc2b34dd7f04b5073cdc11094ef23d504fafb9e09979e3a3068cbbc2da1a954c1,0x501ef174b66883ba40f92e6fb24bfb49331d4d4c
B09,40,0x7c3ce0525aaf8bdfe411dafdcebb2a19a23ef230,3872.97,47484945,2026-06-18T05:07:17.000000Z,0x3da62ad87641f9acdf390f1222a8493d48a80afdb54e4012a11b3c0e9f6c036d,0xbdbebd58cc8153ce74530bb342427579315915b2
B09,41,0x7d22be44aa2b6c99d3e2f2eceda2e21e0d61c96d,3586.09,47484947,2026-06-18T05:07:21.000000Z,0x4cb5af68c77f698d4923c3c022b0f70bfc01503dfc28e31cd2a0b74fbe4a374b,0xbdbebd58cc8153ce74530bb342427579315915b2
B09,42,0x7f324cb6a1b49350476572803bb866a0178ff953,3872.97,47484949,2026-06-18T05:07:25.000000Z,0x5d577887bcbcfa6ec4389a67c48fbecd9113bd8a90551983e12016a874138c00,0x501ef174b66883ba40f92e6fb24bfb49331d4d4c
B09,43,0x7ff1ab41eacfc54b89a1e16691c51349708c69ce,1721.3100000000002,47484951,2026-06-18T05:07:29.000000Z,0x9d10e5e8363269396431d18f27fd6b06f57d58bdfe72b1ac7e4f7be6eaf460c4,0x501ef174b66883ba40f92e6fb24bfb49331d4d4c
B09,44,0x851d3dbbdb5597bf6fec165a78eb9947a788c1d9,119.53,47484953,2026-06-18T05:07:33.000000Z,0xe704e1a37a336829bb6db290c4a44127a3f2f7b5e820ce7e57ee6f45311ecb62,0x4b5c33c3c7a31bd108f5a99b64683b0056a62226
B09,45,0x86386d118364e48f2fa21d6acfc739269a18bfd9,2151.65,47484955,2026-06-18T05:07:37.000000Z,0xdd3bca28e20ab4001fd09bf1bb4e24333b12cfd0cc74af7764a98a78a0ca5b44,0x1278c1e48e3c9548a5d9f2b16dc27ed311b0697c
B09,46,0x8a13dc1237fca95a662e341771f7a4ff5c2ac904,4183.7699999999995,47484957,2026-06-18T05:07:41.000000Z,0x7a5f20ff14593f0eb208811c4f6967f349211b90a7eb9c8f4ab5c9fdddd57021,0xbdbebd58cc8153ce74530bb342427579315915b2
B09,47,0x8b2f41008e5ffe8468dc78a6cf3ba5615c512a85,4183.7699999999995,47484959,2026-06-18T05:07:45.000000Z,0x8d700e91eac3a41884c8f732488f11c9cd07a9448b3ac39f1b575b4865b311d4,0x1278c1e48e3c9548a5d9f2b16dc27ed311b0697c
B09,48,0x8dbb6c0dbb561a9f350c9e69e7448caf2500694a,2223.3799999999997,47484960,2026-06-18T05:07:47.000000Z,0x59e137efb3057c832e947fef26896b426af15846a70b0e78cac1b142b4c91a4a,0x4b5c33c3c7a31bd108f5a99b64683b0056a62226
B09,49,0x8f0d654f2db6c1eefe2e540ed77b80cb709cfb2e,4996.610000000001,47484962,2026-06-18T05:07:51.000000Z,0x4eb14c36c4576a0dc01c1af605fab83b70d1e1f73329d1c75ff264e16bb2403f,0x4b5c33c3c7a31bd108f5a99b64683b0056a62226
B09,50,0x8fa04bbf66643ee681f95614fde60aabe1b259e8,1769.1399999999999,47484964,2026-06-18T05:07:55.000000Z,0xade1aefbea62fc597209bd9265e0e18ee23728c10bac18400141c83eb31b718b,0x501ef174b66883ba40f92e6fb24bfb49331d4d4c
B09,51,0x9313ad22e302511a160ef2480b1ded32bfc97224,1697.4099999999999,47484966,2026-06-18T05:07:59.000000Z,0xb9e210baa2b6ff88ff50781fd0d2dfb3a128ff735a47cfc594ebf03fdfcd0fc2,0x1278c1e48e3c9548a5d9f2b16dc27ed311b0697c
B09,52,0x937221be9eda9de64ff91f4eda10d1d5148de36e,119.53,47484968,2026-06-18T05:08:03.000000Z,0x556d68a37d7f419562a2fabad3b7c089226a147731b449e8b185ad6cb411615c,0x4b5c33c3c7a31bd108f5a99b64683b0056a62226
B09,53,0x97a0879a49a5ce6fcec27f116e6d1c0f2dc0a9b1,119.53,47484970,2026-06-18T05:08:07.000000Z,0xd613bbf4041687007a239a05f797e5a454541500ecdea688b21c2312924f59b2,0x1278c1e48e3c9548a5d9f2b16dc27ed311b0697c
B09,54,0x9921fb118d67e6f98e0c9375f38b64541191fe38,1984.3000000000002,47484972,2026-06-18T05:08:11.000000Z,0x7cba3e69b8a5c80ca58014a1df9756b288d8018f80b0e2671e70eeb303fcbb3e,0xbdbebd58cc8153ce74530bb342427579315915b2
B09,55,0x99545319ec7ddc9a60f13001fd5172b4dff8143f,1984.3000000000002,47484974,2026-06-18T05:08:15.000000Z,0xad5419fd33c66e7fad3db0ca4268581f9b139546efa5af6abe7b7c7d1585945c,0x501ef174b66883ba40f92e6fb24bfb49331d4d4c
B09,56,0x99cfc2a7e1afc3aa1ce9c89b5a5035ba8dcd83f2,119.53,47484976,2026-06-18T05:08:19.000000Z,0xd08d4092729a5970c79c8f11b13bbc12b703bfc5e274602609801e5d71b7f5e0,0xbdbebd58cc8153ce74530bb342427579315915b2
B09,57,0x9a392458a1ee9ec2c923a659047877ea231907cd,1697.4099999999999,47484978,2026-06-18T05:08:23.000000Z,0xe4416cd11558f55cde4763bcc8e3a811eca709f3f4cf4f179751613535658a69,0x1278c1e48e3c9548a5d9f2b16dc27ed311b0697c
B09,58,0x9e50c229a8a696238520656ed76635baf0bdb71a,143.44,47484980,2026-06-18T05:08:27.000000Z,0xd1df4637338e652053555e0b4daf27ced06f2fcb8ab4b382e602cfd36ea40ec4,0x501ef174b66883ba40f92e6fb24bfb49331d4d4c
B09,59,0x9f0982912210d61b62a8192da9fe432659ee8050,1769.1399999999999,47484982,2026-06-18T05:08:31.000000Z,0x3fe2a16eeb3cc4fbe961731cb4806b97f60549739b1b44dd8631fcd0d4b08392,0xbdbebd58cc8153ce74530bb342427579315915b2
B09,60,0xa4dc306936b58ee69d401228ca36d85625cb2631,2008.21,47484983,2026-06-18T05:08:33.000000Z,0x6eda9e90dc754848543715911d166da26877cb9dc7b978f28899aadcd71c1d21,0x1278c1e48e3c9548a5d9f2b16dc27ed311b0697c
B09,61,0xa4df0475ee7573cf2411eb77d73f72a866533ce3,1912.58,47484985,2026-06-18T05:08:37.000000Z,0xf7e1966093f8853121d647fa00da8d871b01a2e696381bc035151464928a2365,0x4b5c33c3c7a31bd108f5a99b64683b0056a62226
B09,62,0xa50e07d746fa1a44f563e2dfbfa984f379edb471,119.53,47484986,2026-06-18T05:08:39.000000Z,0x975095f3d8f491a7a096a18760ce2ef52be9bd2b84d750300735157c1878832f,0x1278c1e48e3c9548a5d9f2b16dc27ed311b0697c
B09,63,0xa599d4ed8c9de8e7bf762071644fd17524a0ef2f,119.53,47484988,2026-06-18T05:08:43.000000Z,0x0145c46bdfd4d2f4b4496643d55d69c240da303b6132ec8a136726414460e0ad,0x4b5c33c3c7a31bd108f5a99b64683b0056a62226
B09,64,0xa6561c327f80c5c6582f1ac05088374d7f5d93a7,1649.5900000000001,47484989,2026-06-18T05:08:45.000000Z,0xc03ab1326a8b10f523c7611018a0b2f74f56310848f8c4d58d12e6623a8f0aa1,0x4b5c33c3c7a31bd108f5a99b64683b0056a62226
B09,65,0xab770bd54281edb9a88268e71fe79c1331dfdc4e,36099.88,47484991,2026-06-18T05:08:49.000000Z,0x8b840c6e7d66a87cdc528c1b6c5197f4bee41df637b488a4d6943ed50b0a6785,0x4b5c33c3c7a31bd108f5a99b64683b0056a62226
B09,66,0xab833cbb319aca5859d2f3ed5f0cca2e656319aa,3299.2,47484992,2026-06-18T05:08:51.000000Z,0x5a3e52daaee2ee4b7d6d928beea3129c58739aa65d9843362804e315c9092804,0x1278c1e48e3c9548a5d9f2b16dc27ed311b0697c
B09,67,0xac10a6d9ec2e6be78a099b9735f5fba9c16cf79d,3562.18,47484994,2026-06-18T05:08:55.000000Z,0xe42f0b0c4ac1a19ff21495bfde920e8ebcc70c99bc0218d7a760b3c0a959676d,0x501ef174b66883ba40f92e6fb24bfb49331d4d4c
B09,68,0xbbe66bbbaf1cb7cb575ecec781fb651419915a95,119.53,47484996,2026-06-18T05:08:59.000000Z,0x9aeeebf71bdec56fc2680104abcccb272a5e0dcd820e1093d5f7574e1b539105,0x1278c1e48e3c9548a5d9f2b16dc27ed311b0697c
B09,69,0xbcb4931af803c704ded175b33e089709e65f34e4,1649.5900000000001,47484997,2026-06-18T05:09:01.000000Z,0x330b33bb0c9037b5d8812a144bdd5869ac05ff16885a89065891d0b9b9b353fa,0x1278c1e48e3c9548a5d9f2b16dc27ed311b0697c
B09,70,0xc18784346418fe557b9930b4cdcec6abd8d70cdf,1793.05,47484999,2026-06-18T05:09:05.000000Z,0xaf22524a04a9e025fdaa60cabc9b1ea2a8f3051d8be360ada00f8abd7ec5165f,0x4b5c33c3c7a31bd108f5a99b64683b0056a62226
B09,71,0xc2275572733a6af1a6afeb39b7f340915a4dcecf,1721.3100000000002,47485000,2026-06-18T05:09:07.000000Z,0x0442d572c45c696a628517f6ca262e91c2dbe7375571bad0af2aefaea5f61f9f,0xbdbebd58cc8153ce74530bb342427579315915b2
B09,72,0xc3dda08a7e3859bdee9dea3769414dc069145acc,119.53,47485002,2026-06-18T05:09:11.000000Z,0x0dc7a2ca2391d642c9493b56cfb5c503df85e085edd399766aa4f97162cef7b9,0x1278c1e48e3c9548a5d9f2b16dc27ed311b0697c
B09,73,0xc70cfb54b392d6797e23105eefec26036a20c9c2,1625.68,47485003,2026-06-18T05:09:13.000000Z,0x70ddbd710acf0a4954a3eb011c93749dc5769f657867d179b3ee67042e9e73af,0x501ef174b66883ba40f92e6fb24bfb49331d4d4c
B09,74,0xc78be165b3de6f0315bd8ead2484f28c81d86f65,1936.49,47485005,2026-06-18T05:09:17.000000Z,0x6d8c99e2b4d2f219ba4a0bed916531b663153163bbdcaa7ea41b38b69eb19733,0x501ef174b66883ba40f92e6fb24bfb49331d4d4c
B09,75,0xc864cda429bf2ab59db843a0d0e25a30551161e6,3872.97,47485006,2026-06-18T05:09:19.000000Z,0x0d209e9e811edc1cdc770c9b8529931ef7a7a869d3ba27f00df2f7bb083f5be7,0x4b5c33c3c7a31bd108f5a99b64683b0056a62226
B09,76,0xca4a8b96caa07658b2e6d36978aea9f50bae08d1,119.53,47485008,2026-06-18T05:09:23.000000Z,0xe127aaabf18f2a0fcf68363cdee24d111856cbccf27a3a64f510b91fa350b134,0x4b5c33c3c7a31bd108f5a99b64683b0056a62226
B09,77,0xcc7ca2a17ec25d490128930f16c21a003b031927,167.35,47485009,2026-06-18T05:09:25.000000Z,0xc20d5b7b745fd461743f64242c18219b8bf882a317e8b7feac47f4c548f1008d,0x1278c1e48e3c9548a5d9f2b16dc27ed311b0697c
B09,78,0xce7a9802d8d5e049cc2b4361e8e5c0efabb2328c,143.44,47485011,2026-06-18T05:09:29.000000Z,0xf720272895b92d4fdaeb37f6d79ce66131e756b7f70fe1489f06ed0262c3f40d,0xbdbebd58cc8153ce74530bb342427579315915b2
B09,79,0xcf06450c0f516a525855885faac159fbccc25a7a,119.53,47485014,2026-06-18T05:09:35.000000Z,0x657ce3214dedb5bebd8ee83beeef55c7ddfc438337a908a70237d0e191991273,0xbdbebd58cc8153ce74530bb342427579315915b2
B09,80,0xd14ea214d548536a7cf2e41cfe9e3ee003717f63,119.53,47485016,2026-06-18T05:09:39.000000Z,0x332050d9eded9821343b55cb47ca5e311ed3ef1c288756507948a741af34b482,0x4b5c33c3c7a31bd108f5a99b64683b0056a62226
B09,81,0xd4dca31b167ae19ac4044b956802f42f03a26539,1769.1399999999999,47485017,2026-06-18T05:09:41.000000Z,0xea787fb4abff28500df5e2a1b9b370b1114cfd0911335cd58ed2c3bac0fcdaba,0xbdbebd58cc8153ce74530bb342427579315915b2
B09,82,0xd61a62e97f05cfc393ac57b696a21c3a0aaa0924,1649.5900000000001,47485019,2026-06-18T05:09:45.000000Z,0x9af01ba1b69bd2ffcc5614e5652cb9bab8ba971b4151699c9421a7b814d23dea,0x4b5c33c3c7a31bd108f5a99b64683b0056a62226
B09,83,0xd760a73682d443a7b6b4672107f701d9c798caf2,6168.0599999999995,47485021,2026-06-18T05:09:49.000000Z,0x22e947cb5091bfaa25f4318129b31292f24cf8913546af9880f2a984016d2caf,0x4b5c33c3c7a31bd108f5a99b64683b0056a62226
B09,84,0xd795afced28d3fd376b6f0379655808ce67fbd57,2008.21,47485023,2026-06-18T05:09:53.000000Z,0x844d527af583a30706a98251c0a3c9e4610860631a719a8b2a818aceba0fb333,0x501ef174b66883ba40f92e6fb24bfb49331d4d4c
B09,85,0xd98d1f54a240a7d6c835379fb46b9a61737ce846,4183.7699999999995,47485024,2026-06-18T05:09:55.000000Z,0x1171c6e1edc82b7506abaade0b010cfd72a94c708746db85fee25481e1f095fa,0x1278c1e48e3c9548a5d9f2b16dc27ed311b0697c
B09,86,0xd9a5b4f4b592582de2b94106b6f6b3ea98495344,3107.94,47485027,2026-06-18T05:10:01.000000Z,0xcd37d65dd6e3833578aa42311bd98cd497c6ad272e6b6a34acf4f4012fadaaa6,0x1278c1e48e3c9548a5d9f2b16dc27ed311b0697c
B09,87,0xdaf007489a8bad067ef80fefc6df20d7eee78dab,2581.98,47485029,2026-06-18T05:10:05.000000Z,0x53fa9e90d25b95d93f697a70d9811ba8a86be75bc41de37656738a2217705f0b,0x1278c1e48e3c9548a5d9f2b16dc27ed311b0697c
B09,88,0xdeff4c3b334e6297fbc703ede11a5bea28e39817,4159.86,47485031,2026-06-18T05:10:09.000000Z,0xf521ee4fed98c640e4022df6b406c0909695395764250884b1a01bebfc180b86,0x1278c1e48e3c9548a5d9f2b16dc27ed311b0697c
B09,89,0xe28b311e43d17b05728eeeff091ffd0b91c950c5,119.53,47485032,2026-06-18T05:10:11.000000Z,0x895967191f80a9087862f2e835761ca85df9e30955342257a44ca1a9fc682a74,0x4b5c33c3c7a31bd108f5a99b64683b0056a62226
B09,90,0xe6574a6ff1205b29cd8d535a92d000cd8fe74f35,1673.5000000000002,47485034,2026-06-18T05:10:15.000000Z,0xbb6e30b9b4756d533d04d91e54bccb40bb4ec24922fc44f48e194b634db1a1d7,0x4b5c33c3c7a31bd108f5a99b64683b0056a62226
B09,91,0xe754a81f3319be3602a2f08c477f7ca701350424,2534.17,47485037,2026-06-18T05:10:21.000000Z,0xce87f4d5fd24283aed839a30b9282d54973308590e29d4ec4c09c4126c61acb0,0x4b5c33c3c7a31bd108f5a99b64683b0056a62226
B09,92,0xe80d870cfa887a6fbe2eaf2beb4dbd18cd231b8c,1697.4099999999999,47485039,2026-06-18T05:10:25.000000Z,0x70e2fbf237f77bd7a0a5326c4c393870dac35b17acbcd09c71ba5d7aa796c429,0x501ef174b66883ba40f92e6fb24bfb49331d4d4c
B09,93,0xe966d9e0e84b4bb95e31e089dbf750793cda56a1,1458.33,47485040,2026-06-18T05:10:27.000000Z,0x00a9f8858638c166099fafcbf8c75726ba6f51762a198bd4d42297a772639237,0xbdbebd58cc8153ce74530bb342427579315915b2
B09,94,0xf1f1e23cad31a87c732fab41a88ae8edd0e4b899,1697.4099999999999,47485042,2026-06-18T05:10:31.000000Z,0x0bedc44a163fab081263122677093ec17b57f540c077e4b5a68db37e1aa89771,0x1278c1e48e3c9548a5d9f2b16dc27ed311b0697c
B09,95,0xf3f3767976333c56992328a2591b7d068d7a3ad1,1625.68,47485044,2026-06-18T05:10:35.000000Z,0x8f7555d4e9a941af211b4bfd682afbfd86e752ff73ea533d0d810bfe9a54bcce,0x501ef174b66883ba40f92e6fb24bfb49331d4d4c
B09,96,0xf4c33fe616e918e63561ed45ba5fc41a9b43ad6b,3562.18,47485046,2026-06-18T05:10:39.000000Z,0xee805eaa523e32a3179f7d9fedbff95889875d8aba746e01e08510c6d5405e69,0xbdbebd58cc8153ce74530bb342427579315915b2
B09,97,0xf76942e55f3b4cd2c2597e694baf9f2f43c1d0f3,1697.4099999999999,47485048,2026-06-18T05:10:43.000000Z,0xfbe0bed7104a32a36b83dcfeff07d364c0d1ee2f44dacaf52e6657f513b35164,0xbdbebd58cc8153ce74530bb342427579315915b2
B09,98,0xf87e92a94e9249e824d193fef863504ad3d6075e,4183.7699999999995,47485049,2026-06-18T05:10:45.000000Z,0x37e175a032dfaab4b4c9eb8314c11f803141526ac536578926a8edb439eef194,0x1278c1e48e3c9548a5d9f2b16dc27ed311b0697c
B09,99,0xfbb91a5787ffca83e27741779d38e4fe54966d09,8032.83,47485051,2026-06-18T05:10:49.000000Z,0xea1ac1e5f4d26761c6ec792eda3d19d636fd1af7aad3295b3066b820f984fbbc,0xbdbebd58cc8153ce74530bb342427579315915b2
B09,100,0xfe7536bf6e128ae767110e9d7376d5d68519a98d,262.97,47485053,2026-06-18T05:10:53.000000Z,0x8933f0c186d630b91cd974c7925b5964d5766452c046622bcedcfc7a295f34e9,0x4b5c33c3c7a31bd108f5a99b64683b0056a62226
B10,1,0x006c752625ca78df586dc423329a0254099b12c1,2013.08,47487477,2026-06-18T06:31:41.000000Z,0xd5cf93ddc6bc4884f243b909dde2a8d9e5300118cc888fed0564b5321fe209a3,0x501ef174b66883ba40f92e6fb24bfb49331d4d4c
B10,2,0x03b05787b45396268da8a7093a1dfc030de9eef0,2037.3400000000001,47487480,2026-06-18T06:31:47.000000Z,0x68106c014edf735d9503a0915fd9b19d4c0b1a82808f4e6c9217e76e1882e7e6,0xbdbebd58cc8153ce74530bb342427579315915b2
B10,3,0x03f5c61fbd4aa990d405baaca5ed78429eefe074,2037.3400000000001,47487483,2026-06-18T06:31:53.000000Z,0x9c2a73cbf58eb89c62b3913a61fc7dc401a670b8213e4d53f23bc472c2ee3305,0x4b5c33c3c7a31bd108f5a99b64683b0056a62226
B10,4,0x06376bba1b201d6650c6c8629ac2269d7f19907d,848.88,47487487,2026-06-18T06:32:01.000000Z,0x3581e076c51344e4602a6bc3d001d2745b054f2ebd0052ba019c457910a7a451,0xbdbebd58cc8153ce74530bb342427579315915b2
B10,5,0x09d606998ae1fae465c49510bc4edc2c905d998a,2595.1800000000003,47487491,2026-06-18T06:32:09.000000Z,0xb8c2d5266a3fd243684ccc709f85d21ec07fcea49a56fbe8f3b2bc3109e6bc76,0xbdbebd58cc8153ce74530bb342427579315915b2
B10,6,0x0c8cd01318cac7e052c50c5714f2431b07db7c52,2789.21,47487494,2026-06-18T06:32:15.000000Z,0x19036b473e5a4f9d4c16e1606fee6c2c4d37b25d0f5353aa88c51c729feaec10,0xbdbebd58cc8153ce74530bb342427579315915b2
B10,7,0x0f12b8b5f7878d7d6b82449c27c30ef0b73f700f,121.26,47487496,2026-06-18T06:32:19.000000Z,0x94648d591057763c8cb6e3cc2919fd832de33c1ec9924bb229302dbdfa6c1a57,0x1278c1e48e3c9548a5d9f2b16dc27ed311b0697c
B10,8,0x11d5cf8f456ec6a6917bfbf04b6d5c2f1eb080b7,2425.4,47487499,2026-06-18T06:32:25.000000Z,0xeffad31deb01c5d672adb452e77b544971aabd44e8c1c3f3b810822baffdee10,0x1278c1e48e3c9548a5d9f2b16dc27ed311b0697c
B10,9,0x1ca7567478bd4bd229326a4cfea434a0dbd62e8c,5020.570000000001,47487502,2026-06-18T06:32:31.000000Z,0xd969500d117cd7c2fa585d0d947fff6518419cfd1d9fab3bd55ce8c46a7c4b6f,0x501ef174b66883ba40f92e6fb24bfb49331d4d4c
B10,10,0x1cbbc0feb19fdc179c9f698817536b2969ffdce8,1455.23,47487506,2026-06-18T06:32:39.000000Z,0xb76aae50bf67e7590edc11c440686e0eaac3eb243d24b9355b5f5d1e89f77d81,0x1278c1e48e3c9548a5d9f2b16dc27ed311b0697c
B10,11,0x2002bbd3ca33074f02d38175a80423ed9f507dd0,2522.42,47487511,2026-06-18T06:32:49.000000Z,0xb5672755a617f05e86f360d805607550ba1867c4e63cabd0c5cd40f03bd9f95a,0xbdbebd58cc8153ce74530bb342427579315915b2
B10,12,0x223f9b1d3e9234fd8656e51544f75e97a59f2f7d,4195.94,47487515,2026-06-18T06:32:57.000000Z,0x57cec1991e0969b94a38a5cddf7e8084b5b4cd06dd3156d32889bea6bee425f4,0x4b5c33c3c7a31bd108f5a99b64683b0056a62226
B10,13,0x22efd8a49b53b0a38225810439fb2b6f61c9fe29,121.26,47487519,2026-06-18T06:33:05.000000Z,0x420f5d6e250f65e4a321d8561e752667340e20cd23c9c6ef387bcf42d86f98df,0x501ef174b66883ba40f92e6fb24bfb49331d4d4c
B10,14,0x25b942e89cd6a623fb94be1b2b6ec41ae47ce4a6,2449.6600000000003,47487522,2026-06-18T06:33:11.000000Z,0xd65bb8693d39ff89b0aacffa519d857af969989edb68a0f4f3039fce0f6ecbf3,0x1278c1e48e3c9548a5d9f2b16dc27ed311b0697c
B10,15,0x2626462909c163ca5b1b2385da17de226cb41a1e,4996.32,47487525,2026-06-18T06:33:17.000000Z,0x18f9e835e0e376bd3e1aeca8fe5cd1090f0fc84743ab74be6f612748df03a36e,0x1278c1e48e3c9548a5d9f2b16dc27ed311b0697c
B10,16,0x2db158289e1f038716299825230173bc02e63eae,2837.7200000000003,47487528,2026-06-18T06:33:23.000000Z,0x71ccc7965d435f0d06432250ebeeb684a4fd50b8589d19e002c955f14dc84f63,0xbdbebd58cc8153ce74530bb342427579315915b2
B10,17,0x2f91acbf6068eb81bb5d4a04f35348a0b1f1b466,4195.94,47487531,2026-06-18T06:33:29.000000Z,0x26fcbe5114c80839cb5ef04f4776c4e6d92bf3676dea07818dd6d4664f706833,0x1278c1e48e3c9548a5d9f2b16dc27ed311b0697c
B10,18,0x30b8ebae0cde93617dc782077259bbe9a9029e16,4632.51,47487535,2026-06-18T06:33:37.000000Z,0x02d3d9dff976070f91518d5dca3154d3b348c4a8443197a62d02cec4e8c5d82b,0x4b5c33c3c7a31bd108f5a99b64683b0056a62226
B10,19,0x323881ba87a8fb460c787ebe3b56bd553cbd1ded,2304.13,47487538,2026-06-18T06:33:43.000000Z,0x19507f16c1da83f4639273033aa9b634fe12fc6045b755e82e1ec2b4b6783d4f,0x501ef174b66883ba40f92e6fb24bfb49331d4d4c
B10,20,0x374081539a0c38103da23c0de3f814b342fdd3aa,1649.2600000000002,47487540,2026-06-18T06:33:47.000000Z,0x52e4924619e32b9894c325215d1e7b3ba12b7ec0aff577e818066fa9182ce640,0x501ef174b66883ba40f92e6fb24bfb49331d4d4c
B10,21,0x39eeaf42c350604e273441be0b784c690062c9e6,2279.88,47487543,2026-06-18T06:33:53.000000Z,0xbb5aec87379414e82f26b34ca8fad5409a18d4be3b4eed6a70cd3b3130e0c9bb,0x4b5c33c3c7a31bd108f5a99b64683b0056a62226
B10,22,0x3bf02ca1f4dc5dacfedaa72c28aff0e832bafa2d,121.26,47487546,2026-06-18T06:33:59.000000Z,0xc879be3238111c0f657d738758bdcec3b08f156a1be92693d09219c357250faa,0x4b5c33c3c7a31bd108f5a99b64683b0056a62226
B10,23,0x3c5b5117e83f3b12e3abb5cdd817dae04532691e,22071.11,47487549,2026-06-18T06:34:05.000000Z,0xb2cac902564da26e5fa5c3a1ba0744b79177b6f7b337b3d2ba11408ed994b3bb,0x4b5c33c3c7a31bd108f5a99b64683b0056a62226
B10,24,0x3daf34b38244183814b450bf9c2ed065ad12e8be,1455.23,47487552,2026-06-18T06:34:11.000000Z,0xabddbb99123df6f6e8e787cf3d1e78141204c24b1c78b721dee0bad9fa616895,0x1278c1e48e3c9548a5d9f2b16dc27ed311b0697c
B10,25,0x3e40df26a39b4a7a7ced6060d11e6be999267273,169.77,47487555,2026-06-18T06:34:17.000000Z,0xb1f28d83b02f7be64bd5145cc60c7008e2da83de41346cefade7dbd739a1e747,0x1278c1e48e3c9548a5d9f2b16dc27ed311b0697c
B10,26,0x409691d9587f289e1bcbb39931a98198e978b148,9701.589999999998,47487558,2026-06-18T06:34:23.000000Z,0xc6522e0d14b589864dd7b938d0f0872935d9242ba52d8cde544f0c5f4306a19c,0x501ef174b66883ba40f92e6fb24bfb49331d4d4c
B10,27,0x40e5143e44e935f5e388159037165e9d2d4c61bb,121.26,47487561,2026-06-18T06:34:29.000000Z,0xc91d9dffdb3989a403766335a75994be88d119939914c7f8ee5aeabfbb6dfc42,0x501ef174b66883ba40f92e6fb24bfb49331d4d4c
B10,28,0x44229df915461af1877c9482be9915b6b7544b5e,218.28,47487564,2026-06-18T06:34:35.000000Z,0x2ccde9e6a6ac1584aa81d124574a368dd9626d29a9422bfbf2b14f5c902f902d,0x501ef174b66883ba40f92e6fb24bfb49331d4d4c
B10,29,0x4945bb42ef6894ea7f4c26a1a3e8bfc034f57d6f,1794.8,47487566,2026-06-18T06:34:39.000000Z,0x1f554be7c7a561c2965c298713596418842480b8084349e10e45da5d36dabf37,0xbdbebd58cc8153ce74530bb342427579315915b2
B10,30,0x4a2a509ac647aeca8503f2e6f3aa3f65420ef2f6,1891.81,47487569,2026-06-18T06:34:45.000000Z,0xb5f400dcb016447a877ce4a5c12dce3190983462449561ac32e1825b3c802487,0x1278c1e48e3c9548a5d9f2b16dc27ed311b0697c
B10,31,0x4b65b9b4e84cf7d6d9b76f3475f9a42d21101e0f,1964.58,47487572,2026-06-18T06:34:51.000000Z,0xb7c4255dd37d28954602385352bf43ccee2e54a418ddb39688b4aa90eddcd630,0x1278c1e48e3c9548a5d9f2b16dc27ed311b0697c
B10,32,0x4c0d1aeadebf324aa7e97d645e3da39faaf0e8a5,3613.85,47487575,2026-06-18T06:34:57.000000Z,0xca05def883f6310affec761c1d8d4faa8391f586b219590825b77438dda159f6,0xbdbebd58cc8153ce74530bb342427579315915b2
B10,33,0x4e1858305bf295d14066b9401140def9a98431f4,1649.2600000000002,47487579,2026-06-18T06:35:05.000000Z,0x01522d75ce7fadbf36a5161078c581741c490f2371368be36ea6c944ffee66dd,0x501ef174b66883ba40f92e6fb24bfb49331d4d4c
B10,34,0x5240bcc2c5006758a9dd145a6ecaa97d51bab629,1697.78,47487581,2026-06-18T06:35:09.000000Z,0x0a732fc4192e92fb2571e2b74892350ee14937759c36f4be1f5606310235bcf9,0x501ef174b66883ba40f92e6fb24bfb49331d4d4c
B10,35,0x56cb3d38f40c3c22c127e94de19ffc82a2ed0df5,1625.01,47487584,2026-06-18T06:35:15.000000Z,0x317a4e936015a267bfb2c281801c615f014f683a54f022c76bb0a63196cc8254,0xbdbebd58cc8153ce74530bb342427579315915b2
B10,36,0x571950fbc15453f8fd993b355d4d5ed3e9f7ff65,8076.570000000001,47487587,2026-06-18T06:35:21.000000Z,0xd35be16c4cd94a6e1f177c8764833dd5ccb394d205ffbd8a59f8bded1c6c2f05,0x1278c1e48e3c9548a5d9f2b16dc27ed311b0697c
B10,37,0x586ff63aa96240b22e1649879efc1284cc464da1,4462.73,47487589,2026-06-18T06:35:25.000000Z,0x801f18e20c18292de489b400ec5df6f6ced32984d7c8bfe20e7c5b3b5028b2b8,0x501ef174b66883ba40f92e6fb24bfb49331d4d4c
B10,38,0x5b226c3407e1b38f141f49f0372c948c6f17609b,1673.52,47487591,2026-06-18T06:35:29.000000Z,0x51b524188230667e3ab3122240cc3d16349184f182d697463bd7eb641dc7129e,0x4b5c33c3c7a31bd108f5a99b64683b0056a62226
B10,39,0x60bd2d7be925ce77e71574bf2370a5a278ab499c,1964.58,47487594,2026-06-18T06:35:35.000000Z,0xd32ffda3e03f6878e9b8b09e4529646ec45aa34d58d087ee7402715a074a679a,0xbdbebd58cc8153ce74530bb342427579315915b2
B10,40,0x65dc4fa834391cec2e67682bf083e1df52caf641,6209.0199999999995,47487596,2026-06-18T06:35:39.000000Z,0x73be57339528fe6cc6c37ee0b11ac2cacc49522476cf7ba312bd359a846a650c,0x1278c1e48e3c9548a5d9f2b16dc27ed311b0697c
B10,41,0x67d9a8fc6bedc196a013aab55bfe7c4e7706ac5c,1673.52,47487599,2026-06-18T06:35:45.000000Z,0x32320a20d3b5fa9cb0c8657c9935af0e5b3c062c3658363cc4829aff3d152a79,0x4b5c33c3c7a31bd108f5a99b64683b0056a62226
B10,42,0x682aa2c96c80153d38c88cbf8038dea888dcf075,1649.2600000000002,47487602,2026-06-18T06:35:51.000000Z,0x4c53e07e32d2ab46512923aa096c02e0cf5fea267e1a328276d1ede33f59717f,0xbdbebd58cc8153ce74530bb342427579315915b2
B10,43,0x691cd243de5479b2155c7df6d6262d4b32afb3aa,145.52,47487605,2026-06-18T06:35:57.000000Z,0xf30ac0a37f430ee0792727a205a32b32dac08c1cf606555311903ae711fbaa92,0x4b5c33c3c7a31bd108f5a99b64683b0056a62226
B10,44,0x6ca2961496076ea4668cfebadc405e872f95301d,727.6099999999999,47487607,2026-06-18T06:36:01.000000Z,0x5f46a1b2584a778cf9341de450954946313ea469028c694765ff146da4dfb323,0x4b5c33c3c7a31bd108f5a99b64683b0056a62226
B10,45,0x6eedba51731c0f2c857a6a88dc31797a14fd1c79,3298.54,47487610,2026-06-18T06:36:07.000000Z,0x46ec68edef118464d00d1468f38f644f60a0bed3026411e167c1d8ce883a5c87,0x501ef174b66883ba40f92e6fb24bfb49331d4d4c
B10,46,0x76f07645020d8ee3df8db740916dfc0e6bf1ff70,2085.85,47487613,2026-06-18T06:36:13.000000Z,0xea36ab8c378de57b9258c922ad54f7da85c9f3278ceeafebcd0d71907bab56b4,0xbdbebd58cc8153ce74530bb342427579315915b2
B10,47,0x77635df59a164139f5cf00fed50c30367c565468,1649.2600000000002,47487615,2026-06-18T06:36:17.000000Z,0xd49d2ae5eb9d4bf897216a47304282f86e2e251b9dbe6f2114aaae997b687162,0x4b5c33c3c7a31bd108f5a99b64683b0056a62226
B10,48,0x79275618fe6c0f03297752ea775d86a260513e61,1722.04,47487618,2026-06-18T06:36:23.000000Z,0xcbb5fd84554b01791501ccb1633a6686a808641c6649b0ff184ecdcf6642b98c,0xbdbebd58cc8153ce74530bb342427579315915b2
B10,49,0x79589de9ffef1e58bf7e5ad48a582392e4f25c78,3298.54,47487620,2026-06-18T06:36:27.000000Z,0x1827be8475ef35c9153945d319eae5c35cb0af4098239e3deee31baf7e5e044e,0x4b5c33c3c7a31bd108f5a99b64683b0056a62226
B10,50,0x79e02f63fde20758194e01471bb378ae9aa48421,1673.53,47487623,2026-06-18T06:36:33.000000Z,0x72df468b36409fea6df8dcde142a5a5437a7399e4935d27a0c21db5a340c1a45,0x4b5c33c3c7a31bd108f5a99b64683b0056a62226
B10,51,0x825138bad01b37190c8463ff1064b0b10ffdeb43,121.26,47487626,2026-06-18T06:36:39.000000Z,0x8da7bb9b5992185a0dab3ef795bd05ff79da9f9ea6ca3c4226fcfd803fd0c117,0x1278c1e48e3c9548a5d9f2b16dc27ed311b0697c
B10,52,0x848a20d2c63d8bbb869967c808271c5fa12a39cd,1794.8,47487628,2026-06-18T06:36:43.000000Z,0x3ad4f57fb4bf2afc7df83ec6edecfaf6bbd3407e4f073a92e0c7815886132f87,0xbdbebd58cc8153ce74530bb342427579315915b2
B10,53,0x854df3c4052874306de86f32aaecc59eb475b6fd,121.26,47487631,2026-06-18T06:36:49.000000Z,0xfc9d90371999b792b8671728670db4e82f015cc1dfc5e0643657798596b1b340,0xbdbebd58cc8153ce74530bb342427579315915b2
B10,54,0x8710322116dc12bb1852287c0a3d9912d289363f,1916.0700000000002,47487633,2026-06-18T06:36:53.000000Z,0xfaaccfbd4b1be4e68bbe6be447245a17b9219a87571ee06eab2a0edce0cd4cbe,0x4b5c33c3c7a31bd108f5a99b64683b0056a62226
B10,55,0x89d9777745b82d29a659d29aea51bc483d3781c8,1673.52,47487635,2026-06-18T06:36:57.000000Z,0x822f8ac972f00eca62620c3fe157b81bf1c5b14a87a4ff67824e497d0d67d140,0x1278c1e48e3c9548a5d9f2b16dc27ed311b0697c
B10,56,0x8ccd13644a32f988e89d7960160b9e1b1676741e,145.52,47487638,2026-06-18T06:37:03.000000Z,0x6dd47f9c4e4ba0db9c0aa1de848ee4a15e2361e139667eff05b1d54e0f0b6302,0xbdbebd58cc8153ce74530bb342427579315915b2
B10,57,0x8f44ebf734317f4a4f08bbf62e16d51584f89c14,121.26,47487640,2026-06-18T06:37:07.000000Z,0xb631f0a7255a7fbbb7a7f3c85e50e37ca2422da4b22d309e0cf1a552328a3143,0xbdbebd58cc8153ce74530bb342427579315915b2
B10,58,0x9040a129e89c4ebdfe0867057b613eaccce516a0,1988.8300000000002,47487643,2026-06-18T06:37:13.000000Z,0xd6e1c02d020b49f75e1ffb3b71be5529aa250c5a98ad46c941581c65d93213dd,0x4b5c33c3c7a31bd108f5a99b64683b0056a62226
B10,59,0x93d903fa2a46a2b167c64a094b65b7142ee14918,121.26,47487646,2026-06-18T06:37:19.000000Z,0x4ebd81c6a8bca3cf768b3d21ac595a43d168cecece94eefc96798cea794df4ac,0x1278c1e48e3c9548a5d9f2b16dc27ed311b0697c
B10,60,0x94706a542246f3e990f2a1b65c5b22f64b5f12b5,121.26,47487648,2026-06-18T06:37:23.000000Z,0x4745b56de9e55cb9b74ec1185f51150079b7664f10cc07b2b61b7ef50eeea7f7,0x4b5c33c3c7a31bd108f5a99b64683b0056a62226
B10,61,0x9601dc63dccf02397371dec7117a6658e578726e,1722.04,47487651,2026-06-18T06:37:29.000000Z,0x15c545dceb5fff8655431f810fbf8c5d07d4b72d5e053eb82ed748c22d2bcccd,0x501ef174b66883ba40f92e6fb24bfb49331d4d4c
B10,62,0x978ee2fb58d0a43f99baa2b926ae939484a573ef,3904.89,47487653,2026-06-18T06:37:33.000000Z,0x573b6843e9d47df9c26c2e8bd07ce7b1bdbe7411afeec4ccff5826c3a70c56b0,0x501ef174b66883ba40f92e6fb24bfb49331d4d4c
B10,63,0x97b69f6dff1ae8cbf8c594afc7089000890e467d,2595.1800000000003,47487656,2026-06-18T06:37:39.000000Z,0x7ceae3415e445af44ab1cc351dae2d28d700b2c0c832674eda5726237ed20c58,0x501ef174b66883ba40f92e6fb24bfb49331d4d4c
B10,64,0x99857cd96dc86d290f356dd3d2a84f2cfb8f8532,1406.72,47487659,2026-06-18T06:37:45.000000Z,0x377b36f6cb719595e3b5558a9859c5a56c51183b3bb8faf2157242a01a517cb1,0x1278c1e48e3c9548a5d9f2b16dc27ed311b0697c
B10,65,0x9b1f91921ee413dbd554e145633abca41694c9bd,2595.1800000000003,47487662,2026-06-18T06:37:51.000000Z,0x7a3c938969f0cde6a0f4517b1e582d10761dfa2e7453a402cdbf9df798784158,0x4b5c33c3c7a31bd108f5a99b64683b0056a62226
B10,66,0x9bdcf64ae4b0b13cd837c355e021a4aef330d204,2158.61,47487664,2026-06-18T06:37:55.000000Z,0xc36e9100f6a41f2ad611b36ac1251a3995543d1290f166b6c61e0edc77158264,0x501ef174b66883ba40f92e6fb24bfb49331d4d4c
B10,67,0x9f49ca0833446bf144249d07b958f2462186b1ac,1697.78,47487667,2026-06-18T06:38:01.000000Z,0x568d0e5c21cfb0f787130e1051c29b5a0274da9dd5502971eb2d14838d6115d7,0x4b5c33c3c7a31bd108f5a99b64683b0056a62226
B10,68,0x9f7a2c75c45d5a1741e9d772a44475f25ad35548,1649.2600000000002,47487669,2026-06-18T06:38:05.000000Z,0x7ba3a33a74a57f2e54fc8acdd6fac6d1be98f5e077025a4fe48c1b7453dc9905,0x4b5c33c3c7a31bd108f5a99b64683b0056a62226
B10,69,0xa9642b0b3cb99dbe72c839cddfb664f9873eb7f6,1794.8,47487672,2026-06-18T06:38:11.000000Z,0xa7819b77726668e849b4dd1b08d61fd6fa0b4463aee9c9e1b9b73cab1f590992,0x501ef174b66883ba40f92e6fb24bfb49331d4d4c
B10,70,0xa9dc45ebf5806cca1704377edd33dafec87dae77,2570.9199999999996,47487676,2026-06-18T06:38:19.000000Z,0x9fcc26cc62e5eb3f982b8815c89d8b1b2cb7204da95a6696ef613199de5a20c2,0xbdbebd58cc8153ce74530bb342427579315915b2
B10,71,0xab31485ec1a947ae90222134398c3bb431f6a965,1794.8,47487679,2026-06-18T06:38:25.000000Z,0x413b7436d2a886fe584fb66eeb64016a28a50e99f46a9beb0cab25bf95ef6c38,0xbdbebd58cc8153ce74530bb342427579315915b2
B10,72,0xb2a38018a5581afe1621b2215e7154a5ba68ddb0,1673.52,47487682,2026-06-18T06:38:31.000000Z,0x98ec9bb46dd9784148a787ef6e4f0710e677e3a4d5bf991658cc32e161eb41c9,0x1278c1e48e3c9548a5d9f2b16dc27ed311b0697c
B10,73,0xb2d23dd5fd32eb0c14a93ba39d020e95ab0f97ef,2158.61,47487685,2026-06-18T06:38:37.000000Z,0xa7fb017acbd2c05113303627bd85585323e98dc0d9d75e1464209dfd5a964ddc,0x1278c1e48e3c9548a5d9f2b16dc27ed311b0697c
B10,74,0xb3be08e870b6ea62a28605a7de1e0be4105d7cc6,9701.589999999998,47487689,2026-06-18T06:38:45.000000Z,0x4c14f4ccca206b14f79248b37c308f1200ddb045821cb6e26d4119d29f613d0e,0x501ef174b66883ba40f92e6fb24bfb49331d4d4c
B10,75,0xb522b0cc1c9fbdfdc2dba929655fd254ef30ea81,121.26,47487692,2026-06-18T06:38:51.000000Z,0x84a2f9dae855e77f6da824181e7c30a4c51401743eaace9f333e24d7ef0edfff,0x1278c1e48e3c9548a5d9f2b16dc27ed311b0697c
B10,76,0xb53a43ebe216a185d7aedfa2cd4e5a86b61d2ac0,121.26,47487695,2026-06-18T06:38:57.000000Z,0x4adb2944c1277b35644cf1861d5022ae1e8362fdb20a5387d93693182536b8f8,0x501ef174b66883ba40f92e6fb24bfb49331d4d4c
B10,77,0xb5e89eb1c45b53c697c8aad547b8ae19ed73469d,1794.8,47487698,2026-06-18T06:39:03.000000Z,0xf4c6d0ea6f3c9464fbd3a3f721fe33fca517726e69eb252edfeac41c52ed9c0a,0x4b5c33c3c7a31bd108f5a99b64683b0056a62226
B10,78,0xc02d30796337304d52e3d31cc5963f521b3badcb,169.77,47487701,2026-06-18T06:39:09.000000Z,0x5afe8edf6ef05974d38a49a96bef09bdf98e1b37623c9ea1d2cddcb4f76229f4,0x501ef174b66883ba40f92e6fb24bfb49331d4d4c
B10,79,0xc4eff0f3f50c8c92dcda4660eba1a133d3308812,2401.1499999999996,47487704,2026-06-18T06:39:15.000000Z,0x6237c353f68ab287540e8b44e57707243a34efa5899ef7943b72e641041e6a93,0xbdbebd58cc8153ce74530bb342427579315915b2
B10,80,0xc550e287ede9f8c167049d9f9079cd9312c09065,945.9,47487707,2026-06-18T06:39:21.000000Z,0xb8a9ba46f631bba9fa859359c8180dd16942836ed426636e6aa569bbd5830642,0x1278c1e48e3c9548a5d9f2b16dc27ed311b0697c
B10,81,0xc7987ff1fac8a334c2f194833489698801be1e41,557.84,47487710,2026-06-18T06:39:27.000000Z,0xe1e01da15ac4edb4a20dea5b93575179ef2d525b665f3f6b2d804bd2cb708c4d,0x501ef174b66883ba40f92e6fb24bfb49331d4d4c
B10,82,0xd248d6fc1fdc2272fac067ba4d6d38da9afce6a8,1455.23,47487713,2026-06-18T06:39:33.000000Z,0x059f8ecc78d16edcaa2a8d797ffb5aa8790bf33af3d800f107586e9bb99ff38f,0x4b5c33c3c7a31bd108f5a99b64683b0056a62226
B10,83,0xd26fbbe84a06a33a3b02dfefbc5f07f3c797847e,4220.19,47487715,2026-06-18T06:39:37.000000Z,0x8331387d7343a0f92cb4ec82c8cda152901ec19a6b00cf4ec6558159f89a6b16,0x1278c1e48e3c9548a5d9f2b16dc27ed311b0697c
B10,84,0xd3423c669379fa65a9c93abfe618c165c3402eee,121.26,47487718,2026-06-18T06:39:43.000000Z,0x0c98cb0d15141d7119595efff4cf11e86ad522bf90ad3d0cf56f9f07402e6d67,0x1278c1e48e3c9548a5d9f2b16dc27ed311b0697c
B10,85,0xd445d3452f40581a6020185c3d2c40653ee30687,2231.37,47487720,2026-06-18T06:39:47.000000Z,0x3a5bb8e26fb083e0f12372354ecd1ea244d7f719f934cd2a553cfe88c0a851d6,0x4b5c33c3c7a31bd108f5a99b64683b0056a62226
B10,86,0xd66410873184688aed423a6dc03b4d19cf61c493,6209.0199999999995,47487722,2026-06-18T06:39:51.000000Z,0xbc50ae4c412c3c1c52bdb6225719dc8366978232025be7643ba0ee4527f1ea0b,0x4b5c33c3c7a31bd108f5a99b64683b0056a62226
B10,87,0xd78bce56e0a0841ad1bb3619039b391f51edc3f2,121.26,47487725,2026-06-18T06:39:57.000000Z,0x742b0b1cd80fb4fdf2b5b84fc7dceae785603aaabc06fa20b72e2d033f37b4d3,0x501ef174b66883ba40f92e6fb24bfb49331d4d4c
B10,88,0xd86b62656b5772b4f982b34e0f6bbef62c02dde1,1722.04,47487728,2026-06-18T06:40:03.000000Z,0xddab840dd7db8ef8663dd2d7c69bbc6026754556be0c441330a44bd9e469353a,0xbdbebd58cc8153ce74530bb342427579315915b2
B10,89,0xd9b216142e0de3e1b125263b640296eccc804acd,7033.65,47487731,2026-06-18T06:40:09.000000Z,0xd00960172d94ff10717ef220e2470298e6f4cb9b359ae45e9f355b2d8ab9434c,0x501ef174b66883ba40f92e6fb24bfb49331d4d4c
B10,90,0xddc1e6f7b1d1ba8e5ba40686e83e42c7a41688ba,169.77,47487733,2026-06-18T06:40:13.000000Z,0x16bbb9af2d9d7206a337a94e6fc7b11e08cbf8b8c7d6e7241e97ae96654c9de7,0x4b5c33c3c7a31bd108f5a99b64683b0056a62226
B10,91,0xe136359429cf0e1cd6464290a4cf40153b080fdc,2304.13,47487735,2026-06-18T06:40:17.000000Z,0x411af2a7d056b391a9eab622b5578f15f227070cb27122f45322594491f5a086,0x1278c1e48e3c9548a5d9f2b16dc27ed311b0697c
B10,92,0xe18cdb91636d678b7b4f1b683c1c7d8cc660ccf5,121.26,47487738,2026-06-18T06:40:23.000000Z,0x641ca3afa9e26a3353374f2ff8fe9077ea82071c419cd9f9fc0abd94730d9ae3,0xbdbebd58cc8153ce74530bb342427579315915b2
B10,93,0xebf295a596116a9b3a721f68d6e507b17bad606f,218.28,47487740,2026-06-18T06:40:27.000000Z,0x14b97d78bc2eab1e6be5b18e202ef6001ec616cdd666fddf69ecdfa5cd0a5597,0x501ef174b66883ba40f92e6fb24bfb49331d4d4c
B10,94,0xed3be164d55d3d91a7fd7f458b4ab10d1d16979a,4632.51,47487743,2026-06-18T06:40:33.000000Z,0xc5e72ab1be41df580f3aaac2807f02d5d1fd91c6f0044c281839ed94861c9bc0,0x1278c1e48e3c9548a5d9f2b16dc27ed311b0697c
B10,95,0xf288c738e520f0fe1a7214061518706346fea24f,1673.52,47487745,2026-06-18T06:40:37.000000Z,0xcc518167ee06f5cb9247500e1dd5860e25c025f50d6d1027d2e3e6df31f599c3,0x4b5c33c3c7a31bd108f5a99b64683b0056a62226
B10,96,0xf665c85eb717bb3535f9a1162e09f3acc32e9f86,2595.1800000000003,47487747,2026-06-18T06:40:41.000000Z,0xb7b1f07c1a878e0238a272847c46abc7325f16c824d70159e2734e4c33ce9f9c,0x1278c1e48e3c9548a5d9f2b16dc27ed311b0697c
B10,97,0xf671b495f40934947a68a959d41ee75b45f5790a,1673.52,47487750,2026-06-18T06:40:47.000000Z,0xe31d351490d08cf1ec676d5a90d5927ee85e6c0b21e01d4fbf742c0d50bc9fee,0xbdbebd58cc8153ce74530bb342427579315915b2
B10,98,0xf6aec3d48f174c7df20763b889c61f4a22292069,7179.18,47487752,2026-06-18T06:40:51.000000Z,0x79f169c051bbc653dc205932011204c3025de839dfd5b28b5474634ba2576977,0x1278c1e48e3c9548a5d9f2b16dc27ed311b0697c
B10,99,0xf9c7b9112b8b4cd16835f33ec8abdaf903b4385b,3613.85,47487755,2026-06-18T06:40:57.000000Z,0x87dfc6eea746d23a2bc4351979d47eb32c2b0811de7e728e649fecb7a65f5519,0x4b5c33c3c7a31bd108f5a99b64683b0056a62226
B10,100,0xfc765f8598bf0cb6aee46aba17bd3e94648639c7,1649.2600000000002,47487758,2026-06-18T06:41:03.000000Z,0xc5b9958cb1cfe9a21fc38e3a437647e498eff6e35a7fb0515f77b1f473806ee1,0x501ef174b66883ba40f92e6fb24bfb49331d4d4c
B11,1,0x02e34cb1a3db5692b51f555cc9bea3c68356f257,1157.09,47517744,2026-06-18T23:20:35.000000Z,0x0b291d4fa2c20922cb41f3b266bc091dea1017c135472ef5f99c3a752740c8f3,0x1278c1e48e3c9548a5d9f2b16dc27ed311b0697c
B11,2,0x032c8cc8b9b6a9c20afcab804bbc3aab664d2311,1904.39,47517747,2026-06-18T23:20:41.000000Z,0xef3214a2a51d5075d38375ac595cbe7806eda19e7cea9fa2b085555495f5c111,0x501ef174b66883ba40f92e6fb24bfb49331d4d4c
B11,3,0x03e1ac8326172de3e9e26f646318262ffc1f3472,1832.08,47517750,2026-06-18T23:20:47.000000Z,0xfa5a27df0bb21329636c2bbea456b5b4359846d394ba4384727f6f89ab1489a8,0x4b5c33c3c7a31bd108f5a99b64683b0056a62226
B11,4,0x0475520633538f541f9441e31f71a71a1abbf59b,2241.88,47517753,2026-06-18T23:20:53.000000Z,0x367f3ae8fa886a236de31eb62bf4521271f2c38ea5d9966fcf9ac3ae03754b75,0x4b5c33c3c7a31bd108f5a99b64683b0056a62226
B11,5,0x0497de767b985a8a82260c9c8ba1e48916f444eb,1325.84,47517756,2026-06-18T23:20:59.000000Z,0xbf322e11ac99c0a2f844eca40c1ba502c41d220d7876935d99ef1577ddc3f4c5,0x1278c1e48e3c9548a5d9f2b16dc27ed311b0697c
B11,6,0x058325de173664a2ef5d96a86f5b24dd999e4fe0,1325.84,47517760,2026-06-18T23:21:07.000000Z,0xc5bd5806c7c40384ab40d8ec774fbf71ef39470f2909c8a22fdf3eafb846ae95,0x1278c1e48e3c9548a5d9f2b16dc27ed311b0697c
B11,7,0x06cad146563cc1a8aebfbb20492a4b69327ddc57,96.42,47517764,2026-06-18T23:21:15.000000Z,0x177d94b5d01d26de2ce6d78b1dacf2d5720855604e982f89ef3e7c32d50b33d2,0x4b5c33c3c7a31bd108f5a99b64683b0056a62226
B11,8,0x0b4e7763c87b4c63a33185050deba611a4da1e07,1783.86,47517766,2026-06-18T23:21:19.000000Z,0x5dcd3977af4e30802410a90d8c74c295436e70eabcabbe387fc16f99bacee150,0x4b5c33c3c7a31bd108f5a99b64683b0056a62226
B11,9,0x11e3ee29102ab99694027c1bdd9fee4331c6e2d9,13861.07,47517769,2026-06-18T23:21:25.000000Z,0xfeb31dd521f3c6184c7db23c2d4dc45a4ecb85482df8383ceb783de84bd9d5d0,0xbdbebd58cc8153ce74530bb342427579315915b2
B11,10,0x1db74783ead0a9e49d55501043d45394da121be1,1301.73,47517772,2026-06-18T23:21:31.000000Z,0x5069055c4cde5b5c3389be5858978e9b7b75bb59bc66c132fa8e559b4da4c831,0x501ef174b66883ba40f92e6fb24bfb49331d4d4c
B11,11,0x1f6c72bb3a9a0af3e8539df2af5de3404bc20328,2217.7799999999997,47517775,2026-06-18T23:21:37.000000Z,0x282e7e5cf6b091723e1282d94dd4d3113c9ad5fec6602769800aabfaf21257f3,0x501ef174b66883ba40f92e6fb24bfb49331d4d4c
B11,12,0x20a32c84f008d8f33fe90bd17c339ad1c22c0cca,1494.58,47517777,2026-06-18T23:21:41.000000Z,0xa4affb1dd1670d9a72ba6803c773c0d6d3ae7f61d24e14b2ba74bc8aa473f593,0xbdbebd58cc8153ce74530bb342427579315915b2
B11,13,0x214dba848bad52da7789a448d9cba390c7dd54cb,1783.86,47517780,2026-06-18T23:21:47.000000Z,0x3e6af492181fd80a7f826a050b95f6ad76efe4e592f4b90e46a106b663d59214,0xbdbebd58cc8153ce74530bb342427579315915b2
B11,14,0x21731cc60cb63fabaa7fcfee0688ee3d1f6ea3f9,1301.73,47517783,2026-06-18T23:21:53.000000Z,0x4e2cc72dcda742672c49bba1153837be061b790999e6cb28959cd3ccbf1d297f,0x4b5c33c3c7a31bd108f5a99b64683b0056a62226
B11,15,0x270949978e50633282f0633f1315bf497a7c11bb,96.42,47517786,2026-06-18T23:21:59.000000Z,0x95c8d90cb304086d8063bfb47b17f8711db3044bb172bec5f26b41d50cac216a,0x501ef174b66883ba40f92e6fb24bfb49331d4d4c
B11,16,0x29ca9f767567e24cf09a6fdd35f343e9accf0d92,1374.05,47517789,2026-06-18T23:22:05.000000Z,0xf9288c48e826e48224a64fd86689e628f95408727219795b8459e2165a8fc052,0x1278c1e48e3c9548a5d9f2b16dc27ed311b0697c
B11,17,0x2d2411845a9af4791b6dc54a888bc86a69a836ac,1325.84,47517793,2026-06-18T23:22:13.000000Z,0xacf5d16e542c0defea91e99260d3ed267e00d0b639a19c3270e78efb105e712b,0x4b5c33c3c7a31bd108f5a99b64683b0056a62226
B11,18,0x2f259d7a3d03f5776bcc839fffd6da690164e9cf,1374.05,47517796,2026-06-18T23:22:19.000000Z,0xa76d1bdecc42988ca2960816217d86be49a80492a3f720835cfc548ac6d2e895,0x501ef174b66883ba40f92e6fb24bfb49331d4d4c
B11,19,0x347797b313764614977d5fc32333d359252c053f,28806.91,47517799,2026-06-18T23:22:25.000000Z,0xd4a8f936f292e9988200fd1fd3f683c6579ba1480db6b69f54504f0ad6604092,0x4b5c33c3c7a31bd108f5a99b64683b0056a62226
B11,20,0x3645d0ccc4bf1f8f2f49f2c7902cf150f79ea594,1325.84,47517803,2026-06-18T23:22:33.000000Z,0xd2e2b6e09c184b3c4feafa9973ab0cbcb6a08dc3c51b77a6cf0643ee72b2e7d4,0x1278c1e48e3c9548a5d9f2b16dc27ed311b0697c
B11,21,0x3728679964f1fd1dbc1116cfb439e7c3a60865f4,5737.28,47517807,2026-06-18T23:22:41.000000Z,0x4204a050a09f916846f9f16155acf34699cf15ecfda9518fd77f28f87b5e7393,0x1278c1e48e3c9548a5d9f2b16dc27ed311b0697c
B11,22,0x37335ae7703c2bc3ef8feb2385d7fc11ee51b6de,96.42,47517810,2026-06-18T23:22:47.000000Z,0xf55b67c5ae9c2734b1cf4acab8e0d8a97562300b5431ab4c31ea4bfc4e559226,0xbdbebd58cc8153ce74530bb342427579315915b2
B11,23,0x3ff0868e3ce0d8c92db00355157a18951ea9310b,3037.39,47517813,2026-06-18T23:22:53.000000Z,0x88da0295d198dfbf31db173f108250a35779c8604935a5801a35616f0260cc14,0x1278c1e48e3c9548a5d9f2b16dc27ed311b0697c
B11,24,0x41ae239e747c0b372c1eb1bb67dc7d4af6d9cd33,3977.5299999999997,47517816,2026-06-18T23:22:59.000000Z,0xfcee59621c5ba3078e17520b8823b53b02c2ccbfab99360753a103c992300822,0x4b5c33c3c7a31bd108f5a99b64683b0056a62226
B11,25,0x4500b84c7b1eedaa5318cfe8daf1068bbb11b057,2482.94,47517818,2026-06-18T23:23:03.000000Z,0xfaf3a2bba834cd8bb934d9463e5a1306a48e3eae038b854ce7aa4ae636dff70f,0xbdbebd58cc8153ce74530bb342427579315915b2
B11,26,0x46df22c13434b66b16a22a211ba50617cccffcd0,5568.54,47517822,2026-06-18T23:23:11.000000Z,0x0170d0e39cd3963ac6c66466875823c0559344926a2e530f4a3c729d39c4f831,0x1278c1e48e3c9548a5d9f2b16dc27ed311b0697c
B11,27,0x49a6c034c53210aeba913c5c4731d84b85dfb494,6147.089999999999,47517825,2026-06-18T23:23:17.000000Z,0xdfd9f65e12f2c3f2d185e5798834ca97bd7f511937338f2145a07e29598dd2be,0x501ef174b66883ba40f92e6fb24bfb49331d4d4c
B11,28,0x49dae90cc12832f19592352ba4ff155e8142e181,1422.2599999999998,47517828,2026-06-18T23:23:23.000000Z,0xf1926474f46696160a2926e71513355b2a410e6388c4fa6e1a165f2f19298bd6,0x1278c1e48e3c9548a5d9f2b16dc27ed311b0697c
B11,29,0x49f02bcbc5de53714e464b0a8a92f7f50dd427ca,1615.12,47517830,2026-06-18T23:23:27.000000Z,0x653b0664928eb80a759fcf6925951edb21463a74fc9bb23630b52b5f967b38b0,0x1278c1e48e3c9548a5d9f2b16dc27ed311b0697c
B11,30,0x50ba63814127d1f3573956df21bb9990ffa20720,1832.08,47517833,2026-06-18T23:23:33.000000Z,0xcfc1728186a4893373582340902eb3756a0284c4fe9e21a149817f2e7c8035a1,0x4b5c33c3c7a31bd108f5a99b64683b0056a62226
B11,31,0x5557d83208da5259a17539f1602c947410208669,1494.58,47517836,2026-06-18T23:23:39.000000Z,0x343811c66deaa9ac6ead99c24a56dc3171c276abf69cfbaa556b874b82ce38d4,0x501ef174b66883ba40f92e6fb24bfb49331d4d4c
B11,32,0x59a54572a72d8d3a5eea52c97c1239e983ef8ecb,1591.01,47517839,2026-06-18T23:23:45.000000Z,0xbc7ebbe8ad02c340f6a89dccecefc663736423083ef50d60f0dd1a3a8d3dfa62,0x4b5c33c3c7a31bd108f5a99b64683b0056a62226
B11,33,0x5b968573fec95cb9d03938dade5566d2420d0859,1422.2599999999998,47517842,2026-06-18T23:23:51.000000Z,0x4771f065c75664617badb5921a97a261efc69fc1f25969ae82124514a749db74,0x1278c1e48e3c9548a5d9f2b16dc27ed311b0697c
B11,34,0x5cbe203ad1b6dda168fab73c3979a883caba47a4,1157.09,47517846,2026-06-18T23:23:59.000000Z,0x5a08b50e0b096c41b02b424ad872976347f3a4b21fc33582a322f38260371a29,0x1278c1e48e3c9548a5d9f2b16dc27ed311b0697c
B11,35,0x5d624b466f22d15d58ce179f028d5566ff7eff7b,2241.88,47517849,2026-06-18T23:24:05.000000Z,0x244f2cf7a17fc0460142e1d5a07c1be8c8ebc13d95a56609e929ff2b666b0a05,0x501ef174b66883ba40f92e6fb24bfb49331d4d4c
B11,36,0x5f6a1ec929a69a2e8a30f86d212d0852143a6bd8,1832.08,47517852,2026-06-18T23:24:11.000000Z,0xba0efb18330441dd57b247726a370801f1ea1df2ab1a945ea5d8efb70491af81,0x1278c1e48e3c9548a5d9f2b16dc27ed311b0697c
B11,37,0x5f7689bba8c60c7eb05c78b71cfcb0a40f655351,3374.87,47517855,2026-06-18T23:24:17.000000Z,0x7b0089a8d81d964dac7e37cb10a8fb1bdaca976e81a7868d2de646fa0162c3ad,0x4b5c33c3c7a31bd108f5a99b64683b0056a62226
B11,38,0x62545441046f3aff8add711d700813cc1f7d48c1,1615.12,47517859,2026-06-18T23:24:25.000000Z,0xc8f9c0d47193daa84499097a91a2a0a27acf36e74f883acc67afcedf86a2e956,0xbdbebd58cc8153ce74530bb342427579315915b2
B11,39,0x646d4719be730250038efe4982b2311ada892a58,1518.6899999999998,47517861,2026-06-18T23:24:29.000000Z,0x6d34003748633b7214e0c83a9265d2fcedcd926c9492723ee98f47e7759c2786,0x501ef174b66883ba40f92e6fb24bfb49331d4d4c
B11,40,0x6ceb626bfbea7effc5009bd6b68824d1dd07c9fd,96.42,47517864,2026-06-18T23:24:35.000000Z,0x4081d4ebc526e77818f62cbdbac037da67bc87322d13491cf92084dd60437297,0xbdbebd58cc8153ce74530bb342427579315915b2
B11,41,0x6eca2a9686f70805bcf8570de66cf00d783f15fe,1325.84,47517867,2026-06-18T23:24:41.000000Z,0xb3f2cd0ddef1bb6aa7bda27a13c882f2fe55637152774ba3d0791db836c7f146,0x4b5c33c3c7a31bd108f5a99b64683b0056a62226
B11,42,0x72a689da6d280772f0e231dc3f5fc4b12d351780,4917.669999999999,47517871,2026-06-18T23:24:49.000000Z,0x0886da256bb21f3921fe3dc921cb29e3558f09acaf84485fcd90e2bc96754331,0x501ef174b66883ba40f92e6fb24bfb49331d4d4c
B11,43,0x730bdbfbdad0f2abe842adad2dfb228fb707a532,5689.070000000001,47517874,2026-06-18T23:24:55.000000Z,0xb7db9148d27061511a0aea23d799249df3f8636bc38d228978a63876a09fd3fe,0x1278c1e48e3c9548a5d9f2b16dc27ed311b0697c
B11,44,0x751feb52bd84148e7adb216b678291d34815caea,747.29,47517877,2026-06-18T23:25:01.000000Z,0xe3cb0a1f602623f4492664fd770dd319802e0d117286d02315fe6fa3b033c577,0xbdbebd58cc8153ce74530bb342427579315915b2
B11,45,0x75f9f4a2074700636b85b324d037456091507a41,458.01,47517880,2026-06-18T23:25:07.000000Z,0x8a06d12bd21665a4a2dc45b1a6782aab78082f4dc72801ddcf55fcca2eab8262,0xbdbebd58cc8153ce74530bb342427579315915b2
B11,46,0x7a10f54eedcefb1d6eea4d691acb3e71305f04d1,1422.2599999999998,47517883,2026-06-18T23:25:13.000000Z,0x355da7fb28758f7284100f2ed027e307be476b0458c137d4b9b69b22e38a2fb6,0x1278c1e48e3c9548a5d9f2b16dc27ed311b0697c
B11,47,0x7df026139497fcd0989425c69135792c3e84b09d,9979.97,47517886,2026-06-18T23:25:19.000000Z,0x07a6cf12f77d2ea1a19732ce06c72aff8b4d99f4813ed21f843de981d35f597b,0x501ef174b66883ba40f92e6fb24bfb49331d4d4c
B11,48,0x88ba52abfa8509d6c8ab8f524b673da4290dac36,96.42,47517889,2026-06-18T23:25:25.000000Z,0xca5d483633dba89adaed27d96fbd582f317686a51eaa41cb30a79634266c7396,0x1278c1e48e3c9548a5d9f2b16dc27ed311b0697c
B11,49,0x935cbdeee0b0d8e68a69e8ce0c3ff4450da7adba,1807.97,47517892,2026-06-18T23:25:31.000000Z,0x04aede3f5af4b16914a8e823952b6904abe70caa6d216cb0f9c68eec04a42f4d,0x1278c1e48e3c9548a5d9f2b16dc27ed311b0697c
B11,50,0x9537c3c1068ed7070304c50296d6aad89e8c669b,13861.07,47517895,2026-06-18T23:25:37.000000Z,0x87bbf42a1e40fad3cd8d149fbf04e908bcae3f49e057b10c104073caf19d1dd0,0x4b5c33c3c7a31bd108f5a99b64683b0056a62226
B11,51,0x97070a7f6f20db27044894b01485f662618c702c,1591,47517899,2026-06-18T23:25:45.000000Z,0xc3c5fc29f01b06e4ee782b1078052bf56618661944d46c22b45cb29d7e2aa6cc,0x1278c1e48e3c9548a5d9f2b16dc27ed311b0697c
B11,52,0x97a8f440b19cb3ac664ad9541aa73314ef79c341,6147.089999999999,47517902,2026-06-18T23:25:51.000000Z,0xc2ffe5905f5134f802da3f3dde6cd9753df9d2e257d06e8f194cb046861962c9,0x4b5c33c3c7a31bd108f5a99b64683b0056a62226
B11,53,0x97f6f88c473fcaa91cf9e5ff31a9804c69900c8d,3374.87,47517905,2026-06-18T23:25:57.000000Z,0xf8d3f63d51d18e491e85ccf02759f5541bd653d44d43be26b735bf5e1bf65997,0xbdbebd58cc8153ce74530bb342427579315915b2
B11,54,0x9c277a628326ff02066639fcdff3f4658cb65e19,1374.05,47517907,2026-06-18T23:26:01.000000Z,0x14b17ea54611a3c3201bb465996f8a206ea8bcdb6640730ce1309003caab23e0,0x1278c1e48e3c9548a5d9f2b16dc27ed311b0697c
B11,55,0x9c370f28023613c381c88281965915611048ff81,313.38,47517911,2026-06-18T23:26:09.000000Z,0x3fbc26f5b52584e881ded841a4bdda08dc5fa4a7626e68b49f1b2c039450e124,0xbdbebd58cc8153ce74530bb342427579315915b2
B11,56,0x9d91ed74e6209a9e7a830d536251eac235f7da5f,96.42,47517915,2026-06-18T23:26:17.000000Z,0x3c9ee9b6cca9d97f08cd5405072fbbab8737ad58fdb5b8ca9a3574d1d5141fc7,0x4b5c33c3c7a31bd108f5a99b64683b0056a62226
B11,57,0x9e19510c57f1735a91f57133f54145b7e6de8f26,3326.66,47517918,2026-06-18T23:26:23.000000Z,0xeb56964709ccb69390581ad42e42e82ebc9aae856a1f0cb5d418dfbccb4589f8,0x4b5c33c3c7a31bd108f5a99b64683b0056a62226
B11,58,0x9f964f6e942c1b2d884f1414d77fe0cdd7659f36,96.42,47517922,2026-06-18T23:26:31.000000Z,0x45234150ffef4551e46935917bba84c28716528e51699b3c73e1dc39d11d3ac5,0x1278c1e48e3c9548a5d9f2b16dc27ed311b0697c
B11,59,0xa0538ab205ce5086aa4688bfd700a796a7f99cdc,1325.84,47517925,2026-06-18T23:26:37.000000Z,0xaf5055462407acc650c3975191f1f8aaab5a4e175e8853575f54e4289e91888a,0x1278c1e48e3c9548a5d9f2b16dc27ed311b0697c
B11,60,0xa0cd905a3c5cc35d94d97aa0bc29c5475f1a1b78,1325.84,47517928,2026-06-18T23:26:43.000000Z,0x3953206e72c1a6c2fb63fd5bbcf214b09e3be6f0a19603285e9a35e1d18cd097,0x4b5c33c3c7a31bd108f5a99b64683b0056a62226
B11,61,0xa4583d2a67e93fd485d30b4acf7dcf50b4258cf6,120.53,47517931,2026-06-18T23:26:49.000000Z,0x01b41a2050884f62c94b761cebd3960021869c94f81831ba18e6d6ce1ceddca7,0x4b5c33c3c7a31bd108f5a99b64683b0056a62226
B11,62,0xa73e96c245535cc041587a68b021e66fd6025d05,1301.73,47517934,2026-06-18T23:26:55.000000Z,0x6ddec3077a44a3725026091b3082614b66303a9ebc026473cb8d61f2d27087e8,0xbdbebd58cc8153ce74530bb342427579315915b2
B11,63,0xaa0a40c4f73ebad46456c8c1259620341c23c8bd,96.42,47517937,2026-06-18T23:27:01.000000Z,0x744d668e1b0db4bd982a0e6f9aeef7f70d3ed1b127d4d0f7198d061b6ce11564,0xbdbebd58cc8153ce74530bb342427579315915b2
B11,64,0xaaa71cfbbee7ced423a279f4f7770ef7e08ecf1b,1422.2599999999998,47517940,2026-06-18T23:27:07.000000Z,0x473cd26ccce29ebccc0649672cbcf2fff9f3a69ea34ef7f928763d0011c23d41,0x501ef174b66883ba40f92e6fb24bfb49331d4d4c
B11,65,0xac453152c6b738baefb8775f646bfbaf21b20191,96.42,47517943,2026-06-18T23:27:13.000000Z,0x65ae6c7e60260b24c3888a9bf7533797e0d8a1706a5ac9014e0ddce8e8b14d86,0x501ef174b66883ba40f92e6fb24bfb49331d4d4c
B11,66,0xacc0e857d15c8df7f6cb7f61e55e97580ddc85c6,2507.0499999999997,47517946,2026-06-18T23:27:19.000000Z,0x142837e398abc3d5d3982fb7381aab9297343117b3e3ba18d3e4faf9f97982b4,0xbdbebd58cc8153ce74530bb342427579315915b2
B11,67,0xae53066fd42fb7c524f48baf0f4c9cc389b8d0f0,1518.6899999999998,47517949,2026-06-18T23:27:25.000000Z,0xd5341208facb37898b4e3232403668e99d7387049221819734f9f1c1c516010d,0x4b5c33c3c7a31bd108f5a99b64683b0056a62226
B11,68,0xb3369af870a4242499ff1d456775ab70e3c75bd1,458.01,47517952,2026-06-18T23:27:31.000000Z,0xaf382475aa760b6817ba951c24f64c2fc7444ec5cd851264a5ca20c7556d2867,0xbdbebd58cc8153ce74530bb342427579315915b2
B11,69,0xb58836e82fe5c5558a07fc42a7235e4c410544a5,3037.39,47517955,2026-06-18T23:27:37.000000Z,0xdcc3ab4f4dc9b83baaa2a89ac08565a9dd71e43e3a469f6b7306b56f7876a62e,0x501ef174b66883ba40f92e6fb24bfb49331d4d4c
B11,70,0xb60c2c4444c2a7600452f6876ac2090b09eb2fb4,1301.73,47517958,2026-06-18T23:27:43.000000Z,0xba11bffc96d32ef663204d40fe1562229abe6158a505f7e5b12218f47d35c48e,0xbdbebd58cc8153ce74530bb342427579315915b2
B11,71,0xba1e322801fa30840a400d741f6815fc684ea49f,6412.250000000001,47517961,2026-06-18T23:27:49.000000Z,0x90e6595abe062a087473402a46fa99988fc6856ee4d1005e189bf03ff87347c9,0x501ef174b66883ba40f92e6fb24bfb49331d4d4c
B11,72,0xbe054256ccf45bb25c3dbff75cbc97d433d136fe,96.42,47517963,2026-06-18T23:27:53.000000Z,0x8a0504123cac39cea0c14313a4e204f891947cf2750e68dd29da822edce9384d,0x501ef174b66883ba40f92e6fb24bfb49331d4d4c
B11,73,0xc0c239087f625e76c6ebe4b8bcf1089f1f3f8610,458.01,47517966,2026-06-18T23:27:59.000000Z,0x88c6f21a327b4ebd685ab79d03d3bccf2e9f7852a0f106943548ca396079f207,0x501ef174b66883ba40f92e6fb24bfb49331d4d4c
B11,74,0xc288ef82e943643021f3341166eb71bb1454dc34,144.63,47517969,2026-06-18T23:28:05.000000Z,0x9c53aed8251226c20eadc18b0457a685074bd7f166ad65f0dbf2ea038f2940f1,0xbdbebd58cc8153ce74530bb342427579315915b2
B11,75,0xc51ec6caf28813a23c2b8de0506615a8739081d3,4917.669999999999,47517972,2026-06-18T23:28:11.000000Z,0x01396d77da534e563acdbea80f0c2932d359c734c2fbd9ab4c4cb0b7fbc726d5,0xbdbebd58cc8153ce74530bb342427579315915b2
B11,76,0xc5d7274860af446c43ba78b613d8b35049d1f2cd,2386.5200000000004,47517975,2026-06-18T23:28:17.000000Z,0x4106bd91298633f53c3edf3571224120af569951d29ee13ef80d9d8893e77268,0x1278c1e48e3c9548a5d9f2b16dc27ed311b0697c
B11,77,0xc6f33c2dead1506b49d8dd4a62d33802e0ea88e3,1132.99,47517978,2026-06-18T23:28:23.000000Z,0x166f9c5ca449578143c3ea89d6b15171131684c91bbc34fe17959f92dbaed449,0xbdbebd58cc8153ce74530bb342427579315915b2
B11,78,0xc7afd7a7f63f9f208b4b0e393d0a5f8aeff7b9ab,144.63,47517981,2026-06-18T23:28:29.000000Z,0xad2b2c0cf7833984a6413eef8e292124a99c4465fddf2f62761c11fd6be37d4b,0x4b5c33c3c7a31bd108f5a99b64683b0056a62226
B11,79,0xc7b0762ece3d532e4f50a771be4b3d5569a78570,1928.4999999999998,47517984,2026-06-18T23:28:35.000000Z,0xd1d1f56164f17be12c706d4276e80265085b9b8211fe83be05c7dc5a0d649e94,0xbdbebd58cc8153ce74530bb342427579315915b2
B11,80,0xc8d087b728c532e3a5b3bf7411dbe2a8d0c85e23,96.42,47517987,2026-06-18T23:28:41.000000Z,0xc5ee7d556c13473768dfda4aeabd34f0f164043a4b6de2b51629ba5e1292b540,0xbdbebd58cc8153ce74530bb342427579315915b2
B11,81,0xd2f2439408f3ac433095a4eea30b3098478b3ecb,1422.2599999999998,47517990,2026-06-18T23:28:47.000000Z,0xcffbd2a444b62754a820bb12ebad8139154fe1eb922cdeaf743b7fd38ce659f2,0x501ef174b66883ba40f92e6fb24bfb49331d4d4c
B11,82,0xd73e494f33adb7d067975b833f625bc62970a165,1663.33,47517993,2026-06-18T23:28:53.000000Z,0x3d0e4a8577e4109d5ee668c86d580e4599263f7619f73fb7696a4604ffeb8268,0x1278c1e48e3c9548a5d9f2b16dc27ed311b0697c
B11,83,0xd7942819b5e207a2173a65adf6f60d48eca31ce9,2024.9299999999998,47517995,2026-06-18T23:28:57.000000Z,0xb5dfea2e17d48a0828dc359ccae500920c44571c721c0670b60e5f66c27bae3a,0x501ef174b66883ba40f92e6fb24bfb49331d4d4c
B11,84,0xd7edb03bb5329ea58f63eaab7020ae5658fbd187,3832.89,47517998,2026-06-18T23:29:03.000000Z,0x426c1a58d279f915b99b9c533f90c7daf3adf8ccebb4af3af2fcb94ff5b08384,0x501ef174b66883ba40f92e6fb24bfb49331d4d4c
B11,85,0xd8233baff9dcf9a84efccc496e41a5faf6679d40,1832.08,47518001,2026-06-18T23:29:09.000000Z,0x275316a2f2b7e1e808ecd808fd5525b94039dbf8e9ca8521e32ca920bdc1ca35,0x501ef174b66883ba40f92e6fb24bfb49331d4d4c
B11,86,0xdcc356a06b69b28bcdd1758137446f064142ed89,1928.4999999999998,47518005,2026-06-18T23:29:17.000000Z,0xadd95096238bf6e1ef6ae776a59c7f2e308d04a202dc610c4ac3f3d1334e2261,0x501ef174b66883ba40f92e6fb24bfb49331d4d4c
B11,87,0xdd1c6c16dee34f72f7708d18b305d86ce89a7958,96.42,47518008,2026-06-18T23:29:23.000000Z,0x5a9fe445e5a4712295b597c0208d8a1d41740e26062eccf439850df1a6352f4b,0x501ef174b66883ba40f92e6fb24bfb49331d4d4c
B11,88,0xe221557d94c161f1811868c5c3b24b75187f211c,1301.73,47518011,2026-06-18T23:29:29.000000Z,0x20b1ccc60c935ba301f1b98602cbec2a33c5131990e8827523d71e08b3c80866,0x4b5c33c3c7a31bd108f5a99b64683b0056a62226
B11,89,0xe61f2d94a8b5c4fcd1749d685cf8f68627293ec4,1494.58,47518013,2026-06-18T23:29:33.000000Z,0xf37d804af9059bad854708a7659207bab3d5e691d7a1f74278e322264ebed4d3,0x501ef174b66883ba40f92e6fb24bfb49331d4d4c
B11,90,0xe71aad1fd34bdc76380f2ba2675e18d8c8c81062,1132.99,47518016,2026-06-18T23:29:39.000000Z,0x4495a38b4b5dcb0c6465a2409694facb3e5a700709d6e08380d3a6b2abc7441e,0x1278c1e48e3c9548a5d9f2b16dc27ed311b0697c
B11,91,0xe820b5c63557cf8c59a271865f237fd5dcee4d45,3832.89,47518019,2026-06-18T23:29:45.000000Z,0x30d7bcfd46e529b3dbbbbd298cd34065dfbb917d0d15aaae850eb272fb1dc88c,0xbdbebd58cc8153ce74530bb342427579315915b2
B11,92,0xe83345613292c46d362bc3265f0327f3be088c75,2049.03,47518022,2026-06-18T23:29:51.000000Z,0xf4a7193fa601f4d0a70ccb695d98c49eef41e1a1dc8ea00e57ed3b7af2f20018,0x501ef174b66883ba40f92e6fb24bfb49331d4d4c
B11,93,0xeabde7938227e8d175ced3c100d43dfee0ebd682,96.42,47518025,2026-06-18T23:29:57.000000Z,0x069effbcd42cb41eb05136f7d5a0c4ec78dca1efc2ab3ae211954fc818cbef39,0x4b5c33c3c7a31bd108f5a99b64683b0056a62226
B11,94,0xec2d899ef7989648862dd1df9cdadd52427016a3,1904.39,47518028,2026-06-18T23:30:03.000000Z,0x9fa726c27ce999d03f505a1d10c3bc637cb975e538a95b878d2c7652ad56e431,0xbdbebd58cc8153ce74530bb342427579315915b2
B11,95,0xee5617e18922ddd6411c7202cfab358fbb69e816,1615.12,47518031,2026-06-18T23:30:09.000000Z,0xe709824c85a10623efdba640a35d55e7e84b253daaa0d49bcdf266bdc0197f3b,0x1278c1e48e3c9548a5d9f2b16dc27ed311b0697c
B11,96,0xeeab6b9c0cb916c4e4251dcbfe8e47f393b4b8ad,2217.7799999999997,47518034,2026-06-18T23:30:15.000000Z,0x7ae4e115f0bb11022c74de6003ac4385f5602369cd5802af6f72789acf65497a,0x501ef174b66883ba40f92e6fb24bfb49331d4d4c
B11,97,0xf11ae10247ee645fd340f9bf9bed3f976781a31a,1422.2599999999998,47518037,2026-06-18T23:30:21.000000Z,0x2739c93dc587dfba6124d6f22e28727ea379bfbf738f897e423026b62dd0e822,0x1278c1e48e3c9548a5d9f2b16dc27ed311b0697c
B11,98,0xf62b8f12d682a06ad79935684f1b157bbd4e6825,96.42,47518040,2026-06-18T23:30:27.000000Z,0xc08e1bd2d92102dab906d8edf5acef960a93a633c2e4dac9090fd5d07a937109,0x501ef174b66883ba40f92e6fb24bfb49331d4d4c
B11,99,0xf72e6b9eadc56cd80cf95f0d53c59f550cf0517f,5737.28,47518043,2026-06-18T23:30:33.000000Z,0xb4005ace3eef7187761a05ecfb6853e4340de798e67c5edb215f309b07745a64,0xbdbebd58cc8153ce74530bb342427579315915b2
B11,100,0xf8aa5ea96668fbadce44ef03a00342651b134998,313.38,47518047,2026-06-18T23:30:41.000000Z,0x1dc7435e0a4623a926f1442dd386c6c6884828b1143b7d2aadc1927b3f7fb405,0x1278c1e48e3c9548a5d9f2b16dc27ed311b0697c
B12,1,0x0149d5ee20fdeced033ca4e8063b798910a93b4e,1202.32,47518116,2026-06-18T23:32:59.000000Z,0xd5188a1a96af6d67baad354d5f1f6204b93421d91fc5addb9adac780b85a596a,0x1278c1e48e3c9548a5d9f2b16dc27ed311b0697c
B12,2,0x02e74d20c20309f73e7f60c412c92409510bf955,1154.23,47518119,2026-06-18T23:33:05.000000Z,0x7c478965b0d3f4568b51037b32e019032ed1ab9636af3734b00ad525843a3fbf,0x501ef174b66883ba40f92e6fb24bfb49331d4d4c
B12,3,0x06cd38a4243847ffd0993056c32716fe81451c1e,10291.86,47518122,2026-06-18T23:33:11.000000Z,0xd16ed745bcc66895f180131b75de71d7bab655801f9857dfdbd97e2da7ee8771,0x1278c1e48e3c9548a5d9f2b16dc27ed311b0697c
B12,4,0x095ab41ada029c3b6e1d0b5d199fa1bed6ec970f,889.71,47518125,2026-06-18T23:33:17.000000Z,0xfa23253ad557fe8d794b793e839b47f878cabd28eb4bfdf5569e0ebcafd9ec4b,0x1278c1e48e3c9548a5d9f2b16dc27ed311b0697c
B12,5,0x0c73b1762c660ea8170d847c10f18afe117c45ff,961.8499999999999,47518128,2026-06-18T23:33:23.000000Z,0x5e92d218114fd076a17930c7160099dd05be24d7d2fc5c8405fac4c107c6930d,0x1278c1e48e3c9548a5d9f2b16dc27ed311b0697c
B12,6,0x0ece79c565cd1df11cd07e311d37d85e75438670,16904.62,47518132,2026-06-18T23:33:31.000000Z,0xffaaae55e1d563dbf9fdacebb585cfd27d9713bb1d93d5067f1a3d3a4c0e88cf,0x501ef174b66883ba40f92e6fb24bfb49331d4d4c
B12,7,0x0ed4149dd843b8c37a8da879313cbdf5049a9210,1947.76,47518135,2026-06-18T23:33:37.000000Z,0xa97b2bd0426cddef84b16db2224d62c2cf3c64058c8b5a4ce5ee312b8122fc1c,0x1278c1e48e3c9548a5d9f2b16dc27ed311b0697c
B12,8,0x1299b1daa5af3d88b687408d080892a46df41c8e,2885.57,47518138,2026-06-18T23:33:43.000000Z,0x4799a224f8f9be0c5ef802cbf343a93ba7063950c4b66054d6b4afeb6e62011d,0x4b5c33c3c7a31bd108f5a99b64683b0056a62226
B12,9,0x13ba4aba4519d6f3b03a91d29bf4d8cbedb995df,961.8499999999999,47518142,2026-06-18T23:33:51.000000Z,0x8e488444a6b31d171941a5b7cfc3010211a04dcb845f2c89a99bd6db3482e88d,0xbdbebd58cc8153ce74530bb342427579315915b2
B12,10,0x1928c466ff6e94dd033310bd514304093464c570,48.09,47518145,2026-06-18T23:33:57.000000Z,0xe7c53743eecac21fd57de7a704a4a981cc85d090423556f040c135714ebc2fed,0x1278c1e48e3c9548a5d9f2b16dc27ed311b0697c
B12,11,0x1b692ce1a5a755506fa39e885549b01124243978,2236.32,47518148,2026-06-18T23:34:03.000000Z,0x9d96bd4c8c849156d9d0406e975156514c16cc3134246f5bd8d3c9816c35e6d2,0x4b5c33c3c7a31bd108f5a99b64683b0056a62226
B12,12,0x1ba543824ef8483c7a8dc788fc32d734bfd744c3,1322.56,47518151,2026-06-18T23:34:09.000000Z,0xf48c189a9fc3495dda0d21bde2de5df8dd8bd50185f329bf675d6d82487c1484,0xbdbebd58cc8153ce74530bb342427579315915b2
B12,13,0x1bb2415eb252918e3dfde1b21105d055c6b40dc0,8151.73,47518153,2026-06-18T23:34:13.000000Z,0x2a631fa63a950015fdb4415d2cfd7cc8fb9115ec34fd5824dfc9684cd5bf6168,0xbdbebd58cc8153ce74530bb342427579315915b2
B12,14,0x1bfcc5cdc6178364ccc9beeb1ca52e2e7c6f668f,48.09,47518156,2026-06-18T23:34:19.000000Z,0x840b336f85b20433226007a8ff2caf5cd06e042913c70270d8416ca316c4cc11,0x501ef174b66883ba40f92e6fb24bfb49331d4d4c
B12,15,0x1d15d85dc3ad4726f7ca1c6520dce6ec16a8e369,2332.51,47518159,2026-06-18T23:34:25.000000Z,0x8bcd912a7db4cc57e5e8fef6392f4843810f885ea18722ffab235579ad0ca6f6,0x1278c1e48e3c9548a5d9f2b16dc27ed311b0697c
B12,16,0x1e98d3cf64beaccc5954b1516458b93bd05def64,48.09,47518162,2026-06-18T23:34:31.000000Z,0xadfd4951437c68834f282765977e568d118d4f23cc09fd7421639b0a9d1f2df6,0x4b5c33c3c7a31bd108f5a99b64683b0056a62226
B12,17,0x253fb663993c5a6c7c07a26ed09bdd8c2da136ca,96.18,47518166,2026-06-18T23:34:39.000000Z,0xbc2d55f35cf0c033413287d8bd4cc8d8c9327f4def67765db05304fceaca512a,0x4b5c33c3c7a31bd108f5a99b64683b0056a62226
B12,18,0x25e5def04022c96a0d66374afdda1c0d2645c9a3,985.9100000000001,47518169,2026-06-18T23:34:45.000000Z,0x5a92b01b4eadbd3e648b0668ed80d508bef414e5d78c255a3a3f5458e17e992b,0x4b5c33c3c7a31bd108f5a99b64683b0056a62226
B12,19,0x2bd45338dddadb5b5fb88f6da98dc58105e24418,1803.48,47518172,2026-06-18T23:34:51.000000Z,0x83c26729c7d10d0a41113b577704de44d211dc8ffe3236143193fa816c2f5677,0x4b5c33c3c7a31bd108f5a99b64683b0056a62226
B12,20,0x2eb4709794aed395b239a63f9bae65024e5ea61e,8151.73,47518175,2026-06-18T23:34:57.000000Z,0x2b40e0772ce620e39b14ac218a98f8bb6c14345167810bd3cc62c565b8ed5f73,0x501ef174b66883ba40f92e6fb24bfb49331d4d4c
B12,21,0x3298fa557b9a2781cc9168324cdfa1516441f968,1009.95,47518178,2026-06-18T23:35:03.000000Z,0x2d26da854964334b807908244fc433e162372e87053264aa413823f5ab974d76,0xbdbebd58cc8153ce74530bb342427579315915b2
B12,22,0x35684f49dd94cebbac4e1e609b87d6d1248193f5,937.8,47518181,2026-06-18T23:35:09.000000Z,0x4a2fbe895d3d090a63172d818a1dea926c2f3dfde74b1c8ad0fd337937eec906,0x501ef174b66883ba40f92e6fb24bfb49331d4d4c
B12,23,0x362213381c9d2b8074d8fce90b5ec6757b46b113,697.34,47518183,2026-06-18T23:35:13.000000Z,0x59934df5199d8bdf7ddf6ddf04d07e1cf35967a5ca38a3081a920cd2096956c5,0x1278c1e48e3c9548a5d9f2b16dc27ed311b0697c
B12,24,0x36dc701467f826c227735d07754faba87ea93d5e,1058.05,47518186,2026-06-18T23:35:19.000000Z,0xebe400d32e6b601870dfa7bb6106092b803c8360be8e1bfe21c6344fe01f0882,0xbdbebd58cc8153ce74530bb342427579315915b2
B12,25,0x38d037191b350312ce817d42dcc9badcb9a7720e,48.09,47518189,2026-06-18T23:35:25.000000Z,0xe42ad4192a65deebdb04da0ee08e35cadfdb7b1e6a5e13f42117fc452fd42d0c,0x4b5c33c3c7a31bd108f5a99b64683b0056a62226
B12,26,0x3ba10ccdeeee3dfeca67d9c99a5695ed387835e5,48.09,47518193,2026-06-18T23:35:33.000000Z,0x57d1ce1673a0b3baa33c23fcdefd6d696591913396f612f044c40c12caf88020,0x501ef174b66883ba40f92e6fb24bfb49331d4d4c
B12,27,0x3f417f370921ee7c99b6bacb5747adbcdabab041,4689.05,47518196,2026-06-18T23:35:39.000000Z,0xfc8742a90cd39aa129cedc5a891c8e890518ee11688b22e54b8287770375790d,0x501ef174b66883ba40f92e6fb24bfb49331d4d4c
B12,28,0x4135197a4eeed5f1423d3b5834d0a016112aa5c6,1178.28,47518199,2026-06-18T23:35:45.000000Z,0x1285bc289c977a00871d8119e38357563d4a1f6267a598584452a11990bdb9b5,0x1278c1e48e3c9548a5d9f2b16dc27ed311b0697c
B12,29,0x47c5e6e7a17e1f4aa52135778e4289ee87adabfa,16904.62,47518201,2026-06-18T23:35:49.000000Z,0x68ea0b0001496411247654bdef204decce012f86e6ac08ca3294bf4a11837856,0x1278c1e48e3c9548a5d9f2b16dc27ed311b0697c
B12,30,0x4845112425cf68cf963dd20e82ee415dae9383d2,673.29,47518204,2026-06-18T23:35:55.000000Z,0x19491428eb7d41ff07bc8c967eaad0eed47e02ff39c9ce61469d3f7302edfed6,0x4b5c33c3c7a31bd108f5a99b64683b0056a62226
B12,31,0x49321e03f39928d91d9c0a41295763c25bbe6aaa,3775.29,47518208,2026-06-18T23:36:03.000000Z,0x539ca2750a104e728290bece4e2b2e4b56e83b5d15c797726f8ef26c831b0d66,0x1278c1e48e3c9548a5d9f2b16dc27ed311b0697c
B12,32,0x4a4015460e0868f02daec1e7ae80a975d42b49c8,3775.29,47518211,2026-06-18T23:36:09.000000Z,0x57ab97953382b245b7904d762cac2a6c14081767648874e1b5ae858d8f05ae08,0x501ef174b66883ba40f92e6fb24bfb49331d4d4c
B12,33,0x5009a14fc77ffb122c6b9a2977eb0a88356c21c9,48.09,47518215,2026-06-18T23:36:17.000000Z,0xec20dcd3378defa6f89d3019c102afcb32f5c96f14a6ae8ac4f22213bcd00e5b,0x4b5c33c3c7a31bd108f5a99b64683b0056a62226
B12,34,0x50e9fde38dad6c819682fda50a6dda896d1327b0,793.53,47518218,2026-06-18T23:36:23.000000Z,0x725bebfda0ba9c4b43b5581ae9e7337d570fbbfceb52f4b3429b05372d060ff0,0xbdbebd58cc8153ce74530bb342427579315915b2
B12,35,0x51b393a915fd370c1e398e79fb50d57894754345,1490.88,47518221,2026-06-18T23:36:29.000000Z,0x17451772f64d7893c9790850912bb786950abad8dcad6019f7b0b1c5b584d5d9,0x501ef174b66883ba40f92e6fb24bfb49331d4d4c
B12,36,0x55269629604115401e202265d1dd43aa0896cdbd,793.53,47518224,2026-06-18T23:36:35.000000Z,0xd7616fefa249a3759a5330c85dc203b24ded3871bf7f0f79d064556c0c3801ad,0x4b5c33c3c7a31bd108f5a99b64683b0056a62226
B12,37,0x58a6ab631945fd63a8ad76b2b2a55376ca5f2137,14235.470000000001,47518227,2026-06-18T23:36:41.000000Z,0xd7daca244f8d5497707048af56c5c6aef5034105af180d8f0fd0871fe011df32,0x4b5c33c3c7a31bd108f5a99b64683b0056a62226
B12,38,0x5b68dce43ab22682d337a85694c3a37b635e503a,48.09,47518230,2026-06-18T23:36:47.000000Z,0x3028f5cd6a10ea04bb587835ce086570b27f5660e3b86d74878a8c4d71808826,0x1278c1e48e3c9548a5d9f2b16dc27ed311b0697c
B12,39,0x5c5cbd59c99f6dac9f702b1ccb3d27b2fcf65cd0,817.5699999999999,47518234,2026-06-18T23:36:55.000000Z,0x7f257b37eb848da05eb6b874eb8f2d0c06970713457f6e5166016c3501a36cf1,0x1278c1e48e3c9548a5d9f2b16dc27ed311b0697c
B12,40,0x5c658e3abfdf018553ce4f0de6ac575784380435,1971.81,47518237,2026-06-18T23:37:01.000000Z,0x58a3008fa85d95367674f7e36c9b46a8c86e061ddbb71dcc706f55034de501ed,0xbdbebd58cc8153ce74530bb342427579315915b2
B12,41,0x5fc8ccea90b5f94143e06a0433878135c2dbe27a,889.71,47518240,2026-06-18T23:37:07.000000Z,0xec198e0b2d3bdff2f03f3629d2e54868a42e1f80d1f32bf96bc8ab35ee9689f0,0x4b5c33c3c7a31bd108f5a99b64683b0056a62226
B12,42,0x67b3f19593c3382e0b904a349e6ea4380f5d2334,889.71,47518244,2026-06-18T23:37:15.000000Z,0x93705807a6a2be88600c3cdf3f91785cf605028a06f0783fd8b70990816cd5a4,0x1278c1e48e3c9548a5d9f2b16dc27ed311b0697c
B12,43,0x6aa779739650a3f9f9028116b862860294148818,8151.73,47518247,2026-06-18T23:37:21.000000Z,0xa662f0c3d6f71a60afa1a62146c3ec2912bec328381182dbcfeb74a83dfc3f24,0x1278c1e48e3c9548a5d9f2b16dc27ed311b0697c
B12,44,0x6ce037342d8f05a93c4aa4fd34d5bcffb2965948,72.13,47518250,2026-06-18T23:37:27.000000Z,0xdf35c983c2ce541655c7d83d9b0cf2c5d66224819451db5d9cb93f20a3ebcc84,0xbdbebd58cc8153ce74530bb342427579315915b2
B12,45,0x71e852bfec0dac3890031d52e9a3a993433c5324,769.48,47518254,2026-06-18T23:37:35.000000Z,0xbfd7aebc17d24ae10c75833fea1b726cc2b0be9ab6d6c2ac233e7d9e795f8694,0xbdbebd58cc8153ce74530bb342427579315915b2
B12,46,0x72fa7d07dcc35a926179486a213a2259ff74eb04,1322.56,47518257,2026-06-18T23:37:41.000000Z,0x13f3e40acad2923834084bca66409ff28db3a40cc87128219b3e2c8c80cb2f27,0x1278c1e48e3c9548a5d9f2b16dc27ed311b0697c
B12,47,0x7375df3eeb4a430600a82739781540c6f561b83f,1178.28,47518260,2026-06-18T23:37:47.000000Z,0x55e9051d9be48ddb82a8315362f6fe63f2571a5cc85ce4075763af32a637e304,0x501ef174b66883ba40f92e6fb24bfb49331d4d4c
B12,48,0x76e71e1d1894bbe59ff5eb3935d7c248d1f7656a,1466.84,47518262,2026-06-18T23:37:51.000000Z,0x2e0a355e6adfa4275f03e594607ed630e5dae9475afc48693cd1cafa9d2205b0,0x501ef174b66883ba40f92e6fb24bfb49331d4d4c
B12,49,0x7b4acefc1e24510ad4273c567e9e00b5aaac3bb8,841.62,47518265,2026-06-18T23:37:57.000000Z,0x785263d02a53f4219e98645f0729ee88c4281a2b88a64f8e423ba88751d14e92,0x1278c1e48e3c9548a5d9f2b16dc27ed311b0697c
B12,50,0x7c90ad1859a80e7e4ac78955efbde30e1495ef25,1538.97,47518268,2026-06-18T23:38:03.000000Z,0xcdb30d293b3ba2a564ce38b7761b683823bf439368b3903c2ed5fd3920d0e311,0x1278c1e48e3c9548a5d9f2b16dc27ed311b0697c
B12,51,0x81c7c1d289561fd8b4c7dc33818b65bda79a66e3,1178.28,47518270,2026-06-18T23:38:07.000000Z,0xefd8f4f9927b2f3b69468e8118acf51030c9b5ad959750e67665f0b5e2fd81ea,0x501ef174b66883ba40f92e6fb24bfb49331d4d4c
B12,52,0x836349b698e7c78e9dc8c0c78464912d32573cf9,793.53,47518273,2026-06-18T23:38:13.000000Z,0x3d3d05443c027c7a9edf9477f190ffefa7f215626e4f5faca7f4da772ab41fe7,0x1278c1e48e3c9548a5d9f2b16dc27ed311b0697c
B12,53,0x8768b6aa80a7bef83e97e990c2d70fba4d43d732,4520.73,47518277,2026-06-18T23:38:21.000000Z,0x6a93d6bcc3759974891d869368962e27086945dfc0fb194e55bc7058ed553099,0xbdbebd58cc8153ce74530bb342427579315915b2
B12,54,0x87be457140e19e8114b3ee5c8ec5576f501ef5b1,793.53,47518280,2026-06-18T23:38:27.000000Z,0x404f7036973c0a48ebc8f85f8df956768105a9848593589247b092a2c96e0d7d,0xbdbebd58cc8153ce74530bb342427579315915b2
B12,55,0x88f846d3e55a360f3711262ba6191749757b8931,793.53,47518283,2026-06-18T23:38:33.000000Z,0x224b49277db2fed502156de7d6728d862a936cf25ea3939d36d2941b9a665ecd,0x501ef174b66883ba40f92e6fb24bfb49331d4d4c
B12,56,0x8bad8dd7b6c05be31273824d608c9fb5b7251f08,14235.470000000001,47518286,2026-06-18T23:38:39.000000Z,0xb6db44ea5996eeccf8bc6034b5c3355871d1aa34d5d6c6af399bb96ee29f1bfb,0x4b5c33c3c7a31bd108f5a99b64683b0056a62226
B12,57,0x8caf1a352197d083e58b674e77edc70ad69c6ed5,3606.96,47518289,2026-06-18T23:38:45.000000Z,0xdcc6584c740460442587b110ee82e00913b54e911b81d585c81622fd5463bff7,0x1278c1e48e3c9548a5d9f2b16dc27ed311b0697c
B12,58,0x8cfd4b40fa23cc47bf306c7ef3ad346b0054de45,1058.05,47518292,2026-06-18T23:38:51.000000Z,0x041d10dfa7a3e9c9080f121df34ddf4e23dccae48b157c90a38c4390ac2d3580,0x4b5c33c3c7a31bd108f5a99b64683b0056a62226
B12,59,0x972e92f45fc8ea065ccf419ff2c6af2e75d45f2f,3366.5,47518294,2026-06-18T23:38:55.000000Z,0x8886afe953212b95fe95a2a64f487be71e5e2f198979733acc262190605df9fe,0xbdbebd58cc8153ce74530bb342427579315915b2
B12,60,0x9892dd47ab41569db51566bfca5d2ba7d28c58e4,48.09,47518297,2026-06-18T23:39:01.000000Z,0x2bc426b05cc4fa0d16dbc6b2a13106a2a6fd565319d20af4117f4fbb78525956,0x501ef174b66883ba40f92e6fb24bfb49331d4d4c
B12,61,0x9cb78cb93977208e8f6cb6de22ba6495fc7e7537,769.48,47518300,2026-06-18T23:39:07.000000Z,0x6740e453eb59fe7d9b48937c7e547bcbc50cb4ab92bae3dbab38c4647584f7cc,0x501ef174b66883ba40f92e6fb24bfb49331d4d4c
B12,62,0x9cf3cefb2ef884a1e041409f0720a040fe181af1,1058.05,47518302,2026-06-18T23:39:11.000000Z,0x913caff66881da1aea6e17585c681f9eaac85770deb656449cd9fb755abba4ec,0x501ef174b66883ba40f92e6fb24bfb49331d4d4c
B12,63,0x9d3a3bb0f6d5372bbad86add00bff90b518e48c6,1418.7399999999998,47518305,2026-06-18T23:39:17.000000Z,0x804b1a516882f80aaa0aed5897598cc63801aaef7886945cf34bdb56678513e2,0xbdbebd58cc8153ce74530bb342427579315915b2
B12,64,0x9e23a27d9e8993990587a1beb7f6af89782abdd3,1947.76,47518308,2026-06-18T23:39:23.000000Z,0x07b5526c3bf30ccf8f29b9a3953a92f1c7b67f3258d14544de6b558c22b79938,0x501ef174b66883ba40f92e6fb24bfb49331d4d4c
B12,65,0xa3038f81f5207cc69d7e2352c9e04b9a9bbb5bce,1466.84,47518311,2026-06-18T23:39:29.000000Z,0xd7e7e5dc9d5d64c5d8c30d18bbae93f36e25dd8da1bf4035d75d0369d5391f82,0x1278c1e48e3c9548a5d9f2b16dc27ed311b0697c
B12,66,0xa5c0e51839ddb198cc1bff8ea4864a14aa31004d,16904.62,47518314,2026-06-18T23:39:35.000000Z,0xf3b1d7283bf0b8a5eca5858c14fa88c02113d0958f7edb7e52221c643db609ca,0x4b5c33c3c7a31bd108f5a99b64683b0056a62226
B12,67,0xaae2a01e27cf14cd743649b8fc376b55ce521519,2885.57,47518316,2026-06-18T23:39:39.000000Z,0x1b3770624551e362cb3d779766697affab614f207a1025c09578dde03b17a819,0x501ef174b66883ba40f92e6fb24bfb49331d4d4c
B12,68,0xaf5a85e388d37c42cf78abf2952ca6e919b9a476,1202.32,47518319,2026-06-18T23:39:45.000000Z,0x5d5308f90f00bcc7e87bca4e9563fdf0eda004264e27dc4f6641fb0e9da7de17,0x1278c1e48e3c9548a5d9f2b16dc27ed311b0697c
B12,69,0xb03b3a1739445bee8f60329bf9a2438fd45b0a37,1803.48,47518323,2026-06-18T23:39:53.000000Z,0x3921a9dfd77c9c562efab471603103caeb26939314b4d45ab9140df4723229aa,0x1278c1e48e3c9548a5d9f2b16dc27ed311b0697c
B12,70,0xb7b06113a71a5ccd487aa00ccab3cb5ea09d8710,48.09,47518326,2026-06-18T23:39:59.000000Z,0xc2da1d9d14244efde8b4043f89227bc82c96e88be1894f0be147befd0cca4081,0xbdbebd58cc8153ce74530bb342427579315915b2
B12,71,0xb820680fa75266fcd81e22c0f241a6d5638f230c,1538.97,47518329,2026-06-18T23:40:05.000000Z,0x96e5891415f7685038fad3cdd8d28263faee920dd57d3b666ac71bff907e85a7,0xbdbebd58cc8153ce74530bb342427579315915b2
B12,72,0xbb09fc5115616934d739547c6b5537d484b49bc2,5867.33,47518332,2026-06-18T23:40:11.000000Z,0x76f2b87b9d6f2eb47765283d3bcf167f9bcc868b0f0b8167384a731cd86a009d,0x1278c1e48e3c9548a5d9f2b16dc27ed311b0697c
B12,73,0xbe9b22574c82c8ed415247276558c11dbfe402a5,48.09,47518335,2026-06-18T23:40:17.000000Z,0xb13858e55be9a1fc0d3eaf0b1a20512bab6f7dce990fdf89605a4917d29e48bb,0x1278c1e48e3c9548a5d9f2b16dc27ed311b0697c
B12,74,0xc0c1de083d883133f219129b48f7f2e671d04731,793.53,47518338,2026-06-18T23:40:23.000000Z,0x0ef9a97d7b504c3286b3717463aafe9dc11fe744ba3183fea58bcde988793c61,0x4b5c33c3c7a31bd108f5a99b64683b0056a62226
B12,75,0xc276f794874e442516bd89e8e2bac8a27d41c934,721.3900000000001,47518342,2026-06-18T23:40:31.000000Z,0xe58916ca7116b63935386f00496aee5e6289d07542f579bac861869ee9142949,0x4b5c33c3c7a31bd108f5a99b64683b0056a62226
B12,76,0xc2a791eb28ff4e9c904b73f794cfa86b23dc37c0,48.09,47518344,2026-06-18T23:40:35.000000Z,0xb126c13be4b9eee08ac86a48d936a06c07cff05eeba3ac61d8e055a19ece0ca7,0x4b5c33c3c7a31bd108f5a99b64683b0056a62226
B12,77,0xc2bcbd8151ed08f8d744ef779371346412a99bbf,3366.5,47518347,2026-06-18T23:40:41.000000Z,0x05d923a8d8d50cb9516063600b3a906d42e4021e751aecbce0e2f24887e9a9e5,0x4b5c33c3c7a31bd108f5a99b64683b0056a62226
B12,78,0xc3bef2c34eba92ea4684ff6f6f6b68d690d9a5dd,529.02,47518350,2026-06-18T23:40:47.000000Z,0xaba7267ccc02a78408705b95b8dfa55775b6a543869f1d9f95adee8a748fc17a,0x1278c1e48e3c9548a5d9f2b16dc27ed311b0697c
B12,79,0xc79ddfca2e73c0544a18b2b41bcb79718d16cbd6,8151.73,47518354,2026-06-18T23:40:55.000000Z,0x9676af0952114ec787c28e17a26a2c8f40335869ce8f67dc29e5340f62e9dd5c,0x501ef174b66883ba40f92e6fb24bfb49331d4d4c
B12,80,0xc85beb855b5db5ccecd16a92a8dd615fd1d5aa57,96.18,47518357,2026-06-18T23:41:01.000000Z,0x25c784d85ac0771d96eafc76fad32bec49942d1a4fececd6555b30d0770501a9,0x1278c1e48e3c9548a5d9f2b16dc27ed311b0697c
B12,81,0xc85c287360c889645d645bf9cda2bbed9002e190,697.34,47518360,2026-06-18T23:41:07.000000Z,0xec425e18b30026d4be142605ebad4e328261f389d4562878d369274f0d3d37f2,0xbdbebd58cc8153ce74530bb342427579315915b2
B12,82,0xd05f844eaf3ee0d8f89bb527778905659e4b6d22,1298.51,47518364,2026-06-18T23:41:15.000000Z,0xf5e6819a3a32ccb67efcb18371a7eeaff14c047dba544f35da18c8208fa04c5a,0x4b5c33c3c7a31bd108f5a99b64683b0056a62226
B12,83,0xd420607f38db2fc633f69e70c8fd2aa456e9fd7f,841.62,47518367,2026-06-18T23:41:21.000000Z,0xaeebec4f0441ea35f1366a60e0ef5fc8bf6e740980791d26e3b09264df60636a,0xbdbebd58cc8153ce74530bb342427579315915b2
B12,84,0xd5106f9ebe57adcb9ed5abf709e9a828f9a01300,2428.69,47518370,2026-06-18T23:41:27.000000Z,0x6729bf46c57a77c6207edb6838b1ef87b19ed510d6857a92e6237f282c69bc13,0x1278c1e48e3c9548a5d9f2b16dc27ed311b0697c
B12,85,0xd65b1615756a2d0e52b432065686f4f7ac0f6b65,841.62,47518374,2026-06-18T23:41:35.000000Z,0xc81361b9d549dcc79b5909fa6e01ef145f7288f2f123a4a08fb653fb1d62563e,0x4b5c33c3c7a31bd108f5a99b64683b0056a62226
B12,86,0xd7241e8cda5d59f443d064f161289e948ba07f99,72.13,47518378,2026-06-18T23:41:43.000000Z,0xc1ba3f08d3bd04aafc050e343069dcc7878218c5119b6c316c6377f62b0c5e0c,0xbdbebd58cc8153ce74530bb342427579315915b2
B12,87,0xd8aaaae5dcf406474a9bfa8ec5e195520c330732,48.09,47518381,2026-06-18T23:41:49.000000Z,0xb68526a5d484f846bdadf8cca9752f5f8cf2ccde838d0415da6e01ce063af6a5,0xbdbebd58cc8153ce74530bb342427579315915b2
B12,88,0xdfe1fbfd7c5f1d991e64f9258d88490b81a8e9fd,889.71,47518384,2026-06-18T23:41:55.000000Z,0x8a95897125ebcda088d485092f850e6186894a0de5e7d9d2cbb7d3d42351edff,0x501ef174b66883ba40f92e6fb24bfb49331d4d4c
B12,89,0xdfe3020252b701cca877b49d27c3db11ec119cf6,5867.33,47518386,2026-06-18T23:41:59.000000Z,0x357ecf071445448d3e34ca64b661c194a78c14423c3feb3f7ff2d10d76803463,0x4b5c33c3c7a31bd108f5a99b64683b0056a62226
B12,90,0xe0000dc850044024cd3febc51d3579b995de0228,937.8,47518389,2026-06-18T23:42:05.000000Z,0x1a425a6e1c1ca7dd8da3b292d8581dd4b10c2cef759fcc12f5af8657242efee6,0x1278c1e48e3c9548a5d9f2b16dc27ed311b0697c
B12,91,0xe195d5e39fe2f87ff1d9a76c15e5fc093d9d56c9,673.29,47518392,2026-06-18T23:42:11.000000Z,0xa149917dbe277a453b62326bc70d7cf7c1d105b5034f95ca4c9e5a942be0eada,0x501ef174b66883ba40f92e6fb24bfb49331d4d4c
B12,92,0xe2b3a75e63365472fa479786e3faf44d00295abf,1418.7399999999998,47518395,2026-06-18T23:42:17.000000Z,0xa0257b295ade9e74889343d73fda623716c9bed66a92fa79a0248026503536be,0xbdbebd58cc8153ce74530bb342427579315915b2
B12,93,0xe8ff007cc37e9ac5c9a300daa9dae0920b27248d,841.62,47518399,2026-06-18T23:42:25.000000Z,0xad16b72c8d0e4d84c6b0eb58ed779e4c6a541ec8d89664bd115cc339a33844e3,0xbdbebd58cc8153ce74530bb342427579315915b2
B12,94,0xe958db2efabaf62d962ba26cf41851bb1a39f378,961.8499999999999,47518402,2026-06-18T23:42:31.000000Z,0x57e45439dac6d8892c8487eaa81a8ca8f39c3daf65d30f1333c36286e06d2981,0x1278c1e48e3c9548a5d9f2b16dc27ed311b0697c
B12,95,0xf69a4ef7bc4f8aae62c6c34c32d3fe13829f786d,913.76,47518405,2026-06-18T23:42:37.000000Z,0x165ba6c7161e9bf583ceeaa2714d041a4a642b37770c674b2a19f4c7205e4ac4,0x501ef174b66883ba40f92e6fb24bfb49331d4d4c
B12,96,0xf88ab411c64452612e62e3dd79911ccd2dbcb1ed,1803.48,47518408,2026-06-18T23:42:43.000000Z,0x2ed5cee7281d2b731d2e8d29b4cb1eb38851428318cf25ba642587cfaa79b322,0x4b5c33c3c7a31bd108f5a99b64683b0056a62226
B12,97,0xfb0fb988241680bee18423930f0e87219004ade9,1538.97,47518411,2026-06-18T23:42:49.000000Z,0x5c45a588af630de067632deaa2fe4d2b6b7d72275adf24d2880f7c6f97b3e44c,0x4b5c33c3c7a31bd108f5a99b64683b0056a62226
B12,98,0xfcd40560fa96a37adf96323660b75bead5325b19,793.53,47518414,2026-06-18T23:42:55.000000Z,0xd37c097d25d6cedc2d7d71804d56f93c523243e72a6bf9158c00e46105916d51,0x1278c1e48e3c9548a5d9f2b16dc27ed311b0697c
B12,99,0xfdb58ab0e1de0892faebc1e74d5d269ef6982c62,48.09,47518416,2026-06-18T23:42:59.000000Z,0x925477cfb1c0f52aa90859b0ddc13b4b41aca1c71014e3e926edfda5e30538f9,0x501ef174b66883ba40f92e6fb24bfb49331d4d4c
B12,100,0xff817e45eed392bf87feed624e59d7d4c5c2df08,1947.76,47518420,2026-06-18T23:43:07.000000Z,0xb801fa738f1c1ed1d4112d073415f55b4c5f83bca7dcdfa69511478ea46a9bcd,0x501ef174b66883ba40f92e6fb24bfb49331d4d4c
B13,1,0x02d93ae2660779bc77698b53c00eca7187da3abe,1375.9299999999998,47526872,2026-06-19T04:24:51.000000Z,0x17899b4a8a84bea2ed0270b9bea338fc52f7600804235dc9392c9b1f3c4f96bb,0xbdbebd58cc8153ce74530bb342427579315915b2
B13,2,0x068a3ed41dcd4e49285a1bb8f8ad221db0ecd8b1,193.11,47526875,2026-06-19T04:24:57.000000Z,0xaa866d311b0621360a2b4f291bbfee497e6dc0d69223b7f3a734db0d87606982,0x048ef1062cbb39b338ac2685da72adf104b4cef5
B13,3,0x08a4dab2f295e55e20cdae44fee694cacd4ff6d5,120.69,47526878,2026-06-19T04:25:03.000000Z,0x5e5c68fdbbe41409ab6fe3386fe56a966b051b6de0c54f7c6de7b71b2c929dac,0x4b5c33c3c7a31bd108f5a99b64683b0056a62226
B13,4,0x08f13a0019a38d3e3ebaab06761c14d11ba24c98,120.69,47526881,2026-06-19T04:25:09.000000Z,0xbae97f2d86ee6824cb1ab6b8124f06cb67323a894d39dcc9f68790ccdf80c8a5,0x048ef1062cbb39b338ac2685da72adf104b4cef5
B13,5,0x0b47806414b09e135404836fbf6688a8b8798a74,1955.28,47526884,2026-06-19T04:25:15.000000Z,0x76bb81c3e2654ab6f1e6cdd0b87d57027bfeb12293a2ab8e06dbf6a0cd4d9922,0xbdbebd58cc8153ce74530bb342427579315915b2
B13,6,0x0bbf987c2dd926405e23118e5db982b03e16dc9e,120.69,47526887,2026-06-19T04:25:21.000000Z,0x7d64570316c2a71f2d48e4d7b9896e64ca59621849667f47160662a6d8dd397c,0x501ef174b66883ba40f92e6fb24bfb49331d4d4c
B13,7,0x0c0120371260c271a62251a9e22a671f6c0454d3,2872.5699999999997,47526890,2026-06-19T04:25:27.000000Z,0x38e405ef4f30408e8847f2567c20469e1b1cd15a755e91ce878984478a84e529,0x048ef1062cbb39b338ac2685da72adf104b4cef5
B13,8,0x0c266ba86d604d1afa0a7f7903e2663aafeecdf2,144.83,47526893,2026-06-19T04:25:33.000000Z,0xdb0acd616e3db2df009d5ab1aa4c7c8a6db9761b58650f851b2286fce6b6298a,0x501ef174b66883ba40f92e6fb24bfb49331d4d4c
B13,9,0x124a8166f7a653878c50014b27a9d17905874ae9,120.69,47526896,2026-06-19T04:25:39.000000Z,0x4482c09aa89c2e37569f44086dba07324bc2b5b3b7bd4da5b740ef74312999a6,0x048ef1062cbb39b338ac2685da72adf104b4cef5
B13,10,0x162b47b70024556627707193d5f14d7526a402dc,2051.83,47526899,2026-06-19T04:25:45.000000Z,0x64d08674258915c1de829d2db6685b754bfafd67ba0770fc4f3e91b3656bab0f,0x048ef1062cbb39b338ac2685da72adf104b4cef5
B13,11,0x1708af07fc5abf8f1548f3d2f7b974df7036c732,2172.5299999999997,47526901,2026-06-19T04:25:49.000000Z,0x126b024d234dbf38cac08a563ddc0ead809a9a2d40a9b3c048f36540cf7feb89,0x501ef174b66883ba40f92e6fb24bfb49331d4d4c
B13,12,0x1a9274f104ef31590b9cc0244611de0388617df0,1786.3000000000002,47526904,2026-06-19T04:25:55.000000Z,0x6861176fb1d8aa79d86aaba77558f20650a652112e8c7d639026d333a2ef9f18,0x4b5c33c3c7a31bd108f5a99b64683b0056a62226
B13,13,0x1b5f1d9f93db4c8fb21778667fd71ee0118a9752,1810.44,47526907,2026-06-19T04:26:01.000000Z,0x766818b05c0f6b55612fc7f1dc2f6ed33f472290acdb5397a5d59f65fd6fb1f8,0x048ef1062cbb39b338ac2685da72adf104b4cef5
B13,14,0x1c051db801a55881a8638002e8131ba9813e8911,2486.3399999999997,47526909,2026-06-19T04:26:05.000000Z,0x200b7c0d5c98a71c5c8b6103c96260385ec3c4379f234d126c64f661d6072fee,0xbdbebd58cc8153ce74530bb342427579315915b2
B13,15,0x272420393f21458f3397a1b035e209d551878f7f,1858.72,47526912,2026-06-19T04:26:11.000000Z,0xdb784532f0cb6063dfc721e9a9d76417854df45a17bfc8a1f66e3615fa92fcf3,0x4b5c33c3c7a31bd108f5a99b64683b0056a62226
B13,16,0x27cfa6d8f6c50b3224fc77fc0a32da34dd24e027,120.69,47526916,2026-06-19T04:26:19.000000Z,0xfc78549a2c5cd71630b419368f59d045802a8c37520b93f4aa4af051dc214d1a,0x501ef174b66883ba40f92e6fb24bfb49331d4d4c
B13,17,0x2d10c12ee0b219803ceace6ab14a6747ab2e9dfa,3210.5099999999998,47526918,2026-06-19T04:26:23.000000Z,0xd5965984c31ef47cb17d13c243dba5eff25c083b8571ab6a825807f0214da449,0x501ef174b66883ba40f92e6fb24bfb49331d4d4c
B13,18,0x2dd67cad31291b2dde815805ac36a0d50326c464,120.69,47526921,2026-06-19T04:26:29.000000Z,0x90fdff7b083c1af49948c45fdf36f94fdb5a6efa5b5cddca1cde6e44278d4076,0x048ef1062cbb39b338ac2685da72adf104b4cef5
B13,19,0x2ddbf2370cef91c740bed83a3391709c7f812a9e,1931.1399999999999,47526924,2026-06-19T04:26:35.000000Z,0xe58f5fdcb021b227310a100081a71575d15124b83aae30ff885d413b413ea00e,0x501ef174b66883ba40f92e6fb24bfb49331d4d4c
B13,20,0x2ef3a7038305dd2d7ec0a9ce8ecf30f0c7e3a0c0,1810.44,47526926,2026-06-19T04:26:39.000000Z,0x5f2338818e36a63350de366b7ea5908ef34e624edfc79f4232f61e4953153df1,0x048ef1062cbb39b338ac2685da72adf104b4cef5
B13,21,0x33314dc02291dc5e3b2868aadc055c25a7b99b43,2269.09,47526929,2026-06-19T04:26:45.000000Z,0xe911cf4b7f1c01d1237474c3794451eb6a360ba072ffe127570205538ea7ecb6,0x501ef174b66883ba40f92e6fb24bfb49331d4d4c
B13,22,0x360c76624a4902890e19a41e97eb150b2a2b513b,19721.71,47526932,2026-06-19T04:26:51.000000Z,0x7b2d7e7c089f90cc18ca3b2a0492aba9cef0e727991481439ca7f99155bc2a5c,0x501ef174b66883ba40f92e6fb24bfb49331d4d4c
B13,23,0x37473c9cb8f3dcc35e048114c55eeb5bdfcd23c7,1810.44,47526935,2026-06-19T04:26:57.000000Z,0xd85797434cbf0f3b093b68635aa74e508905a08fbd9a154032e8e5ecf7d0563a,0xbdbebd58cc8153ce74530bb342427579315915b2
B13,24,0x38747721794cd5ff8e784a59679dede8612895f2,1689.75,47526939,2026-06-19T04:27:05.000000Z,0xc5669891cab68242a21e7b41cce428a5b0646f3508e4492bb62d4fe13dff9e4f,0x4b5c33c3c7a31bd108f5a99b64683b0056a62226
B13,25,0x3e26b00d575849e7e2154bf3741ebd20d3d4ae28,120.69,47526942,2026-06-19T04:27:11.000000Z,0x4ad0ad21f9718bb604dc942cf8848e3c0c9f7ba0cba888d584d38526ace0a6db,0x4b5c33c3c7a31bd108f5a99b64683b0056a62226
B13,26,0x3e35d5e164afdd344cffb50f0ccad1761f0f5749,144.83,47526945,2026-06-19T04:27:17.000000Z,0xa9a7f8903dd3eb2c077a67c0b52391f36865f93a45b28982628fd859e5504b99,0x048ef1062cbb39b338ac2685da72adf104b4cef5
B13,27,0x3f50b8c88e95f47fa3b0e9b421b6e11290f02f90,6469.3,47526947,2026-06-19T04:27:21.000000Z,0xa07d04036b4cc416aa0166d25e086470b89b8ebf4125e85622011d81393c0ab3,0xbdbebd58cc8153ce74530bb342427579315915b2
B13,28,0x429cbb05c4241e698c5fb3c7f31c744e1b9fcc5c,120.69,47526950,2026-06-19T04:27:27.000000Z,0xbeac8f1b2ae690553db2c87ef6f9f86352a10b10d2a5744c43b787ebaa1329cd,0x501ef174b66883ba40f92e6fb24bfb49331d4d4c
B13,29,0x4331d895af917e2e8b56e56b5d7a6d8f06b54e10,1496.6200000000001,47526953,2026-06-19T04:27:33.000000Z,0x3c15cefd050ceea424ef8f7e22253c73e5ee943482c0712706b6ec99bb40afaa,0x048ef1062cbb39b338ac2685da72adf104b4cef5
B13,30,0x43e45f59930b6b226b73cf274fbeac3806aee6fa,1713.8899999999999,47526956,2026-06-19T04:27:39.000000Z,0x5b36806dec17b5a14552e193796bce761cc0bc00bfed2f7bda968ab34b4bc5c0,0x4b5c33c3c7a31bd108f5a99b64683b0056a62226
B13,31,0x47fbb3c18259bfcc5941724d8bffa15755d6d29a,1593.19,47526959,2026-06-19T04:27:45.000000Z,0x54ac032d96a41e2688dc560bdfe86c50e5bae13f45ec91417033a652589ab74d,0xbdbebd58cc8153ce74530bb342427579315915b2
B13,32,0x4bf006d80eaec0dabb8bf8cd723213879883147b,1520.77,47526963,2026-06-19T04:27:53.000000Z,0xc73aef8d70accc0a0a09d44f7ad470ab7f381650c38eb0637615d13c718493dd,0x048ef1062cbb39b338ac2685da72adf104b4cef5
B13,33,0x4e772f5032d62d97c07b58a1db93ca99a1c610a3,1786.3000000000002,47526966,2026-06-19T04:27:59.000000Z,0x5795678626c9d69519b51bf47d177976fb322cf8b8ca654043841d11e2f3c60a,0xbdbebd58cc8153ce74530bb342427579315915b2
B13,34,0x510e5fd4f2ff40e62828d501748478546987e0d7,1931.1399999999999,47526969,2026-06-19T04:28:05.000000Z,0x807d0332bd5341b32f4995d0a6dd06c17913ef80911816ca3774465912c5ede1,0xbdbebd58cc8153ce74530bb342427579315915b2
B13,35,0x57fd1c0fd9124f5e1d40755b1beade70b8e502bb,8979.78,47526971,2026-06-19T04:28:09.000000Z,0x8eaa0ce2c20e6fed078eb9abe9d1b780742e6131beb404a7dc292f9e144358df,0xbdbebd58cc8153ce74530bb342427579315915b2
B13,36,0x5994ec123ac76c9f96af5b7d4496038155430174,120.69,47526974,2026-06-19T04:28:15.000000Z,0x5df38926e13b470eab0f24b511dcc6b1c2e97dd328d607fe81fc66774a6d5c14,0xbdbebd58cc8153ce74530bb342427579315915b2
B13,37,0x5a5203b7b3c20c9121a7cc4ead3e72e5577ec18a,2872.5699999999997,47526976,2026-06-19T04:28:19.000000Z,0x44af98b314b991fedea16bebae5616078f05ec9c423a43a1b5c4a0750782c037,0xbdbebd58cc8153ce74530bb342427579315915b2
B13,38,0x5c1c1eb5933ab0cf4d0b7288241a83427d9456ec,2413.92,47526979,2026-06-19T04:28:25.000000Z,0x25c6e7f04f0a51f331e0483051b8ceda380b496c2f2fe5654796f519f8a3ce9b,0x048ef1062cbb39b338ac2685da72adf104b4cef5
B13,39,0x5d229a4c10b693857da3b011beea8a25403f49ee,4658.860000000001,47526982,2026-06-19T04:28:31.000000Z,0xe6039d4f9773a9e2d6e405a531484f8e356174c9dbde0620e9390a4ffa60657f,0x048ef1062cbb39b338ac2685da72adf104b4cef5
B13,40,0x66de8c9b8b75df51466cd76a3a2c9d736167df4a,3017.4,47526985,2026-06-19T04:28:37.000000Z,0xa562e53bf5a54ccb22cc7db172dd73aff0e1e23ff800d514e7610add0361b9ab,0x501ef174b66883ba40f92e6fb24bfb49331d4d4c
B13,41,0x67175ebada1f531b8c98040dfe5051e7d073c606,3741.58,47526988,2026-06-19T04:28:43.000000Z,0x4fb40ea676a573c3fad9c674066ad0a7d1a86dd24e7eb90a211eba51555b281c,0xbdbebd58cc8153ce74530bb342427579315915b2
B13,42,0x6ac9df39aa9c27a09163f8ac792eaec0db136785,1569.05,47526991,2026-06-19T04:28:49.000000Z,0x39ad9c2a70849e210f1e8bc795a8b88b2e811d5155275b89c36bba4e86588ed3,0xbdbebd58cc8153ce74530bb342427579315915b2
B13,43,0x7108a0a9e839610ddfa1f3d548ad3c3cbfdf08b2,3741.58,47526994,2026-06-19T04:28:55.000000Z,0x3c9566197f3015981f60bb013589ee865f6695c21cee5082ae560005b2869949,0x4b5c33c3c7a31bd108f5a99b64683b0056a62226
B13,44,0x7638e8019eb73b1f2500fea406779fca57451343,506.92,47526996,2026-06-19T04:28:59.000000Z,0x42a9ee46e9f4fe210611e31c234a538a1dadfeced7d013643c1d044eb35d30ed,0x4b5c33c3c7a31bd108f5a99b64683b0056a62226
B13,45,0x77796cfbc10d6835c8fae64a541ec8a69e294678,4489.89,47527000,2026-06-19T04:29:07.000000Z,0x498fdb62af06a75c894eb003650be7cdf58e841cdfd1ab1984f3ccdff9e80e86,0x4b5c33c3c7a31bd108f5a99b64683b0056a62226
B13,46,0x789a81af9d735692da523c02d234b7e5a47afbcd,1496.6200000000001,47527003,2026-06-19T04:29:13.000000Z,0x5381e0b88a686bd1a629dc56958875c5767a43812dc00f167ce838d7bcd42fcf,0xbdbebd58cc8153ce74530bb342427579315915b2
B13,47,0x7a4b114d8f1dc89207c408e76f9be81b2843009d,2075.97,47527005,2026-06-19T04:29:17.000000Z,0x8cf4db1ef9a3d5c40a0993fdec7b8726b0b8325a9fda2a9716a9eb2aaa1d6954,0x4b5c33c3c7a31bd108f5a99b64683b0056a62226
B13,48,0x7b5b8171e9fb07c450c85800a83a61ad97161205,15618.05,47527008,2026-06-19T04:29:23.000000Z,0xbc2279ec4b30f59e54a781a7cfc210e9551c3b9fdcb35163d5800f697179a8eb,0x048ef1062cbb39b338ac2685da72adf104b4cef5
B13,49,0x7f925263c69191a728310c85f4f4953037dd88e3,1472.48,47527011,2026-06-19T04:29:29.000000Z,0x3e5e0234dcc3bdfbc3fb616ac67a705086f25d7f6f5351f1d51be9c0354a851f,0x501ef174b66883ba40f92e6fb24bfb49331d4d4c
B13,50,0x80b772f1804313ec6934473b9fe6bcade9a645d9,1689.75,47527015,2026-06-19T04:29:37.000000Z,0x85d19a854a96ba35493936b5e0b6829ff9104f7a3a476d8443ab1dba02b571b0,0x501ef174b66883ba40f92e6fb24bfb49331d4d4c
B13,51,0x815f492e3b427516700a63595f760c81678c20b5,1255.23,47527018,2026-06-19T04:29:43.000000Z,0x589d8707cc782b77c38ca224af29f361c34d2e13c87a242d5fca8c3d4b5070d0,0x4b5c33c3c7a31bd108f5a99b64683b0056a62226
B13,52,0x844c634294c810f18cfe5575aa2c8a00e98cad7f,120.69,47527022,2026-06-19T04:29:51.000000Z,0xc8fb26be31c54dbeafd5202e7793185e3ed190193ec2aa6dd8c3be72b515a7fc,0x501ef174b66883ba40f92e6fb24bfb49331d4d4c
B13,53,0x896797f2b015efbb32f3f89ed84737067ab64e28,1593.19,47527025,2026-06-19T04:29:57.000000Z,0x2b60b76841f20ee4666eb465631b4bd0d80b02d002222df27eed5d2cab37838c,0xbdbebd58cc8153ce74530bb342427579315915b2
B13,54,0x89d28c987020b922c93c71de36f40c9aff6158bd,1810.44,47527028,2026-06-19T04:30:03.000000Z,0x4bd0580fb8dff396b21770125f3ecde9620287c53bf4f7068b320eab2f09d506,0x048ef1062cbb39b338ac2685da72adf104b4cef5
B13,55,0x8fafa3555dc3651d36d3364ec6dd437416c5d4d8,120.69,47527031,2026-06-19T04:30:09.000000Z,0xf7e896c3a5d4afeb268a08b0c698d4f1f62b154acb5fc04b51d0efc1490826b3,0x501ef174b66883ba40f92e6fb24bfb49331d4d4c
B13,56,0x92f5c3b3341f0623dde76b9adc46b4e3cbe40eba,1496.6200000000001,47527034,2026-06-19T04:30:15.000000Z,0xcaf3bec6ca74438443886db19e8958194d7d38b5063ff66ff1c3e0b830e95fab,0xbdbebd58cc8153ce74530bb342427579315915b2
B13,57,0x9637cd18020bc1d7cc6548d9cfdc0b3472827651,2365.64,47527037,2026-06-19T04:30:21.000000Z,0x5a44629c4c6861f4c8876caeea7d2f76c9b5542fab4cebd752abc471f3b7181e,0x501ef174b66883ba40f92e6fb24bfb49331d4d4c
B13,58,0x96e2c34930df63af72023d76f27109d8a5139931,1472.48,47527040,2026-06-19T04:30:27.000000Z,0x7cb66414beb0752b52baf5e599af77354a05d98991d1f7dd6daa6af7d7c0ef77,0x4b5c33c3c7a31bd108f5a99b64683b0056a62226
B13,59,0x99ff058970219c8ce07d87e39745fa5de462b298,1496.6200000000001,47527043,2026-06-19T04:30:33.000000Z,0x236f4f0bf0899b374842f44617b5fef09b6ac871f56428b3df7231e9b5ee4631,0x4b5c33c3c7a31bd108f5a99b64683b0056a62226
B13,60,0x9a9fa4da5d7a17ac11095dd1754685ebd5e429d3,1569.05,47527046,2026-06-19T04:30:39.000000Z,0x5d4bc8d76628a9251e75af979228e17089f36658effe37310d7082535e9c7858,0x501ef174b66883ba40f92e6fb24bfb49331d4d4c
B13,61,0x9ca901f022945844f7702c800f7b5cea2743d3ab,1834.58,47527049,2026-06-19T04:30:45.000000Z,0xa9811438752a58fe2b6f12d9c364196fc62fa21719da817cda3acf88f7e16051,0x048ef1062cbb39b338ac2685da72adf104b4cef5
B13,62,0xa015c84b325e37338efd4c93471a3fd0fed4ed60,2727.73,47527052,2026-06-19T04:30:51.000000Z,0xddc70876739a9fa4daf1e901dd50f91254a6962da46bec96b9e87313eb1d3ad6,0x048ef1062cbb39b338ac2685da72adf104b4cef5
B13,63,0xa0c73b810fd646d816746b57459b609cb5eb8c57,1810.44,47527056,2026-06-19T04:30:59.000000Z,0x274dc41f7a810f18f6f9b03a70eab24738592bfc512075d14f1cd8e0efb7293c,0x048ef1062cbb39b338ac2685da72adf104b4cef5
B13,64,0xa2be8eee91e38ebdf92ec346bbc439fa4a60fe16,120.69,47527059,2026-06-19T04:31:05.000000Z,0x1f8dea73347242d286dfb481a6db4ff525ea1ae3dd29404f3980f6609b4b790b,0xbdbebd58cc8153ce74530bb342427579315915b2
B13,65,0xa36589b92113a47a9d6dd6897955e0982b828126,1496.6200000000001,47527062,2026-06-19T04:31:11.000000Z,0xc24d3ee18db15021de1840c2e3d35c3ca88685a83f5b38b4a60e6cb11f3ac13e,0x4b5c33c3c7a31bd108f5a99b64683b0056a62226
B13,66,0xa4a9c1aa164f47b31f5cb4c9eb1da1481e087fa1,120.69,47527065,2026-06-19T04:31:17.000000Z,0xd5accaab4a6dd18b484d5d2da551c443d3647ca7ca5791256a1a8e3bba3e6a78,0x048ef1062cbb39b338ac2685da72adf104b4cef5
B13,67,0xa7774a949bd85d2841d044e09f43bc87aa178446,1931.1399999999999,47527068,2026-06-19T04:31:23.000000Z,0x7faefbba95a546858423c94f9659577b9aa22b8669056b573101e6460f7a57b0,0x048ef1062cbb39b338ac2685da72adf104b4cef5
B13,68,0xa80bdd7b73facb08766f6a66c1dabe4b8299d5ed,4465.75,47527071,2026-06-19T04:31:29.000000Z,0x56a58d92945f25dd87752e1299d93ba9022cfa61bdc2b0d0f7045d366ac39b49,0x048ef1062cbb39b338ac2685da72adf104b4cef5
B13,69,0xa90318fc7e833f8e0a6c087947f70efd84feb9da,1496.6200000000001,47527075,2026-06-19T04:31:37.000000Z,0x5268fa58b0103cfb21e08a6e9415f05232c6acfee68e4db3fb5039e93e7d11a9,0xbdbebd58cc8153ce74530bb342427579315915b2
B13,70,0xa9f61d81a91aa0bf768efb342ab4eac1ee7e9a4c,120.69,47527078,2026-06-19T04:31:43.000000Z,0x34a464c1ee27d600cb5db5986cad4d825652d369aaaf717007b8c70002800173,0xbdbebd58cc8153ce74530bb342427579315915b2
B13,71,0xae485c7d5c6e723e1f23db4b9917bd8b904812b4,1496.6200000000001,47527081,2026-06-19T04:31:49.000000Z,0x1e5bcbe3b006f40582e20ac52dbe355abcd71ebd21bf96d4a599bf46e864777a,0xbdbebd58cc8153ce74530bb342427579315915b2
B13,72,0xb32413e35a210fbf25774fbf69c5939ca507e273,1810.44,47527085,2026-06-19T04:31:57.000000Z,0x3979be7fd7e30c29533d7636a6b88665fffba76e5b35bb2996c23f5953ceb7a6,0xbdbebd58cc8153ce74530bb342427579315915b2
B13,73,0xbaf6233fc55e7a518d4cfa3107330ab7f2ab7232,193.11,47527088,2026-06-19T04:32:03.000000Z,0xff424b66fa9dc6a4e07280f27d027da6e8fe7d87d40e06a1670827e2da13e185,0xbdbebd58cc8153ce74530bb342427579315915b2
B13,74,0xbcdd56b6a80f7242175ba3b900d7f50286542424,120.69,47527091,2026-06-19T04:32:09.000000Z,0x4d75e800e8e56e67fcbf1edaa0d434eda5c3e4d60068055d260dc8a5d2f1812b,0x4b5c33c3c7a31bd108f5a99b64683b0056a62226
B13,75,0xbf5a8d52fc97b69a1b18419e6c7475e8623b1f19,1013.84,47527093,2026-06-19T04:32:13.000000Z,0x6f911dbd19637f0f4ff759123a9f40683f147f8f2a087328cb2ac7b4031a5b39,0x501ef174b66883ba40f92e6fb24bfb49331d4d4c
B13,76,0xc40e89ebf52d2d0a339a98a6211bcc9df5d7cc48,1544.91,47527096,2026-06-19T04:32:19.000000Z,0x1d2992a15a2c495c0747a26a0f80207529ddae1e26f30de93e9e9de2f340827e,0xbdbebd58cc8153ce74530bb342427579315915b2
B13,77,0xce01bb69036c2caa0052c18b9cd310627c8bc5e8,1496.6200000000001,47527100,2026-06-19T04:32:27.000000Z,0xb0a3292813c7277fd47262c27a6481332129b821f657d5d3f21829a03d3877fd,0x4b5c33c3c7a31bd108f5a99b64683b0056a62226
B13,78,0xcef2ecbc8d691d63c079303e80f01dc77059e37d,844.8700000000001,47527104,2026-06-19T04:32:35.000000Z,0x19a8a3309751c5b59cdf527d05c5428ed485e45ea9a393a9da0d87a313dcc24a,0x048ef1062cbb39b338ac2685da72adf104b4cef5
B13,79,0xcf27a864fc89a0abcd707d58c9523df6b159817e,120.69,47527107,2026-06-19T04:32:41.000000Z,0x450e135f9787e73a32a1cc2197dacb22206c8b09cbdb9aeecbfd260577fa3f0e,0x501ef174b66883ba40f92e6fb24bfb49331d4d4c
B13,80,0xcf8a41a5d0ce4aeca7c1be4d34cf58b8cfa2674a,144.83,47527110,2026-06-19T04:32:47.000000Z,0x4395e326334f968023a7641924d9e7f35cd8daa647e89c68a7c671076d7f36b2,0x4b5c33c3c7a31bd108f5a99b64683b0056a62226
B13,81,0xd1545683d757993976ddece6ff1afe79d204303c,1520.77,47527112,2026-06-19T04:32:51.000000Z,0x82ae7161b8fd247204f89d599c4dda065ba17c96c993c9cde1a9fce4374e1f9f,0x4b5c33c3c7a31bd108f5a99b64683b0056a62226
B13,82,0xd3c4c30819b61c4ce48b1c0ce3538d8ce6d9ee3b,1496.6200000000001,47527115,2026-06-19T04:32:57.000000Z,0xff9dad149835c466332b7aad9385b3602cabebe6a73d3af21ab9f56b63af99a3,0x501ef174b66883ba40f92e6fb24bfb49331d4d4c
B13,83,0xd563d0304dbd42e7e890ceb0a656deadf6206d2d,1593.19,47527118,2026-06-19T04:33:03.000000Z,0xbbe9d9a7b07280a8ec919f3864a4901772d7354e2ab8468381bb70cf1fe6a244,0xbdbebd58cc8153ce74530bb342427579315915b2
B13,84,0xd6ff9e69a75aa5cd1b6843783959ac6f0c525344,2486.3399999999997,47527120,2026-06-19T04:33:07.000000Z,0xd67bc1c830e539035a0e344941b982e6a2114766c38dca83d8706fc2f2b753ab,0x501ef174b66883ba40f92e6fb24bfb49331d4d4c
B13,85,0xe08a60d2557351ac163e47565e1146df97f8edfb,2003.56,47527124,2026-06-19T04:33:15.000000Z,0x27c401db1b5530845805ee7459dd229ace29f3a568f11c4df3f1a20204d97f4d,0xbdbebd58cc8153ce74530bb342427579315915b2
B13,86,0xe0b5b9d29bf84e0c6bd18379a47beecdd0b3f7b4,1472.48,47527127,2026-06-19T04:33:21.000000Z,0xa1435e947eda5af0372b0fe44356c93ca1aad52dff8ef7cc941741212d258c7c,0x501ef174b66883ba40f92e6fb24bfb49331d4d4c
B13,87,0xe2522fab7808fab7b1d5cb7d55cf86add22bfe3e,337.94,47527130,2026-06-19T04:33:27.000000Z,0xe6354753bc10b16c86d0f915ca684deff15813f6922c5a33f26f3560e16de175,0x048ef1062cbb39b338ac2685da72adf104b4cef5
B13,88,0xe60bc7e0ba8138d40f0bd99448b27eb754ed6ee8,4489.89,47527134,2026-06-19T04:33:35.000000Z,0x3a7a43ac1b99d612b45ff0ebaa698d01b1cff6502963bc0043d73edeccb971b2,0xbdbebd58cc8153ce74530bb342427579315915b2
B13,89,0xe6f2032998ab55f09d8a884c60fa8eeb0679c053,2051.83,47527137,2026-06-19T04:33:41.000000Z,0x3cb8631c3830c125e384dd1e82a50de307a370bad19e30b92911c501c7081c11,0x4b5c33c3c7a31bd108f5a99b64683b0056a62226
B13,90,0xe7174195a6269b26a5662d82c75beca14815a880,3741.58,47527140,2026-06-19T04:33:47.000000Z,0xb8c2b16ea8b0f9b11eefd075a07792f31360f7ed960fad521820bf1cc4b90331,0x501ef174b66883ba40f92e6fb24bfb49331d4d4c
B13,91,0xe78fc71d6d325335242021b772072bc2383643aa,1448.3500000000001,47527142,2026-06-19T04:33:51.000000Z,0x375e1ec7ef4b6161cd3d748ae8d60dd73f8701bb85d50c525a086ca4c0b11895,0x501ef174b66883ba40f92e6fb24bfb49331d4d4c
B13,92,0xe9efbff86ad81c3afdb304c0200526c4e035f721,3234.65,47527146,2026-06-19T04:33:59.000000Z,0x4f7855de5d82e29699ad1fdd43d7d8683fa81ec01607b039bf6bc6ea1c7f0fdf,0x4b5c33c3c7a31bd108f5a99b64683b0056a62226
B13,93,0xeb917ed7934a2754e900815bc4099ca158ab6208,1472.48,47527149,2026-06-19T04:34:05.000000Z,0x95c8a5648861d18393d802619cd5c1de2a1736cf348edbbb8e89695c0fc34e56,0x501ef174b66883ba40f92e6fb24bfb49331d4d4c
B13,94,0xecb096c91ac5ef7d1f0daf34c216a53cc753b0ef,120.69,47527153,2026-06-19T04:34:13.000000Z,0x6c8e93c95d3131f84f7a6c6fc207e0710bc94758af29c83adbeafcb5e717b1e7,0x4b5c33c3c7a31bd108f5a99b64683b0056a62226
B13,95,0xf8694316c0a478658e5160a6a267f90216bd79a5,32418.910000000003,47527156,2026-06-19T04:34:19.000000Z,0xaf75062aa82ef46b949ea12750bc635d80de86c49bc461c7b3ead35bb4e1357c,0x048ef1062cbb39b338ac2685da72adf104b4cef5
B13,96,0xfb2e135b85a3f803d186b1d724e410a8671c1736,1496.6200000000001,47527159,2026-06-19T04:34:25.000000Z,0x3c5854ddf0229b10623ad303f598568f4822f716fe4e1192759043b0eb6a9e9e,0x4b5c33c3c7a31bd108f5a99b64683b0056a62226
B13,97,0xfb4b5d3f1571caf3c61b01cb51d6e5a4992190b8,3982.97,47527161,2026-06-19T04:34:29.000000Z,0xaa76c0ea377f633c9bf33d5921f30f323fc28a80ee1eb267aa51ae70b2077450,0xbdbebd58cc8153ce74530bb342427579315915b2
B13,98,0xfeb3c2c2b3ce375347fde688d198d491e7cbac79,1713.8899999999999,47527164,2026-06-19T04:34:35.000000Z,0x7358283f75e8708120bac8432919ce121a45af7b5742351154852715996c2af2,0xbdbebd58cc8153ce74530bb342427579315915b2
B13,99,0xff02239ef7b5d4572b263a325cc510fe3fe4f6c4,1931.1399999999999,47527167,2026-06-19T04:34:41.000000Z,0x9dc17b296cffad1862882c593749ac660accbb4f71d728f0991ecac035752a59,0xbdbebd58cc8153ce74530bb342427579315915b2
B13,100,0xff171163dc676aa5de87f0a0010d08bda1cc7ba3,6927.950000000001,47527169,2026-06-19T04:34:45.000000Z,0xbfb13548dc3d10bc36471aa3befcad0f10735f787bbcd24f1a48a1cf797f7b0e,0x501ef174b66883ba40f92e6fb24bfb49331d4d4c
B14,1,0x038cc9dc163ced9f66451c457f2fad22c6ed8b27,4336.77,47528695,2026-06-19T05:25:37.000000Z,0x07615414109856b4e7ed21ea7b64eebc96b8f392f4a6c84c2148d1f5f1ecd32d,0x4b5c33c3c7a31bd108f5a99b64683b0056a62226
B14,2,0x04fc7bbea23e420e3a670c635029ad2886cd100d,1187.15,47528698,2026-06-19T05:25:43.000000Z,0x6119789e11db4a436226461562a387d8cd9e5d3f2c88c585fc79bae52f8ac697,0x048ef1062cbb39b338ac2685da72adf104b4cef5
B14,3,0x0517923d554d3c23792d429931af1c882e80ba1c,1526.3500000000001,47528701,2026-06-19T05:25:49.000000Z,0xd4dff644693517d5af2b8d58f6824f89d1ab3fa01777b2a18f706a2c222561b4,0x501ef174b66883ba40f92e6fb24bfb49331d4d4c
B14,4,0x052b1399c403637988eff70f3406949c9bfbe791,24978.82,47528704,2026-06-19T05:25:55.000000Z,0x86d5c11d57f9492a9447591d7bb8f7aa52a0b00396db564606ff2164b657e5c3,0x048ef1062cbb39b338ac2685da72adf104b4cef5
B14,5,0x08af192b94c83b9925fa2f6be9f1854ba8ccfebc,2883.11,47528707,2026-06-19T05:26:01.000000Z,0x45cb84a68c35feaffce398e45c7aa41e956f144a1a8b7af9025aca6e32349fe7,0x048ef1062cbb39b338ac2685da72adf104b4cef5
B14,6,0x0b31aeec5ba7f1807bc0bfd2fc91c81aa10d6a36,1138.7,47528710,2026-06-19T05:26:07.000000Z,0x9b7e967d5619e1aaf15094349dac2fa22bf481f35c96f96f4118dcb2821e3369,0xbdbebd58cc8153ce74530bb342427579315915b2
B14,7,0x0b36c99ccf55150133cd412a470666caa1ee80b0,15190.81,47528714,2026-06-19T05:26:15.000000Z,0xf8fad2a39b6a289edf5c90ff9a4f788d3d884b5f844928f80f7af222ff7c2a6a,0x4b5c33c3c7a31bd108f5a99b64683b0056a62226
B14,8,0x0d53b966ecfb188d702546a3f06e77b65a1eefd1,3076.9300000000003,47528717,2026-06-19T05:26:21.000000Z,0xb3e6567e0c371650bc2c5b1e58a256609bcb05894deacc2814c77af1fc99e6e4,0xbdbebd58cc8153ce74530bb342427579315915b2
B14,9,0x0e684b1d2e5e3d56ac91f4919f80f3804a5ff593,1187.15,47528720,2026-06-19T05:26:27.000000Z,0xe7cd5a170653933f471e6f17ae7e92f739c58b414356f2a20737312117a85e16,0xbdbebd58cc8153ce74530bb342427579315915b2
B14,10,0x0f4527b841151c759c2de7c4022e4c1b564623d4,1235.62,47528723,2026-06-19T05:26:33.000000Z,0xd19334e4f376e67494d121b6fbb7629a7b0f1262ef06a39ce55ed3a9c3d8663c,0xbdbebd58cc8153ce74530bb342427579315915b2
B14,11,0x11e55a9ceb1652accd05c43e15750fed44486809,1187.15,47528726,2026-06-19T05:26:39.000000Z,0x0a253e11ff0d9a9dc0fec3a56d3fae38ba2b51a11bb91c8daaaa4ef50c17aa84,0x048ef1062cbb39b338ac2685da72adf104b4cef5
B14,12,0x122cbdc83f6a2a65bb1a35a33e9cdfcc647f51e9,266.5,47528729,2026-06-19T05:26:45.000000Z,0x0fdd8144169528abefc9e6738c62d90488413c65962275552f8ac34f6e6a2539,0xbdbebd58cc8153ce74530bb342427579315915b2
B14,13,0x1379cf1c3e7d5363a91d555e6e63d9059de112a2,96.91,47528733,2026-06-19T05:26:53.000000Z,0xeec7ab3da92ffb2056f56e8429460f446f1084877bdef31acbf4f2b1a2238aaf,0x048ef1062cbb39b338ac2685da72adf104b4cef5
B14,14,0x1665a238f399ffd73734d535e416137545a6ac7f,96.91,47528736,2026-06-19T05:26:59.000000Z,0xfcb8196f46e4668a7da3430fe9b7ad70fb4001649ef6274cd543a2eee973cf65,0xbdbebd58cc8153ce74530bb342427579315915b2
B14,15,0x190bd1117fd997b5d1237af7bb82bfcdce187c47,1405.21,47528739,2026-06-19T05:27:05.000000Z,0x0055e128da5d710083c27cb54cc269bf95fe41e8ce1c2cce4adef3182d28fd2b,0xbdbebd58cc8153ce74530bb342427579315915b2
B14,16,0x1a150d4663cd403b155acb0b56df5fe1bc4fb663,1405.21,47528742,2026-06-19T05:27:11.000000Z,0xdb0b502360e3a9e55ed607b6645f2aec40c6b423b11609ceb121dfee8fdd47e9,0x501ef174b66883ba40f92e6fb24bfb49331d4d4c
B14,17,0x1c10f8e5593236922a460a19771a744ff347a1b3,2640.83,47528745,2026-06-19T05:27:17.000000Z,0xbe02ac555359df4bfa81b68497b09800be3ad8944c123f5a4b1d190acdaa93d8,0x4b5c33c3c7a31bd108f5a99b64683b0056a62226
B14,18,0x1d2a92e77407629414c4353bf620a897e883b029,21005.47,47528748,2026-06-19T05:27:23.000000Z,0x8a41ab5e5b6bf4b3df316222b76b89d9ab26a8968a5f3d95df06567ac37c9301,0x501ef174b66883ba40f92e6fb24bfb49331d4d4c
B14,19,0x1d407c6a65909c7dc9989e90aa065d2634178691,266.5,47528750,2026-06-19T05:27:27.000000Z,0x1e2995b88202c60e1b6b88109fd5b26cf40f881d9a559a18a92cb7aada338da0,0x4b5c33c3c7a31bd108f5a99b64683b0056a62226
B14,20,0x2421f8b8c2ba55451fab9fa19ddf43749a83645a,1938.23,47528753,2026-06-19T05:27:33.000000Z,0xd7f6f1bdb26fd90d6b3208be9d0c36fbd71e5a45905ad681688b09b591234305,0x501ef174b66883ba40f92e6fb24bfb49331d4d4c
B14,21,0x25f6e089942989d82a6f6e33eadcc5c742135716,3464.5699999999997,47528757,2026-06-19T05:27:41.000000Z,0xd4eebf1c3ebdeeac3b560d2bb5ddba8708f2e727bd47f472937baa62da6c2fb0,0x048ef1062cbb39b338ac2685da72adf104b4cef5
B14,22,0x26d5cfcc316c32ed5a02564d90625b1d0d090248,1211.3799999999999,47528760,2026-06-19T05:27:47.000000Z,0xd783ba39da1c08d10c7ea2de776d3e4fe29548255494cca7c0d71c26ff271b3d,0x501ef174b66883ba40f92e6fb24bfb49331d4d4c
B14,23,0x3088c1881756995dec85ed11238edf4c047c6087,1041.79,47528763,2026-06-19T05:27:53.000000Z,0x66fbc1072b9596586e9ba14dcdf18e289781316286a81642f915674647ccb18c,0x501ef174b66883ba40f92e6fb24bfb49331d4d4c
B14,24,0x3223f99c4b55371c5a43af90443e3e2d64672301,1235.62,47528766,2026-06-19T05:27:59.000000Z,0xef1e2a632cf419e478d26d019f2030c8576789586d7b4fd8dbb0cbe1244bc733,0x048ef1062cbb39b338ac2685da72adf104b4cef5
B14,25,0x3487457d470cc1c5359c8f7c21a8b917c2867939,266.5,47528770,2026-06-19T05:28:07.000000Z,0x07bd06aa2227ff8b2735387ed3fd648196dd1260f91f37fd346ee00963a4f9c7,0x048ef1062cbb39b338ac2685da72adf104b4cef5
B14,26,0x361bb42c00139574d13a8b6867f74752f8deb46c,1187.15,47528773,2026-06-19T05:28:13.000000Z,0x763c410969dc0f787ff168a37d820fd2f7d765693c6d3b84026d3537965765e9,0x501ef174b66883ba40f92e6fb24bfb49331d4d4c
B14,27,0x3d4534a9e899905aedf57446203960537ef704bf,72.68,47528776,2026-06-19T05:28:19.000000Z,0x99fe252cf5a563c27978be72b43c0956a5bed33e811d38a951c9e91db0c9a84e,0x501ef174b66883ba40f92e6fb24bfb49331d4d4c
B14,28,0x3d9d130790c4b3880dcdbebb42583d37bf1fc209,1550.58,47528779,2026-06-19T05:28:25.000000Z,0x2c0748003483d0104016b7f19843ebad894f736ce30596f6bf4627dcf8cb0f85,0x501ef174b66883ba40f92e6fb24bfb49331d4d4c
B14,29,0x421618addfd5fd315c4969f9360fda150e5f68c6,2204.73,47528782,2026-06-19T05:28:31.000000Z,0xb37fa967557e9a737d5d8a4fc9c1662e79e00271ebb05cf2d47dad62d61e300e,0x501ef174b66883ba40f92e6fb24bfb49331d4d4c
B14,30,0x462b31d9e12d6e0b51743c12e257f4d320cdf854,2640.83,47528785,2026-06-19T05:28:37.000000Z,0x692ab4a0ee571a682e55fb40260819b86dc7a02b321235cc79bd1e5079a8570d,0x501ef174b66883ba40f92e6fb24bfb49331d4d4c
B14,31,0x469dd6112d6e2c525ed254e01189d4b37a448b32,96.91,47528788,2026-06-19T05:28:43.000000Z,0x98d84cecda7dc200c8bfc625251b06e80820b7f932a157db8248b6d359646be8,0x4b5c33c3c7a31bd108f5a99b64683b0056a62226
B14,32,0x46d1e8ba78733335a74e0f6b440d65415772df13,2931.56,47528791,2026-06-19T05:28:49.000000Z,0x97955b6fe91afb842c2c7815d0d7e2e494887bcbc756d8e60c1debeca18c41ff,0x4b5c33c3c7a31bd108f5a99b64683b0056a62226
B14,33,0x47f84a6b6bd812407072303987c00656bc36e210,1211.3799999999999,47528794,2026-06-19T05:28:55.000000Z,0xdb4f7ab4867cf13bbb43f80820132e46df1596b44a9a8babbf04930f14c98442,0x048ef1062cbb39b338ac2685da72adf104b4cef5
B14,34,0x4be94ab42519a7784701a3e96544f17e7418e81c,72.68,47528797,2026-06-19T05:29:01.000000Z,0xbeb965c7440e103fd98dc752ca7f13c22b21f9e98e3f72e5692da28bcc3fdfe2,0x048ef1062cbb39b338ac2685da72adf104b4cef5
B14,35,0x4bf0572e41145cf9def554cb1d89fd590c56e80c,72.68,47528800,2026-06-19T05:29:07.000000Z,0xda9c450f38df7b09c712d6b4360c4e4f6eb48e5e66112d8474b34b81b8e62bee,0x4b5c33c3c7a31bd108f5a99b64683b0056a62226
B14,36,0x4d3b217bb55ec735655a5174cf6c77f7355fb927,1187.15,47528803,2026-06-19T05:29:13.000000Z,0x45fe66738e5ad48f0c1bf32befc28e9d22c613134f077060946c2135a7af4f14,0x048ef1062cbb39b338ac2685da72adf104b4cef5
B14,37,0x4e7d93feb57b6b56d7bef0b47cea107e89c39e8d,1162.9299999999998,47528806,2026-06-19T05:29:19.000000Z,0xf5ef0295d0aea2a2efda9fc5781e72e17b8d0286337538a243d3da175fbc6cae,0x501ef174b66883ba40f92e6fb24bfb49331d4d4c
B14,38,0x4f04510bafa65cf7a23dea50e99100b547967174,121.13,47528809,2026-06-19T05:29:25.000000Z,0xee5727434ad8984546bd80b4a39ea5b58ed8fcf7999a4d6d1d48d4675f9b5053,0x501ef174b66883ba40f92e6fb24bfb49331d4d4c
B14,39,0x5047d6f458e40b4521da1e0f8ca00ded312a8d30,1187.15,47528812,2026-06-19T05:29:31.000000Z,0x921c49f931fb9f7854c9196da1ff1a9af59df3c536a21ffdbb15f443499875b8,0x4b5c33c3c7a31bd108f5a99b64683b0056a62226
B14,40,0x5b3b9c14a26fca3a5f85875b84b4205906088234,5330.11,47528815,2026-06-19T05:29:37.000000Z,0x482d9d489e48e332daf2c3d870350873b7335fe72c8489bd2a0cf7509f76e85b,0x501ef174b66883ba40f92e6fb24bfb49331d4d4c
B14,41,0x5dfd5a3fd285aa1bed9fdfc45bca0155a7897b3e,1138.7,47528818,2026-06-19T05:29:43.000000Z,0x56e7cdfbc54a9ed097614af349f08bbcbe9b2573f375465741fca12637061ef3,0x501ef174b66883ba40f92e6fb24bfb49331d4d4c
B14,42,0x5fd118ca1dfac685a9ceecd063d1e27c206f0060,15190.81,47528821,2026-06-19T05:29:49.000000Z,0x9d90b2c2bbe3f057db7a086d74d90e529d3a955cc286bdeb650a00198bb6d0d6,0xbdbebd58cc8153ce74530bb342427579315915b2
B14,43,0x60825d948a9814ab183454f3bb5edf460b6b8f96,72.68,47528823,2026-06-19T05:29:53.000000Z,0x06edd93674954cf14c0e2da85c06dc86255d2afb050c29f2378c6f5dcdb772cc,0xbdbebd58cc8153ce74530bb342427579315915b2
B14,44,0x60f895594cc9f771c447321d06db7a53d74c1731,1647.49,47528826,2026-06-19T05:29:59.000000Z,0x5eef8233e169dc282caff77ee03ced56f6cfaf9c4ef4e54dacc9abdb4ec9d7fc,0x048ef1062cbb39b338ac2685da72adf104b4cef5
B14,45,0x6269658996547260c3abf7630abe2f17be426883,1162.9299999999998,47528829,2026-06-19T05:30:05.000000Z,0xb52c70fb2c60361a8b0a32d61f7fd03d7bb25e90915f9ebffc11611ef339c06c,0x4b5c33c3c7a31bd108f5a99b64683b0056a62226
B14,46,0x65b70827f3da80a2e2181194b1c786c275379bc1,24978.82,47528832,2026-06-19T05:30:11.000000Z,0x7aabb70ff62de7858a976558204429d89d28d99829f3db4af7f52d25cd7b1564,0xbdbebd58cc8153ce74530bb342427579315915b2
B14,47,0x685c125252c43f207694a9786f4639010e9b92b0,1259.85,47528835,2026-06-19T05:30:17.000000Z,0xaf6a3dfdbd71254a42a79811dd0a6f2dd36a84cf1d2b67165e7755b3864e7c6e,0xbdbebd58cc8153ce74530bb342427579315915b2
B14,48,0x6c625816800bb9834e75e6978e2eaff7cab0cbb4,2883.11,47528838,2026-06-19T05:30:23.000000Z,0x0f9f3ac3bca3c5bc54717419d3fc815fc9bdb5a9f197fbf727698e74fe12b102,0x501ef174b66883ba40f92e6fb24bfb49331d4d4c
B14,49,0x6d24855a001973f70f814f8fb96e8b2f972ac9dc,72.68,47528841,2026-06-19T05:30:29.000000Z,0xcd6db277f89a3818c9fa3d5a33520ef24747b4dc5164a81d451fa99efedefe5f,0x501ef174b66883ba40f92e6fb24bfb49331d4d4c
B14,50,0x739395ee79f588658d0f40018d432f887575febd,1138.7,47528844,2026-06-19T05:30:35.000000Z,0xcb9fe96e9cb01407a1662e13f3d44c2d6237013b0899b6b7d17c0303d43ee04a,0x048ef1062cbb39b338ac2685da72adf104b4cef5
B14,51,0x74388c9fb85aa49879da623ec881d8d577e31e9e,1768.63,47528847,2026-06-19T05:30:41.000000Z,0xc26dc11a906eba8cf65bc72345e4d36d8a1e52141a7ce72aa5bb15a93dc05f2d,0x501ef174b66883ba40f92e6fb24bfb49331d4d4c
B14,52,0x76e1afc41d49c48b9dff3593df5075ecf39067ab,96.91,47528850,2026-06-19T05:30:47.000000Z,0x1fbf7af0fbf7bb11470fd25a8d32bfc631c496eabd8e2134300aba894e30fe80,0xbdbebd58cc8153ce74530bb342427579315915b2
B14,53,0x77e5b9f14c0852f8b5c6a0568806a5752c20c367,1138.7,47528853,2026-06-19T05:30:53.000000Z,0xc438e359062014988e5d034c5f4f2731143e22cb6d8155335fa8d80702ec663b,0xbdbebd58cc8153ce74530bb342427579315915b2
B14,54,0x77f4ed67ac2079525de09dd4a43d0aae7b3651b7,1817.09,47528856,2026-06-19T05:30:59.000000Z,0xecd12ecf76667bcc40afbe1f516ca6c72ed78864d17aab818f194d04996272f1,0xbdbebd58cc8153ce74530bb342427579315915b2
B14,55,0x78091c106c35286c98a064deb8aaf56012e8ea0e,2689.29,47528859,2026-06-19T05:31:05.000000Z,0x43ba935c1b2c60e684a33f4656a9a03ef03e1c5fcc432930fc5db9433994c88c,0x048ef1062cbb39b338ac2685da72adf104b4cef5
B14,56,0x78f97af90b6465ae8472401e36cd442a293c51f9,96.91,47528862,2026-06-19T05:31:11.000000Z,0x772c4e24f2c4d4469b39b6d7449feb448501eea02de154a7fd22989604d88088,0x4b5c33c3c7a31bd108f5a99b64683b0056a62226
B14,57,0x7c5f51040aa7967fb6fba8a37525376260ff51e4,121.13,47528865,2026-06-19T05:31:17.000000Z,0x80b47529904da651750615abfbbe8ea0fa70defdf376f159c2720e4873dbbf16,0x4b5c33c3c7a31bd108f5a99b64683b0056a62226
B14,58,0x851c9c74a74d3a0ca01a1414482938b790b422c7,72.68,47528868,2026-06-19T05:31:23.000000Z,0x831f5346b856826fb3143b1106fc3c2028de08adc47898dd11ccec909a5262d1,0x048ef1062cbb39b338ac2685da72adf104b4cef5
B14,59,0x8864034f261ef3c3f0c12706ddf0cdb433fa42a3,1187.15,47528872,2026-06-19T05:31:31.000000Z,0xed82ee3aa8a7dc27ee3d22f7e741a0f00b4650a56290be69e51f8e0f411380de,0x048ef1062cbb39b338ac2685da72adf104b4cef5
B14,60,0x8bdbd3bc33459f82e68b3ee81b0003e790053e4a,96.91,47528875,2026-06-19T05:31:37.000000Z,0xca3bdc4390304bba6ebcbf7d2d88b711596c57f2116b29327caa6935a65b9088,0x048ef1062cbb39b338ac2685da72adf104b4cef5
B14,61,0x8f5a5170cbb5db021e827433683d4ebc9c13025d,1356.76,47528877,2026-06-19T05:31:41.000000Z,0xd2218f54fca47443ed86fc9edf7cb491ecdf6af427295715fa24c51cd9ecf4bc,0xbdbebd58cc8153ce74530bb342427579315915b2
B14,62,0x91cc4727973dd3e0ae401fa3a991950bcf66e370,2689.29,47528880,2026-06-19T05:31:47.000000Z,0x4f6ed989ce667803632a11a39373678206c59a2e3c9dda8828e0ed8fd357c713,0xbdbebd58cc8153ce74530bb342427579315915b2
B14,63,0x91d073218a524959b5867ce586909170969ff2be,387.64,47528884,2026-06-19T05:31:55.000000Z,0x740b5abf7fdaf27c27df622985df737dde85362c96f93fb61653c1f2ada86074,0xbdbebd58cc8153ce74530bb342427579315915b2
B14,64,0x91d772d531623856c8bee68e8f6d896029d761ea,1211.3799999999999,47528887,2026-06-19T05:32:01.000000Z,0x52c4f5c65566083e148723ff1df5521bca89a4dcf571d8f6e6e35ab76edb69bb,0x4b5c33c3c7a31bd108f5a99b64683b0056a62226
B14,65,0x94aad23556bc8d48dba8a4055ba4e07a653eb2e7,654.14,47528890,2026-06-19T05:32:07.000000Z,0x185f02f6b16ef66bb1019539c78681044d6c697d635abd560fbb95fe4298eef7,0x048ef1062cbb39b338ac2685da72adf104b4cef5
B14,66,0x9737b9f2ad49426167c5b63c20ee760fd9cdc508,72.68,47528893,2026-06-19T05:32:13.000000Z,0xcbb9f766ec814253ac57bd1efdfb462c371827bef7eba59cd0b6c9b7c4020426,0x048ef1062cbb39b338ac2685da72adf104b4cef5
B14,67,0x97c05f1f2ea61d5fd05e2dfb24d1813e5a9eb616,3198.07,47528896,2026-06-19T05:32:19.000000Z,0xb513d1dc07829ce3252d1cfc9ded21aabf489f526d5731138945dd8ba524c8da,0x4b5c33c3c7a31bd108f5a99b64683b0056a62226
B14,68,0x9a06998db3f8bc56691ece7b52c1a427b9369d5b,1162.9299999999998,47528899,2026-06-19T05:32:25.000000Z,0x188e6dfbc76a4bc9f4cd2c8745cd9ff71c124a0a7540b372f22ace93313678db,0x501ef174b66883ba40f92e6fb24bfb49331d4d4c
B14,69,0x9a0c6e09dc413f773a3a1a245ff8571b9ceb943b,72.68,47528902,2026-06-19T05:32:31.000000Z,0xe5f8838b1c9f6fc4af18f9977c231a4a7f83af7292e5422324613caf61e17bea,0x501ef174b66883ba40f92e6fb24bfb49331d4d4c
B14,70,0xa15e7e1da2a2c0e28a3b7fa8c09b87a886cc0189,1235.62,47528905,2026-06-19T05:32:37.000000Z,0x749bc6e92ea020237057f7e59e14118885d8ae23b82bd2b008a548a1851fd75b,0x501ef174b66883ba40f92e6fb24bfb49331d4d4c
B14,71,0xa3215f02f874893282234f3636987bd36c2b538b,2931.56,47528908,2026-06-19T05:32:43.000000Z,0x6127aff4c95c18f905454f4cee342d7d13efc97046b95c0690ec360b0555c96d,0x048ef1062cbb39b338ac2685da72adf104b4cef5
B14,72,0xa33d450cd0fc6992c3dd9045c18d7bb0c73362fb,1938.23,47528910,2026-06-19T05:32:47.000000Z,0x9636deb0bbc86fe8ce8df2745556cda647bd126f5b71dcba27ce2fdb1b2da58c,0xbdbebd58cc8153ce74530bb342427579315915b2
B14,73,0xa5506638fc47c902e219d42e6b2289faaeb714ba,1162.9299999999998,47528913,2026-06-19T05:32:53.000000Z,0xba0af500a1c58de337229450dd989eccb7249c16646afcdc0e6b534bdef6185c,0x4b5c33c3c7a31bd108f5a99b64683b0056a62226
B14,74,0xa6ccdc581684edf2295b6ccb2bde69b527c8cdd0,4264.09,47528917,2026-06-19T05:33:01.000000Z,0xc275e77167fc020fc396f44fc26c3c8a6ec7962b0a7dcd9295efb191dc491397,0x4b5c33c3c7a31bd108f5a99b64683b0056a62226
B14,75,0xa71d2f7c13e493179b1f6bbfda244cad32c6e111,1308.3000000000002,47528920,2026-06-19T05:33:07.000000Z,0x60122f7dde2e81fd8308099547f7cc3aa28f0add72897c24e61bda717a552e57,0xbdbebd58cc8153ce74530bb342427579315915b2
B14,76,0xa94645cf43dc4672495323c34dd18a1efcbbac63,1211.3799999999999,47528923,2026-06-19T05:33:13.000000Z,0x8c6e823fce98be3dce6aa5bdf22fdd73638c28a6611618489d50a721ab06b2ff,0xbdbebd58cc8153ce74530bb342427579315915b2
B14,77,0xad16ac5520c40d3565ea251ca96df06cfe75127d,1380.99,47528925,2026-06-19T05:33:17.000000Z,0x0d7a83d7b4c68e04a1cabf5d748a9672c77fbd38c97fb0c4a2e0805fd8d5dbca,0x4b5c33c3c7a31bd108f5a99b64683b0056a62226
B14,78,0xb06da15c17ef8a2d74c5a855677f82df348dcec7,96.91,47528928,2026-06-19T05:33:23.000000Z,0xac3791c68ae25f69b5f1783c1b8fc451113ecf27eecd26f6a7cf157362c4d135,0xbdbebd58cc8153ce74530bb342427579315915b2
B14,79,0xb098d6f24d6ddda128acf45b9706298cf5e6074d,1235.62,47528931,2026-06-19T05:33:29.000000Z,0x9e484e0ec3d2c965a43aa756ff05901f52bb0bf8ac2939113e0cb24c94360566,0x4b5c33c3c7a31bd108f5a99b64683b0056a62226
B14,80,0xb326f44ea486057142e357346fb45bbee99ef161,1380.99,47528933,2026-06-19T05:33:33.000000Z,0x11f9e6deceda654d31f05de936dee83fec7e19df33e05cb0b483d7aaff911f3e,0x501ef174b66883ba40f92e6fb24bfb49331d4d4c
B14,81,0xb32982d5add391b2f33544d9b2a5550b2d8b7807,1574.81,47528936,2026-06-19T05:33:39.000000Z,0x463ff861250c679abaecd772ada71dd3952acd584d4d2625198e900cb5145191,0x501ef174b66883ba40f92e6fb24bfb49331d4d4c
B14,82,0xc97e441e5505a48a1e9679fa0098a2490a592d4c,1405.21,47528938,2026-06-19T05:33:43.000000Z,0xf20298df183e43035d497347c205f75371fa146f9dd4995ad03a926e382d2801,0x501ef174b66883ba40f92e6fb24bfb49331d4d4c
B14,83,0xcd6d837cbc28d4a7de9614d00521c0f35827dcab,72.68,47528941,2026-06-19T05:33:49.000000Z,0x3e7fcda4e46ec5d4480a57bca7a76533e8f28b754f809aeb246e2c254320106a,0x501ef174b66883ba40f92e6fb24bfb49331d4d4c
B14,84,0xd3342baeb12ae7d731b399b9fe878c257f90567a,72.68,47528944,2026-06-19T05:33:55.000000Z,0x7c6d8fcda7adee5594160ab6f4b9bd124842d6cdc5414ff5d1b6f019ae22a09b,0x048ef1062cbb39b338ac2685da72adf104b4cef5
B14,85,0xd5dc9cc3e635846a874b54111c651dd2c9475d94,1308.3000000000002,47528946,2026-06-19T05:33:59.000000Z,0x27750ba16034bfe7a7c351a3861a6f68c7243f2fc6530f6bb13c84053cef5555,0xbdbebd58cc8153ce74530bb342427579315915b2
B14,86,0xd74477f6b09a753cab404014d2e2974875e6e200,484.55,47528949,2026-06-19T05:34:05.000000Z,0x5eb3e04d46e16a051637e141e7de908f4895b66ac5470b28f8dfce5fb20a0968,0xbdbebd58cc8153ce74530bb342427579315915b2
B14,87,0xd96a5d2f0873e77ed1826590f40421468fdec937,8649.31,47528952,2026-06-19T05:34:11.000000Z,0xf58baf9f0acc72b12c924c87fcb01a0a5bae1f8d7fbf0c81eb38b864f1be032a,0x048ef1062cbb39b338ac2685da72adf104b4cef5
B14,88,0xe114cb030f1fbab247f241f912115e8c6fede12a,3464.5699999999997,47528954,2026-06-19T05:34:15.000000Z,0x88cc5643232f656094361db5efa04689666da501a60e1f794d44a101dc74b584,0x501ef174b66883ba40f92e6fb24bfb49331d4d4c
B14,89,0xe3375eaa616c556f7cb2ef4c44376a5ed599f4ba,4942.469999999999,47528957,2026-06-19T05:34:21.000000Z,0x727a03deac3ce42c621c4bcc26d4733dc3158a606ac10b4c3d94d78a5c76c530,0x048ef1062cbb39b338ac2685da72adf104b4cef5
B14,90,0xe3801a905ee50de9d9352677e0c24c09b2ceeebf,6929.139999999999,47528960,2026-06-19T05:34:27.000000Z,0x2c59885b3e19f43bd047cf1a26208807a8572f5ffa84455bd6b10240500eb3ee,0x501ef174b66883ba40f92e6fb24bfb49331d4d4c
B14,91,0xe3db280807ac684cb1ab4e67f3010167dabe49f8,1429.44,47528963,2026-06-19T05:34:33.000000Z,0x25d045776aa480ef15a36df48238a07352ae5bca14b50d9a3bc13fe3f5ff1f51,0x4b5c33c3c7a31bd108f5a99b64683b0056a62226
B14,92,0xe48cfc19171761263c0b9590f04f7c5389061ac4,387.64,47528966,2026-06-19T05:34:39.000000Z,0xe07b8ef6b92b41628315666217ec1547db6ffb3e6e41dcb5fa4ea521e4f78cce,0x048ef1062cbb39b338ac2685da72adf104b4cef5
B14,93,0xe6427f2c9b1ecd0331ac2333f772ed273793c75d,2204.73,47528969,2026-06-19T05:34:45.000000Z,0xe3c90cfdc3eeec0ea07d7184e3378a0f1679e34bc741aa2a6b3ba8061d2f87c6,0x4b5c33c3c7a31bd108f5a99b64683b0056a62226
B14,94,0xea809d783dc7b516faa58828466d0af263214494,145.36,47528972,2026-06-19T05:34:51.000000Z,0x5f65be34c181e9c1f35db31a4c0d3670b53af7bb8bc96e2381302df0e8fe82a8,0x4b5c33c3c7a31bd108f5a99b64683b0056a62226
B14,95,0xf4bc5173e541405b68ae83581c494fecb1f52402,72.68,47528975,2026-06-19T05:34:57.000000Z,0xda34d65c0023a3aeba1166fe40b355d1e7d47d4e1b92a56204a0540de3505e1a,0x048ef1062cbb39b338ac2685da72adf104b4cef5
B14,96,0xf5e75f8850a541d216a1b8d57182e3afb8b07ae5,72.68,47528978,2026-06-19T05:35:03.000000Z,0x56c278641a9ee29e49486839e2d924ad42cb98af0a4b0356c2c84319f51ca2b9,0x048ef1062cbb39b338ac2685da72adf104b4cef5
B14,97,0xf73d2bb0ca0db67ba65f69179cc86ddfe39ea88c,1138.7,47528981,2026-06-19T05:35:09.000000Z,0x254a37ae8f7c47af9d6131101ce12a27d0d8f89c66bead1bcf8ab3ee130a6233,0x4b5c33c3c7a31bd108f5a99b64683b0056a62226
B14,98,0xf7cde7b34a31cff3352fd016ecd984ef55eb984a,1574.81,47528984,2026-06-19T05:35:15.000000Z,0x1f555b10df8810e38ab0434fab4f618e68c37b0804bb54de2dc2d7701b26dca3,0x501ef174b66883ba40f92e6fb24bfb49331d4d4c
B14,99,0xff1afa256ed54b8f15cec02aa52be3725b40dcd7,1550.58,47528987,2026-06-19T05:35:21.000000Z,0x117737d9b9ff477d3c0b9df4c9d1bd1cf2ee41df25462f4c6bb9e404c1ce2e4e,0x501ef174b66883ba40f92e6fb24bfb49331d4d4c
B14,100,0xff5859890dc11632bb4acafbb4f4883d729c0fec,1914,47528990,2026-06-19T05:35:27.000000Z,0xd78dac90cd7febb52c411ba20cfcb922e86cedab0f4e74c4272f85c6ade0eefa,0x501ef174b66883ba40f92e6fb24bfb49331d4d4c
B15,1,0x02ffa64caf84eb96548aa0549ca157ca30900b81,96.89,47531021,2026-06-19T06:43:09.000000Z,0x325eb1925f5f4aa1c0f966592d74d03f3ff7fd22d329b41fe66a243053fd07b6,0x4b5c33c3c7a31bd108f5a99b64683b0056a62226
B15,2,0x071bc54213466c7fede2f25c3b41b1faf0b7ef69,2858.2900000000004,47531025,2026-06-19T06:43:17.000000Z,0xb6f4acae89865717d74faafb26f844ff9cdec60ea596a511d1e70233ae8e3105,0xbdbebd58cc8153ce74530bb342427579315915b2
B15,3,0x078a7bc7d60a8852b38aeb79c1baadd65d89884f,5232.12,47531028,2026-06-19T06:43:23.000000Z,0xa6c6f0220a5e1ffb9f7bfa0fd92f9186143ea1280edb73f87d56501fa7d9d6d0,0xbdbebd58cc8153ce74530bb342427579315915b2
B15,4,0x0c7aa3e666bfdb402cfcf03808a187283c0701a2,1404.91,47531031,2026-06-19T06:43:29.000000Z,0x1bdc47551d762d4e5ebb86ae2ce065d7773961e8927e2111ba6f566f4d5a7c14,0x4b5c33c3c7a31bd108f5a99b64683b0056a62226
B15,5,0x0c84fe65b3a50addd16995f2d8723b90ed47433e,1259.5800000000002,47531034,2026-06-19T06:43:35.000000Z,0xddd02953d107119428c9c425b9c72d4dbb30449792433fb7405d649663bd7ab4,0x4b5c33c3c7a31bd108f5a99b64683b0056a62226
B15,6,0x0cc98a7fd2d0910ae2901368ac7307269ffbb53c,1211.1299999999999,47531037,2026-06-19T06:43:41.000000Z,0x6460ba026f5708b1e8ff9d6a9dd55f791f2723846e83b25d8ac89964b1b8168d,0x4b5c33c3c7a31bd108f5a99b64683b0056a62226
B15,7,0x0d446a267dffa43a365e590a84eb2a0ae8c8a106,3512.3,47531040,2026-06-19T06:43:47.000000Z,0xf01c3576ec19112ae9ad94d1abaf7d435497bc349afb05f48930b546c07caca6,0x048ef1062cbb39b338ac2685da72adf104b4cef5
B15,8,0x0df6eedb831e3bc6a0308c36ee8e86313d4e48ae,3681.8599999999997,47531044,2026-06-19T06:43:55.000000Z,0x46c3230daaf49697b27201c55b5cdd34c968e336694dc8323cc0b95b7cd9da0a,0x501ef174b66883ba40f92e6fb24bfb49331d4d4c
B15,9,0x0fad7720496f9bf0a972088888b4603eb3a5488d,1259.5800000000002,47531047,2026-06-19T06:44:01.000000Z,0x8e26e309768d633e3ec9aab23765c643e87e8e670beb4afd4020b32546e9e3c2,0x4b5c33c3c7a31bd108f5a99b64683b0056a62226
B15,10,0x11f25c2195d7d9ffc6067803e5ac6dc1b3c1b9d8,1768.27,47531050,2026-06-19T06:44:07.000000Z,0x3a5efc71781653ce3f7d3725f74d363c5b7b83474ea961b2169eecddc25d6004,0xbdbebd58cc8153ce74530bb342427579315915b2
B15,11,0x136f7bdc876cc558d73b24613cc241ed1cf0d69f,1211.1299999999999,47531053,2026-06-19T06:44:13.000000Z,0xa1fb281684fb34cd605862464ef0c4b3d19ef61be20852e705512f2f1a93736e,0x048ef1062cbb39b338ac2685da72adf104b4cef5
B15,12,0x15d504d7f7a9005a04b22075086e631a14693311,1235.36,47531056,2026-06-19T06:44:19.000000Z,0x7434877fcd61dcd2ebc37dfc5ed6f082da4caf437f385adf91b95e665c49a730,0xbdbebd58cc8153ce74530bb342427579315915b2
B15,13,0x18beedcc213250b1be4d38b34eafce6b1d385902,96.89,47531059,2026-06-19T06:44:25.000000Z,0x81e70fc4248936182015a8565da0512323d6eda001a047584b79e76511cb57f2,0x4b5c33c3c7a31bd108f5a99b64683b0056a62226
B15,14,0x1d869bc6ae8ce5f4c4b2a8a6423863f7af9537c5,96.89,47531063,2026-06-19T06:44:33.000000Z,0xd26d5dd39750f085aa3b87c4352c8aaf132a1be493d159eed1ce1bde6ae89051,0x048ef1062cbb39b338ac2685da72adf104b4cef5
B15,15,0x23ed1fa79724967b1f4c8733801ae6a6410cb9c1,3124.74,47531066,2026-06-19T06:44:39.000000Z,0x6fe149826d98b779600d4ed6ac3c7ae2ef6b4d8f89c24dcbe38c2ee9d19e24fe,0x501ef174b66883ba40f92e6fb24bfb49331d4d4c
B15,16,0x26c367758efd811c7680047289e449046d23bf75,5135.23,47531069,2026-06-19T06:44:45.000000Z,0x4f08eeaa80746493ae0cd292bb3b559257ae21a831879e70241bcb62268dfa0e,0x501ef174b66883ba40f92e6fb24bfb49331d4d4c
B15,17,0x27734bf94d657f805f4c4eedb1ebe521c0b4ec0e,1211.1299999999999,47531072,2026-06-19T06:44:51.000000Z,0xa92d4e880da5970ede8814d8fd445515905ecdd9ece78acaec9df10e71954a99,0x048ef1062cbb39b338ac2685da72adf104b4cef5
B15,18,0x293563bcd740299c418bbca875e63f70ced032d7,1283.8,47531075,2026-06-19T06:44:57.000000Z,0x304ba0a0c9288460ecbe2173abec77fbc50b297678b1ac6dfe78ddcf3554a751,0xbdbebd58cc8153ce74530bb342427579315915b2
B15,19,0x3160d67e2e62bc3498792a54b982f9e079678466,1840.9299999999998,47531078,2026-06-19T06:45:03.000000Z,0x7c6c74febc66281a5cbe2c5cef1e1eb197454de059e52a128956f85d4ba4c0b4,0xbdbebd58cc8153ce74530bb342427579315915b2
B15,20,0x3604501e455687e340f3892c96736b8ee85926e3,5668.13,47531081,2026-06-19T06:45:09.000000Z,0xe5709faf569306660766b69942e35346c4894ef419b8df986e4b9c5a4e011875,0x4b5c33c3c7a31bd108f5a99b64683b0056a62226
B15,21,0x363011a50abe4799024aea71b4502e7662360ca4,1647.15,47531084,2026-06-19T06:45:15.000000Z,0x55579d4f9f52fa066e56535dd4abe039a106b1e39eb48b8e7268f589d30c1b91,0x501ef174b66883ba40f92e6fb24bfb49331d4d4c
B15,22,0x37cf88e116ee39e35ae930f998d7f85c8d09948e,1235.36,47531086,2026-06-19T06:45:19.000000Z,0xf29bef5302a417e1935c3374a9bdccf63f01417884f94b7eaa21339521c0ff33,0x048ef1062cbb39b338ac2685da72adf104b4cef5
B15,23,0x3e7788ada0de4c3f0aaa4a11c98188ca77d621f4,1211.1299999999999,47531089,2026-06-19T06:45:25.000000Z,0x3cae26a183d3bdd91411053a39ec415366cc8dcd65817a93f3b0e7e990506504,0x048ef1062cbb39b338ac2685da72adf104b4cef5
B15,24,0x4100f234da77d907873c81ae22985ab5c36f84da,1259.5800000000002,47531092,2026-06-19T06:45:31.000000Z,0x9ca6ae46754d211c45444a93974718c86989aae47e9e9625bc494a58b4e817a2,0x501ef174b66883ba40f92e6fb24bfb49331d4d4c
B15,25,0x41b3cef36dcfdef24ccf780ebce19c29640c7774,1235.36,47531095,2026-06-19T06:45:37.000000Z,0x0856b0cd57e71cce2100c1388744752da7fa100dbface5f6867926994ab4c2f5,0xbdbebd58cc8153ce74530bb342427579315915b2
B15,26,0x41e6bc2bb9628f1120bf5452d04298d94afb16c8,96.89,47531097,2026-06-19T06:45:41.000000Z,0x48b4e4999a4cf06a22089711451a7844c9e7e9713713f04f55bee6313e050682,0x4b5c33c3c7a31bd108f5a99b64683b0056a62226
B15,27,0x42490b01329899e7ef374ba95516fcd00d05c61e,3052.07,47531101,2026-06-19T06:45:49.000000Z,0x69debf1d9799d4d5cb89013696ce05e75a6005e7dc7bca8fe8a145f96b967c8d,0x501ef174b66883ba40f92e6fb24bfb49331d4d4c
B15,28,0x42a60d6a86b1019794bc89a7e991d95db132ee2f,2640.28,47531104,2026-06-19T06:45:55.000000Z,0x8afb55a3d10e56d1fa9d4e7a66105a8a46f67c741567fcd3152a6a17748abb38,0x4b5c33c3c7a31bd108f5a99b64683b0056a62226
B15,29,0x430f42e0abcd04ce1ce18ee078714cd908906b4e,96.89,47531106,2026-06-19T06:45:59.000000Z,0x82ec762d133338fcd2ec380d7ebba6c53fe1978ca953dded9d58725aad7e495e,0x4b5c33c3c7a31bd108f5a99b64683b0056a62226
B15,30,0x46e574014b0b8714c2456036e1b9f3af8ac1d31b,3124.74,47531109,2026-06-19T06:46:05.000000Z,0xf08ea947615fd6097ad65506e91d666300743f462c8fa39f86c86b201c4c2e8c,0x501ef174b66883ba40f92e6fb24bfb49331d4d4c
B15,31,0x47dc66a40e11e80700ff9777a92e2c9efe5f0918,2809.84,47531112,2026-06-19T06:46:11.000000Z,0xcc35d1966b140fd33637055770cf1da43e8871d8c86a517cd0c68a137873055e,0x501ef174b66883ba40f92e6fb24bfb49331d4d4c
B15,32,0x49247c8125f50cbcfbb7aca71574a17bdf38373e,1380.6899999999998,47531114,2026-06-19T06:46:15.000000Z,0x44a40aa2ae0f917be4537b23dfeddfe86553445180ba036d044b2655eb7bd164,0x4b5c33c3c7a31bd108f5a99b64683b0056a62226
B15,33,0x5432c6112cbac366bf4b6eec4e441b732d11c9fe,1235.36,47531117,2026-06-19T06:46:21.000000Z,0xd452508d84ea68f8a0627c15a5aefb6ad32427604f8398f45c4d2a753d12ea13,0x4b5c33c3c7a31bd108f5a99b64683b0056a62226
B15,34,0x5501ebf326837cf2dda25c1cc767e8ead987cd69,1526.03,47531121,2026-06-19T06:46:29.000000Z,0xc343405cdc2c7a652a3e00cd376dc3937daa341ad31b5eafac14f8ddcb69c9a2,0x501ef174b66883ba40f92e6fb24bfb49331d4d4c
B15,35,0x5574a37d1296cf5e266ab27f763d74b58ac57185,1477.5800000000002,47531124,2026-06-19T06:46:35.000000Z,0x495c877b112009df60e07ec87256d5d8ba21d2d2ad20b2ab4714fb61386d44b7,0x501ef174b66883ba40f92e6fb24bfb49331d4d4c
B15,36,0x56472dc134d72589ed0a7ac7b3344e05984e47e3,2858.2900000000004,47531128,2026-06-19T06:46:43.000000Z,0x45bbdc71bf28dc576c724edfe0f9ef8a2721cf7869dcd7ca639b3c55d817b6db,0x501ef174b66883ba40f92e6fb24bfb49331d4d4c
B15,37,0x5bb486f10d67644c627fe28bfa0fec7bd3673780,12765.390000000001,47531131,2026-06-19T06:46:49.000000Z,0x42d9621ad2961635ffd8280d70fe49a2862d0488a8af80bf897ec5337a8baf06,0x501ef174b66883ba40f92e6fb24bfb49331d4d4c
B15,38,0x5cf3c789ea3b2244dfc4bbe4db676f24ce0a5937,2276.94,47531135,2026-06-19T06:46:57.000000Z,0xcfcd7f87a8ae5c4fee1a8d931c507777de1ab5eaca59bd1ceffc583af578faad,0x501ef174b66883ba40f92e6fb24bfb49331d4d4c
B15,39,0x5e9fd252b3d642b296edba4285a9885323f0e94e,96.89,47531138,2026-06-19T06:47:03.000000Z,0xa7704788d359e9d93d8e98148edd9fc7ff1fa5d85d37b5e0b0f7b2ac97db047c,0x4b5c33c3c7a31bd108f5a99b64683b0056a62226
B15,40,0x61665d2ff792051e02f543ccda1d7aec2673a42f,96.89,47531141,2026-06-19T06:47:09.000000Z,0x9575aaf76e2632eb6b867717a03b91d75fe8e2dd557050c862ef9d6928072af2,0x4b5c33c3c7a31bd108f5a99b64683b0056a62226
B15,41,0x670411fe6153af48f034da79a0442e1faaeab3a0,1356.47,47531144,2026-06-19T06:47:15.000000Z,0x28a4f7d4694f1683fb408701ae46543a77b85a10ad5e453b60a2e5d85dcd5922,0x048ef1062cbb39b338ac2685da72adf104b4cef5
B15,42,0x68495bddd50cc947f28c1708c1d301379d6cb70a,1429.1399999999999,47531147,2026-06-19T06:47:21.000000Z,0x33a42bf39cedd18cd41bb0f1bcd5ecd301f93f30fa110375efc322f4ba809b36,0x048ef1062cbb39b338ac2685da72adf104b4cef5
B15,43,0x6b5a9711e64c41e3750ca63fe56c3fedf6599fd6,169.55,47531150,2026-06-19T06:47:27.000000Z,0x440e7868ce7f5fa6f401a2518bf0904442a01cc4528f3691abd5048aa0bdbbab,0x048ef1062cbb39b338ac2685da72adf104b4cef5
B15,44,0x6ca5a4d0014323af3213613024c201a81c9a117f,1090.02,47531153,2026-06-19T06:47:33.000000Z,0x9204ea5d92b4084d1ba605baa8ff8bc329df130ce8d79eef0be144ef0cf7cb01,0x048ef1062cbb39b338ac2685da72adf104b4cef5
B15,45,0x6ecfb8dcf0f8619ca704a51d58c261338f7ac6aa,1768.27,47531155,2026-06-19T06:47:37.000000Z,0xddb8ad4b581b873b424219d0a40fd36c35fd89d108dbd68098b34a0f98209b3c,0x048ef1062cbb39b338ac2685da72adf104b4cef5
B15,46,0x79e28c149c4aca449a82804dbe131f9c4610cc51,7097.27,47531158,2026-06-19T06:47:43.000000Z,0xe307b867ee31d5f3ebcb9548f45503a17aac1bb9e334e57e489205fc1ecd7acf,0x501ef174b66883ba40f92e6fb24bfb49331d4d4c
B15,47,0x7ceac56c6b4d694e9dda603953de0011dc277e30,1840.9299999999998,47531161,2026-06-19T06:47:49.000000Z,0xb6d4c99876b0cf56386562864ab4e8b43150bb04724f60a4b8b8dc90abe0511d,0xbdbebd58cc8153ce74530bb342427579315915b2
B15,48,0x806638006d8c7b44e97efc6f032b14c5082e98b8,1477.5800000000002,47531164,2026-06-19T06:47:55.000000Z,0x4ab288fe88b8ef7904cdeb38fe89afad2ef4e7091bee4e0203bc82bf7acffdb3,0x501ef174b66883ba40f92e6fb24bfb49331d4d4c
B15,49,0x816dee5b4303fb245703c3e5a7f738b3a9ffa473,96.89,47531166,2026-06-19T06:47:59.000000Z,0xf6eb33146c699f699c89728730e1574078b5fdb47c3affbef8898476490f8eda,0xbdbebd58cc8153ce74530bb342427579315915b2
B15,50,0x82c8c8caf3646220d894a4d38ac0cb910c62ed4e,96.89,47531169,2026-06-19T06:48:05.000000Z,0xb1947071e1b317552dc31118ea010cae54406abc3b8b26615f339042390c6b5a,0x048ef1062cbb39b338ac2685da72adf104b4cef5
B15,51,0x83869233496ca74874f3630297cb4b08559ae4cb,411.78,47531172,2026-06-19T06:48:11.000000Z,0xea41ec134cde4f29d22a928ec8a363687681de02ce6916592bffffda0f7e0840,0x048ef1062cbb39b338ac2685da72adf104b4cef5
B15,52,0x84388b7875da19992b5578e2874f3690d9c953b1,1865.16,47531174,2026-06-19T06:48:15.000000Z,0xf64be2e99b1d373038d4e1a6a181fa31dfb934983c0c0ff09e92b4999463981c,0x048ef1062cbb39b338ac2685da72adf104b4cef5
B15,53,0x844b94eefba69278ae830e86e2bc803d3c9df182,1865.16,47531177,2026-06-19T06:48:21.000000Z,0x6dfcf6d7973d8b9847642fcdd79cb83591b484d8b61674f74c15b275a51cc27a,0x501ef174b66883ba40f92e6fb24bfb49331d4d4c
B15,54,0x8607fe3088f0a90fd12517896043ec196f0d4d17,4626.55,47531180,2026-06-19T06:48:27.000000Z,0xc9e09986eaf03bfe51edf214849aead3dbc229bd188cc2a0b5e81efa5583ec02,0x048ef1062cbb39b338ac2685da72adf104b4cef5
B15,55,0x86c3e46a4441de7a47117cbd080acc077bb5f065,1695.6,47531183,2026-06-19T06:48:33.000000Z,0xba1734152aaea5f0a01f3f6827a84b1ef53137c043c227dcadb64a3a5ed0ab4c,0x048ef1062cbb39b338ac2685da72adf104b4cef5
B15,56,0x89a92e4b9b0239ba2d2b20865c61c4082986211b,96.89,47531186,2026-06-19T06:48:39.000000Z,0x08826fcaaa779d1c18654d0995925c8304d8023db248510a377c153821fa1c5f,0x4b5c33c3c7a31bd108f5a99b64683b0056a62226
B15,57,0x8b31165b09f5ec7029d03db3f1a5319a7cad735b,1695.6,47531189,2026-06-19T06:48:45.000000Z,0x3dec037a888334a10c495006d7e9445b28e1bb0724f1597a47ff08166a8c2584,0x048ef1062cbb39b338ac2685da72adf104b4cef5
B15,58,0x8e5ad5f44604c8cd271839c4e815e989431c3d02,1671.37,47531192,2026-06-19T06:48:51.000000Z,0xd21350a32124a6f22091c80d9e38649ad0e02738464c1167b000a2a2877b87f9,0xbdbebd58cc8153ce74530bb342427579315915b2
B15,59,0x8fd40b4b160196d6a2b95b954963570d4f67834c,22309.16,47531195,2026-06-19T06:48:57.000000Z,0x2da7a0f170967e85f28abca3f4a02e04e254ab009e0c2c410718a9edc4474de2,0x048ef1062cbb39b338ac2685da72adf104b4cef5
B15,60,0x90a21d26b34c53c8d509d879411d0dbffbdc4d0e,1235.36,47531198,2026-06-19T06:49:03.000000Z,0xc2bc012661ca8464b51d7a78a7cae05b26f5459c3d616666303eb2628b1324ea,0x048ef1062cbb39b338ac2685da72adf104b4cef5
B15,61,0x91cba4a853afc3b2109b175f362b4c8bb6d374f4,96.89,47531201,2026-06-19T06:49:09.000000Z,0x2cf3909dd7b9ac07d1edb896023d5c053291cc9e79f2fc624e7f0120efe68fe0,0x4b5c33c3c7a31bd108f5a99b64683b0056a62226
B15,62,0x94a9ae77ae09882497c22d60eac9af54dc26d06b,5668.13,47531204,2026-06-19T06:49:15.000000Z,0xe6bb9ae0b0c35a5b9cd803ec3d69a5cb2def573412253dd85240186d7dc96900,0x501ef174b66883ba40f92e6fb24bfb49331d4d4c
B15,63,0x98246860ef2b079895d46e10c15fe917979053fa,3052.07,47531207,2026-06-19T06:49:21.000000Z,0xa86612462791cf3f4198238e631faf7fc19cf38c61aafab07ee6772a9ac0da47,0x4b5c33c3c7a31bd108f5a99b64683b0056a62226
B15,64,0x9c2c603470b9e7e44d9f4b1e428857f695b6b132,2640.28,47531209,2026-06-19T06:49:25.000000Z,0xc5fc965d023a59a9cd0b7060ccea57780e584bc3651baf6a5954ce953e8028d1,0xbdbebd58cc8153ce74530bb342427579315915b2
B15,65,0x9d2f33b61e55ce20527b740c648b8c13e362bae2,1986.27,47531212,2026-06-19T06:49:31.000000Z,0x620842c54eab957d084455d6de8bde80a1a29a09dba6fd2ceed00dfbdb288c41,0xbdbebd58cc8153ce74530bb342427579315915b2
B15,66,0xa1bf79a7102ac84023e260f5c1cf36fa3b3cdec2,3076.2900000000004,47531215,2026-06-19T06:49:37.000000Z,0xaae30f6a9086ab1895af240e08f7cc94c872173d417d964e21e50b9310cb4fb6,0x048ef1062cbb39b338ac2685da72adf104b4cef5
B15,67,0xa3ad7f72108c5df03ed107c682f244a044fb796c,702.4499999999999,47531218,2026-06-19T06:49:43.000000Z,0xd0cc52f564218f885aa7055e3ffbfc63d0c2d7759d9f6f545126bd4c10d5ef06,0xbdbebd58cc8153ce74530bb342427579315915b2
B15,68,0xa3f4833e85ff3d9f5d6560862254623cd856c6a2,2858.2900000000004,47531220,2026-06-19T06:49:47.000000Z,0xa767cf91bb1ae36fabd08088b50f4ca861ec87301e33ad13f669e18a2fc4631c,0xbdbebd58cc8153ce74530bb342427579315915b2
B15,69,0xa736c8e1954bfffde8b844558fd14d089fe6e759,96.89,47531224,2026-06-19T06:49:55.000000Z,0x560fd5fd1b1235bff9bd1c114247fd7548fa3af0ee4323ea71e406396e075bd6,0xbdbebd58cc8153ce74530bb342427579315915b2
B15,70,0xabece0d60553de3d512d1549a137c3f7bf06b83a,22309.16,47531227,2026-06-19T06:50:01.000000Z,0x70216cb7428850144b37ca69859fbba86356e15e166e30756aa2f12703710c59,0x048ef1062cbb39b338ac2685da72adf104b4cef5
B15,71,0xad915e5dd6f555f907eb8993672643e702838b84,96.89,47531230,2026-06-19T06:50:07.000000Z,0x73b7a8d395158b4beade6ac8f1a71a33b7fdd94402e906c2f23b36548a66450c,0xbdbebd58cc8153ce74530bb342427579315915b2
B15,72,0xad9ee5128d2446c4c27efbf1c0621e70ebd89a2b,1429.1399999999999,47531233,2026-06-19T06:50:13.000000Z,0x219d190fe0cc071a3727cb844a19fd76064fc1d6fa1b1d5728302952e9ac5e09,0xbdbebd58cc8153ce74530bb342427579315915b2
B15,73,0xadf78743113c1d0ddd1c6232162d3e64dd95470a,1453.36,47531235,2026-06-19T06:50:17.000000Z,0xf5117be7daebdd50b134a637a8b2963cdc1f2cce96d71b4dbc455a934e39eceb,0xbdbebd58cc8153ce74530bb342427579315915b2
B15,74,0xb3a50f929b60c642d3b0c6e66026a15a9935d892,1477.5800000000002,47531239,2026-06-19T06:50:25.000000Z,0x3c225e1a9d79708df304e611c4a5c33b226bdf533b459d643bca8554fbdd372a,0xbdbebd58cc8153ce74530bb342427579315915b2
B15,75,0xb95f50b953d8c71449d74a54634f0c8454a2adfe,1114.24,47531242,2026-06-19T06:50:31.000000Z,0x21dbd3a75921eeac8e29a063b87fbfa806c4de89bb83cb30f46c9d28c71fb7f9,0xbdbebd58cc8153ce74530bb342427579315915b2
B15,76,0xbada2a86f80945838b15fe45f404b6287d005685,1429.1399999999999,47531245,2026-06-19T06:50:37.000000Z,0x14b96ae6031c61d3c17d49ff167e773ae847c78e1df450d6585202b02e6b3221,0xbdbebd58cc8153ce74530bb342427579315915b2
B15,77,0xbf132d1b8060d55033d010ec1a5c25f8fe185594,2301.17,47531249,2026-06-19T06:50:45.000000Z,0xa407911fee281983976159e469107f4aa1dedaf563c6446887658906889d769c,0x501ef174b66883ba40f92e6fb24bfb49331d4d4c
B15,78,0xc339f188be5b2f5952b6b130b40f6f3db30dab32,16132.36,47531252,2026-06-19T06:50:51.000000Z,0xeda2a5ccf9861b50f66ed414aaadada5aa79a5956c94a690eea40de4557a5087,0xbdbebd58cc8153ce74530bb342427579315915b2
B15,79,0xc728311b2786ee0330e4f1217ba0d5d0cd9b992d,1986.27,47531255,2026-06-19T06:50:57.000000Z,0xa558a9d2c788ac4469273272a745b3b790bce1139968ec5165e8a3228c3d6320,0xbdbebd58cc8153ce74530bb342427579315915b2
B15,80,0xcc098b016a905cccc38b4be550a67643b7ce3d40,1598.7,47531258,2026-06-19T06:51:03.000000Z,0xae74f0ea7095866ab6f668dc8e8faf38dec32211effd407cd9a3d6fd645ad656,0x501ef174b66883ba40f92e6fb24bfb49331d4d4c
B15,81,0xccb2cd225eb95a825f33e1055687143db1c14f41,193.78,47531261,2026-06-19T06:51:09.000000Z,0x25e49ea287cf6744492af67e813b5d56399cf2cd6455a78a722545dfad158814,0x4b5c33c3c7a31bd108f5a99b64683b0056a62226
B15,82,0xd0545a7dd7f18cfb13d7742aa4588212047e46d3,3076.2900000000004,47531264,2026-06-19T06:51:15.000000Z,0xf4f3d7e049904ba4026609edc711daead5ca137cb149ab2fe17e01d47043a471,0x501ef174b66883ba40f92e6fb24bfb49331d4d4c
B15,83,0xd4b53212adb11014a0b0dcf0521dc9327fb568d1,1477.5800000000002,47531267,2026-06-19T06:51:21.000000Z,0xb745eecfa506f56caeab3e2554e6ad49931c11d7b77bb2e58d5d12d0c818e32f,0x501ef174b66883ba40f92e6fb24bfb49331d4d4c
B15,84,0xd52314bcf1b04e696d131c14c3ccc99ecc9c1b8a,1865.16,47531270,2026-06-19T06:51:27.000000Z,0x6d8c53b96dcfce7f3c8ca7d8d95765b6ebe2d9de6af1e0e42f4ac7db729f59b3,0x048ef1062cbb39b338ac2685da72adf104b4cef5
B15,85,0xd75aa0dc9eb8f639053882f818f9dfae97225055,96.89,47531273,2026-06-19T06:51:33.000000Z,0x5e946f7991d0d9ad3a7a1905b6ba15cc318d28f41dd2435ffd8fa97c9fca1024,0x048ef1062cbb39b338ac2685da72adf104b4cef5
B15,86,0xd82c091ca7e29d4213c6fed8c7a177d572ebc4d2,1453.36,47531276,2026-06-19T06:51:39.000000Z,0x64744e8228398e1ad53f84c828cc0e29c5ed3d24ffeb2df985efde7f4649b991,0x501ef174b66883ba40f92e6fb24bfb49331d4d4c
B15,87,0xd9ecb68a4be2a389ae7a9b32a81bafad2ce61c4b,1065.8,47531279,2026-06-19T06:51:45.000000Z,0x335baf3b1e2996cf8fc0d0374cc4e2f9fa49c2be70eb69378d8c42baef9bb5c7,0xbdbebd58cc8153ce74530bb342427579315915b2
B15,88,0xe5e5d87fd255ae7fdb0049d606f2802a7201a05b,96.89,47531282,2026-06-19T06:51:51.000000Z,0xcb9683a91e74ed42172a1a91fd8c23945a614c1338a68517540fbfa33457029c,0x048ef1062cbb39b338ac2685da72adf104b4cef5
B15,89,0xeb8813df246447f56b90f390678dd23bba2cbb16,1308.02,47531285,2026-06-19T06:51:57.000000Z,0xcaf798afc9bd5ee036b81e7d555dc3a9d2ca0be868eeb17db945d5be592b8343,0x4b5c33c3c7a31bd108f5a99b64683b0056a62226
B15,90,0xeb902ccfc74a8c00b2e2456f136fe5e8d04df34b,121.11,47531289,2026-06-19T06:52:05.000000Z,0x4d035f115bf3e6ed20c1fb95873e503d1c332e1d103eaed26c38512ef0edda3b,0x048ef1062cbb39b338ac2685da72adf104b4cef5
B15,91,0xed22ef0c58695f9241d1f3adceda02aa56589af2,1647.15,47531292,2026-06-19T06:52:11.000000Z,0xb701d9954b76c5925c2fc309e3dcf3fcce8b8a7c4dd461c6cdefd74ba687baa4,0x048ef1062cbb39b338ac2685da72adf104b4cef5
B15,92,0xed4d58d3ccc162072983ca9b16e135f79a567851,1332.25,47531295,2026-06-19T06:52:17.000000Z,0x940673464b5a77981eabb1606dafd19cbe77f79be7a799476aa1ccb26152db6c,0x4b5c33c3c7a31bd108f5a99b64683b0056a62226
B15,93,0xf05bdc3a8b51f5cf47ff815c6f84c44958cbc423,1574.47,47531298,2026-06-19T06:52:23.000000Z,0x4e4c4cde4d5355a2bf1160f1422c3750d2ab79171768024547949b735d1cd976,0x4b5c33c3c7a31bd108f5a99b64683b0056a62226
B15,94,0xf3e01b5048bc0473a1f6740da1ed65aaf955bc47,2276.94,47531301,2026-06-19T06:52:29.000000Z,0xf19dd9aa0097c740b8542915ca17c9bcc3c477a4504a3d7b628fc553172e9260,0x4b5c33c3c7a31bd108f5a99b64683b0056a62226
B15,95,0xf508891882b39c2bdf10d089683ab6455bcd5324,605.56,47531305,2026-06-19T06:52:37.000000Z,0xeff2af17556e63c9eaadcc8257d9e324b53dc7a37606573c786edefad678d33f,0x501ef174b66883ba40f92e6fb24bfb49331d4d4c
B15,96,0xf822289ff2abbc17e9f2ea053aaad38cc0bb93b8,4529.66,47531308,2026-06-19T06:52:43.000000Z,0xe489f4c3decf2898bc26ad1e0456ae7a97709dd43660e170d221864a1e1acd4d,0x501ef174b66883ba40f92e6fb24bfb49331d4d4c
B15,97,0xf84d1da9e264ca91dd40761a264627499e471ad6,2591.84,47531312,2026-06-19T06:52:51.000000Z,0x250ae8f81a5418ea1ff7c735435b0085e79cc6aad712af7eaea280a1ac44b47d,0x4b5c33c3c7a31bd108f5a99b64683b0056a62226
B15,98,0xfbff17fb5a2052a356084d9af209641ca2de0e25,3512.3,47531317,2026-06-19T06:53:01.000000Z,0xc77313646585585db66b392fea2ffdbc1343e2954d1e17bfc3493f41c48ee675,0xbdbebd58cc8153ce74530bb342427579315915b2
B15,99,0xfe1a0cddf506f02b1cc683aef34604437a20c1d4,1477.5800000000002,47531320,2026-06-19T06:53:07.000000Z,0xe8392b58e64cfad70e00bb4669db564ffe9845ba4359aaa77120c145fb7180ec,0x048ef1062cbb39b338ac2685da72adf104b4cef5
B15,100,0xfe398b5f09cdf0dd71523fad8095ba06673626b6,1211.1299999999999,47531323,2026-06-19T06:53:13.000000Z,0x669f8605155727fd5d5db4b735ab675eebc1f07f62e023943f666c63ab91c434,0x501ef174b66883ba40f92e6fb24bfb49331d4d4c
B16,1,0x09d577e2d0ff8a1f4e15f46969e76b9057d89f2b,2038.12,47532545,2026-06-19T07:33:57.000000Z,0x1ae487a7378dd89cc4044f379ccaf6ae5a561397b07cc3f8a4e533d1dd819e19,0x048ef1062cbb39b338ac2685da72adf104b4cef5
B16,2,0x0a074fafa000361a4219c0e75e896d7f1cfe8402,95.91,47532548,2026-06-19T07:34:03.000000Z,0x6d570686e22f2f6e1b28284d36b2e977d801dcb5f5418010e09a3106d7cf9e25,0x048ef1062cbb39b338ac2685da72adf104b4cef5
B16,3,0x0e6d17a62259c575d96082e7a11c51213471589a,119.88,47532551,2026-06-19T07:34:09.000000Z,0x97ec3925a2675425db3b823c3a3bc9538c708d7fcbbab4c1d77d9627a14fab32,0xbdbebd58cc8153ce74530bb342427579315915b2
B16,4,0x0e7dd0245e235b970722c9a7703d028d5781324d,95.91,47532554,2026-06-19T07:34:15.000000Z,0x7dd8af529d6770bf9aca8e190bf7ed7f866dec26dc30080d3610cc85f7cb5fb2,0xbdbebd58cc8153ce74530bb342427579315915b2
B16,5,0x0ea97bfea6f5ebdd6815c6e3d99e793338dc72b1,1534.58,47532557,2026-06-19T07:34:21.000000Z,0x8c4b1157b280cbea5957ce407d26fb456181a4686b761837fe78ed1d1083b203,0x4b5c33c3c7a31bd108f5a99b64683b0056a62226
B16,6,0x0ee0e8e52124b9418264fec18e0d2c51e553cede,4699.650000000001,47532561,2026-06-19T07:34:29.000000Z,0x919f477e531f3cb8cdf3e945174e7e62a72239a1c40e001e277e8d42226000ae,0x501ef174b66883ba40f92e6fb24bfb49331d4d4c
B16,7,0x120316dadc7abf3e198df8ddafa84201b810af41,1270.82,47532564,2026-06-19T07:34:35.000000Z,0x3439d29f3f442b1410f1a2932c4ec27729a7cba571cc976a251293d1e0637528,0xbdbebd58cc8153ce74530bb342427579315915b2
B16,8,0x1316b4e2577a21613900623a338314f09b6c12ce,1366.73,47532567,2026-06-19T07:34:41.000000Z,0xac1aec3da188bd4fa0ba023e2cb2a1188b768741b8693d82bd508d7b784616d6,0xbdbebd58cc8153ce74530bb342427579315915b2
B16,9,0x174424410d6d64a75500803285c5046caf742f22,431.6,47532569,2026-06-19T07:34:45.000000Z,0x0b972f8b5650d4c9181b7810e71995b0dbeaece36d9c2894a57e03b1d781aaae,0xbdbebd58cc8153ce74530bb342427579315915b2
B16,10,0x1a251371c8321375d8b46bd47e3dff755ce392ad,3500.76,47532572,2026-06-19T07:34:51.000000Z,0x65293351e93ce536c15f5b6fa07a79f6fbc5620fb5957ba56a6fb23843e4eeb8,0xbdbebd58cc8153ce74530bb342427579315915b2
B16,11,0x1a99ebe7cb637e8c181d0ef35ba9e9bc826ff9f6,95.91,47532575,2026-06-19T07:34:57.000000Z,0xf576be4959d308d22ebdfcb6872d8f0ebac23d45cff8904e9f2294ba4d2d3953,0x048ef1062cbb39b338ac2685da72adf104b4cef5
B16,12,0x1e7b407a40ddcb77f9d791c9505b13861518c0b8,1270.82,47532578,2026-06-19T07:35:03.000000Z,0x9b982fd35ee7dc2034fa684cecc5d0d64c6403765605522ca478d59758cf91d1,0xbdbebd58cc8153ce74530bb342427579315915b2
B16,13,0x1f08597eb978d28bc363a3df515c9072436b6a59,1510.61,47532582,2026-06-19T07:35:11.000000Z,0xc8c8422bec6296b39dfdc90721d46abff203dfbd822f1d245ebd88987598e954,0xbdbebd58cc8153ce74530bb342427579315915b2
B16,14,0x21c7a9687abbf6b975a384df55c97500ea197935,1102.97,47532585,2026-06-19T07:35:17.000000Z,0x002dbe717a688d1a28ec872109e8232141deb0a36e3a618df75ebe4503da458b,0x4b5c33c3c7a31bd108f5a99b64683b0056a62226
B16,15,0x2214d4e33bd80a55d46ee8f1a45a3db269599766,1366.73,47532588,2026-06-19T07:35:23.000000Z,0x697084962baeff2a63e9a4b3e96dd595c4ec2f861550103abf4e4128b3e5a7fd,0x048ef1062cbb39b338ac2685da72adf104b4cef5
B16,16,0x2247c9d8e6eeee0af9be84e82a4a1c0c49da92d3,3500.76,47532591,2026-06-19T07:35:29.000000Z,0x0a0d006a8126aa9e8d1c972586e2d6f76c41412ba81715fea21d397c8a1abd53,0x4b5c33c3c7a31bd108f5a99b64683b0056a62226
B16,17,0x2744912509d7bb98a3e625faa8c8a5e1705dd9f6,119.88,47532599,2026-06-19T07:35:45.000000Z,0xbbc984d85affd4b7bf05fa6cae0342ea3584815628dd6f1078bc15db494b6f6a,0x048ef1062cbb39b338ac2685da72adf104b4cef5
B16,18,0x2a33b454c284c8f4a47e09024549cfd6bfaa0b0a,1342.75,47532602,2026-06-19T07:35:51.000000Z,0xe35bebce487867f199b82c8965540497fe808edd6c97b143169fa0c16a083660,0x501ef174b66883ba40f92e6fb24bfb49331d4d4c
B16,19,0x2c824340a84bad4f6a959d80c9dcc07b0b3fca20,119.88,47532605,2026-06-19T07:35:57.000000Z,0x187363640215a95b69183519299ca8961727a8b1816cf3869e766fe5a4c42457,0x4b5c33c3c7a31bd108f5a99b64683b0056a62226
B16,20,0x2cc3b043710eeff952414404f06350806212b2d0,27454.57,47532608,2026-06-19T07:36:03.000000Z,0x94d4108a8edcc9676bf849e86d0c7aa876fd3c991bb7b0d161e8bcf16c375fe4,0x048ef1062cbb39b338ac2685da72adf104b4cef5
B16,21,0x2e18eb6bce0480df70b8faa4c35fd62b8305ea70,1558.56,47532611,2026-06-19T07:36:09.000000Z,0xc8e483ba5426ee004c139009d95a6058cd1121b42858b7651f1241b7e3a8c731,0x501ef174b66883ba40f92e6fb24bfb49331d4d4c
B16,22,0x2ed838a319e5488f5b8c4b91bbfc61df58afbc8e,647.4,47532614,2026-06-19T07:36:15.000000Z,0xab1aeffe72b10e53dddce56ed540b7abde207eac2d538a804fff3048455bcc1b,0x501ef174b66883ba40f92e6fb24bfb49331d4d4c
B16,23,0x2f93ecf0e2baa1b09755c5e6fe7035d8ec25613d,1486.63,47532616,2026-06-19T07:36:19.000000Z,0x7258b38f50ba7e08e1ec5a694550ba3d435cc1364056d6632f3af6c4f6b89f57,0xbdbebd58cc8153ce74530bb342427579315915b2
B16,24,0x30eef83126d1e17e59b878f73b52e851ed20b12b,95.91,47532619,2026-06-19T07:36:25.000000Z,0xcd0b66ec7dd12d40727f4441ad95cfcb0b4706637112f2971eb4f415bbc4b9ac,0x501ef174b66883ba40f92e6fb24bfb49331d4d4c
B16,25,0x362cc76e7f2afe411c3b31bf34e8e7a0bb2cd142,1270.82,47532622,2026-06-19T07:36:31.000000Z,0x1aa6ae79954eacbc1143c9e377fef82bd0f2456b5eea415438c233ffb1a3366a,0x048ef1062cbb39b338ac2685da72adf104b4cef5
B16,26,0x388be5cb8209c75d7e2bed81bb5d6f23f907aa61,1294.8,47532625,2026-06-19T07:36:37.000000Z,0xf32caad760a74c1e3a1b8b7d23e509eda7fd3f45411ef48931503ffb898cf67c,0x048ef1062cbb39b338ac2685da72adf104b4cef5
B16,27,0x3bc684cc01aa8685fd68f1d57b69716384b310a0,95.91,47532628,2026-06-19T07:36:43.000000Z,0x197572e942485c8664e3ec6d9633fda29b344f694481e84622002b8f521e49c7,0x501ef174b66883ba40f92e6fb24bfb49331d4d4c
B16,28,0x3d25fa05265a7c6f01608d483a89d87587797acb,6689.8099999999995,47532631,2026-06-19T07:36:49.000000Z,0x209e9182cbd734a5ffbc65154628b70fcb18df02f7639bf6d250798d4965426e,0x501ef174b66883ba40f92e6fb24bfb49331d4d4c
B16,29,0x3ebbf547fabc2f24e4f642fa04222360e706f4ee,5466.94,47532633,2026-06-19T07:36:53.000000Z,0x8c207ef3f7338433c86f30aa2f6779a25a1056813544e37b27ac5b8d67a46576,0xbdbebd58cc8153ce74530bb342427579315915b2
B16,30,0x4174bf3857b648882dd77e0c040b28fcb42d426c,119.88,47532636,2026-06-19T07:36:59.000000Z,0x0ad35499ee5ab8cc0267c317d4a9d85c0a6d277c2b3de1b152dd5026e6d0d7c6,0x048ef1062cbb39b338ac2685da72adf104b4cef5
B16,31,0x44a6a7b781c910db7cd24e9501396908e37d6be7,119.88,47532640,2026-06-19T07:37:07.000000Z,0x8067cd6fc08afdde0418d5f0551a064180e251d771551d349f18e91f9a29f813,0xbdbebd58cc8153ce74530bb342427579315915b2
B16,32,0x469c6c6219660707e32c0888e741edcd660c2e7b,9519.189999999999,47532643,2026-06-19T07:37:13.000000Z,0xa9eb4f419e0f6b7979131cf6c3d34d7c0fd519a29d498c760dd49dda6b87384a,0x501ef174b66883ba40f92e6fb24bfb49331d4d4c
B16,33,0x47ab18547faaf0bcb852154dc93439a68b16e8bf,3165.0699999999997,47532646,2026-06-19T07:37:19.000000Z,0xf53bff18c67f0a7d740c81b81927b67d02341e5a2550b4e39869e103d25c8125,0x501ef174b66883ba40f92e6fb24bfb49331d4d4c
B16,34,0x4c8aad550b51c8daefd08a90dbef3a2b53dc6de2,4699.650000000001,47532649,2026-06-19T07:37:25.000000Z,0x6507458800ca3818b6a998faac0bb1b10b2f21f935b3ab73ae882b4440ac0ef2,0x4b5c33c3c7a31bd108f5a99b64683b0056a62226
B16,35,0x4fe4df02c27c5025c610d5ed14b057d07b654fc1,1318.77,47532651,2026-06-19T07:37:29.000000Z,0x5579a0c9a59f125d6fe7fc7393af276bee44d782faa8cb00a9161a46d9185ccb,0x4b5c33c3c7a31bd108f5a99b64683b0056a62226
B16,36,0x50c930ff9cd6d59a1cda6a56fd632ac2dbe7efc4,1270.82,47532654,2026-06-19T07:37:35.000000Z,0xe2f2bee07cbf4e875a1d27dea53bb24a9a8594b6a36d857d56e17483f16d43d1,0x4b5c33c3c7a31bd108f5a99b64683b0056a62226
B16,37,0x51938d57b133848426a6ac96dfd3e48baf814020,1270.82,47532658,2026-06-19T07:37:43.000000Z,0x64a35a494df16893dba5e4661761d02c955c50c087bed9f54e2d827ce51712be,0x4b5c33c3c7a31bd108f5a99b64683b0056a62226
B16,38,0x53b4dfe4a4dc5c1e9789d4ed27d1a44e6a551e23,1342.75,47532660,2026-06-19T07:37:47.000000Z,0x78cc9db69a963ae0121e8b43d5bc33ed1eec5867e3bbfe90d7c5a9a0fb25e6c8,0x048ef1062cbb39b338ac2685da72adf104b4cef5
B16,39,0x5446a51d7b77a9352dd62c0bfe16d1127d62cf96,1342.75,47532663,2026-06-19T07:37:53.000000Z,0xc53b7ece1c4c8221fc6f87875b6d874bbc405c5dcfbcbd3ba02d474fef964f4e,0x048ef1062cbb39b338ac2685da72adf104b4cef5
B16,40,0x55a55bce3514e043ade8f008e4a5aa41bf29aeef,647.4,47532666,2026-06-19T07:37:59.000000Z,0x2d062cf7fe40ed3fa8b644d292325e40ff2234f3934f4a89cad9fd8e369562b1,0xbdbebd58cc8153ce74530bb342427579315915b2
B16,41,0x596609742e558e5e97c6cc0a10bf075112513f4c,1342.75,47532668,2026-06-19T07:38:03.000000Z,0x729695a032776d0c3a61d4b763e2b5f7fdefdc006de2eb7d84f9baba2f09e270,0xbdbebd58cc8153ce74530bb342427579315915b2
B16,42,0x5e85dc328ae57ac9f4a058e2d829908f857d199e,3644.63,47532671,2026-06-19T07:38:09.000000Z,0xcdbbb570d40f09d0039382096c0cb76779dfbd3b67bece83ce49070cb80f0425,0x501ef174b66883ba40f92e6fb24bfb49331d4d4c
B16,43,0x5f06d41921394ca223cc5024e727c9b7c0e1a68c,1486.63,47532674,2026-06-19T07:38:15.000000Z,0x4e747c8dadfadd5df3a67b80786bb162868c999d9385dbc32a351f4aabda1279,0x501ef174b66883ba40f92e6fb24bfb49331d4d4c
B16,44,0x60d9c684ff38c6536d04843a08ea645050596d55,95.91,47532677,2026-06-19T07:38:21.000000Z,0xbca30f8f6618fa9a5dc0fc2fed188767d199325b895fc99edd3bc482b3f3ed07,0x4b5c33c3c7a31bd108f5a99b64683b0056a62226
B16,45,0x60e88f874ced46066c70300d94d502fb94a47c94,1270.82,47532681,2026-06-19T07:38:29.000000Z,0xfb30a698569b3067c8c5c8ef65dc8a173d4a081d6fdfe40a722964464e3d09bf,0x4b5c33c3c7a31bd108f5a99b64683b0056a62226
B16,46,0x61a22e31a5d3997474edd998ff315362fb1a7eef,719.3299999999999,47532683,2026-06-19T07:38:33.000000Z,0x02d0d6aa77a8a938ad695a22792e8651eca20d7ec1fc5eb83eebe0e2fbed146c,0xbdbebd58cc8153ce74530bb342427579315915b2
B16,47,0x66f20dd56040055e347fca0d7903e81e6ba0b681,2014.14,47532686,2026-06-19T07:38:39.000000Z,0x9c5ae863209cacae4d2f3fa13b9698a9cc8f9769ea2773a9f886277e2fd97a52,0x4b5c33c3c7a31bd108f5a99b64683b0056a62226
B16,48,0x69c259ba0610d3201adf2038cfe1629a0c64521e,5299.099999999999,47532690,2026-06-19T07:38:47.000000Z,0xfa84a8b050c78c0f2cdc93bc79d79fddaf98a485d1ed0d929e45a57ad68a6bb9,0x501ef174b66883ba40f92e6fb24bfb49331d4d4c
B16,49,0x6c8b7de3cd385e883ee5d847107a6b7846b1a069,1270.82,47532693,2026-06-19T07:38:53.000000Z,0xf549191e79fe51ebcb09a7ca9deaac5111d1d4c7d49d3d12afe148f75b6ca92f,0x4b5c33c3c7a31bd108f5a99b64683b0056a62226
B16,50,0x6f9ebfb3c60c1109c8eba0c057e1b74de6e3e0ae,4699.650000000001,47532696,2026-06-19T07:38:59.000000Z,0x2344cc1b35809c791f281d096b7a32e67608c25128b47cddea07f26c23fcf52d,0xbdbebd58cc8153ce74530bb342427579315915b2
B16,51,0x73ee41fcabb8a20d368ffdd2df25fcb7927d75e6,5299.099999999999,47532699,2026-06-19T07:39:05.000000Z,0x9a3222ca20cf4cb98c0638ae75d55a8316ca0c532c0a5f26ba9018e6e984058f,0x501ef174b66883ba40f92e6fb24bfb49331d4d4c
B16,52,0x77a19cbe92b836bffd8eeabc19045994eaa37694,95.91,47532702,2026-06-19T07:39:11.000000Z,0xabc3eedbe3e9287f517b9daf6eded91ffd3bb56688147e80b6f0b8d5630e8e4d,0x4b5c33c3c7a31bd108f5a99b64683b0056a62226
B16,53,0x79a2566e6a0fb199a190231f16037289ad683789,4699.650000000001,47532705,2026-06-19T07:39:17.000000Z,0xce11b89bfbb3841850e2dbdbc68ce357ab180b86624c7ea049df42d40d9e6606,0x048ef1062cbb39b338ac2685da72adf104b4cef5
B16,54,0x853fc91bd10dc6f76baead4b5498bf039c86eeae,119.88,47532708,2026-06-19T07:39:23.000000Z,0x7095bd43d61f0bf74d5710e607bfb5f3adff834d489c121c20e08d2487fec740,0xbdbebd58cc8153ce74530bb342427579315915b2
B16,55,0x85bd0664782468504954508fe82736394551ccb5,1342.75,47532711,2026-06-19T07:39:29.000000Z,0x76577db829bc9fdcc7dfb7c2cf5bdade5a4b7f1b68999b7a6c98aaedc93b1a88,0x4b5c33c3c7a31bd108f5a99b64683b0056a62226
B16,56,0x8b3dbff7b799b50e85e65e056dd918a9c0c25167,1462.64,47532713,2026-06-19T07:39:33.000000Z,0xe4f689b11727e8ba58119f500617dce95ab2fdfbe1cce5ce355dbbd8b4092026,0x4b5c33c3c7a31bd108f5a99b64683b0056a62226
B16,57,0x8c0633d378213ef927288b30ff86bc44ab13cfb1,1918.23,47532716,2026-06-19T07:39:39.000000Z,0xd618923756de55e4df07fce84f80539a3591ce5355fceef1e7957fde13b20d76,0x501ef174b66883ba40f92e6fb24bfb49331d4d4c
B16,58,0x8c97ced1781d931304b19e65896bdc69b5951f2e,2134.03,47532720,2026-06-19T07:39:47.000000Z,0xb3abbc8edb468fb35cecff1c5c1c6dcdf8a9726d534053c0a90bbd11fe41c340,0x501ef174b66883ba40f92e6fb24bfb49331d4d4c
B16,59,0x9347bf51b394008c3a385b28311117ee06c95489,3189.0499999999997,47532722,2026-06-19T07:39:51.000000Z,0x458c21421a711d7ac7ea8eaf719d47ccdc177d6fd5347e2d3c5fded946cd1750,0x048ef1062cbb39b338ac2685da72adf104b4cef5
B16,60,0x94c09ceaac38acdbdc0ef5cfda75cef05a1d0c3f,1606.52,47532725,2026-06-19T07:39:57.000000Z,0x225fb9e041d05bf1d8f9e946e64ec8c601727f19a09b935152c24710ae2591c1,0x048ef1062cbb39b338ac2685da72adf104b4cef5
B16,61,0x984e563e9efda4f1d56ed3e0213e62d68c39fa89,13211.77,47532728,2026-06-19T07:40:03.000000Z,0x9adb6ac9a0e07af81783431c4be553f857de29d2faeb2bd3c364e333d8158bb2,0x501ef174b66883ba40f92e6fb24bfb49331d4d4c
B16,62,0x985c048a10561527f36a8359c573ce579e413856,95.91,47532730,2026-06-19T07:40:07.000000Z,0x43ac4f8d3f51508aad173d405a74b2f023b560a210a9fdf12f41c9c83702da36,0xbdbebd58cc8153ce74530bb342427579315915b2
B16,63,0x990bde8d24bd98192e316c7bd032246131db4f8a,27454.57,47532733,2026-06-19T07:40:13.000000Z,0x7c6beb82a461bf0ab9ef902ccd267a7733ba111534abcd39d8daf9ac3a61422c,0x4b5c33c3c7a31bd108f5a99b64683b0056a62226
B16,64,0x9dfd9230a0e8b9ca63d7722095045d3df0da497f,95.91,47532735,2026-06-19T07:40:17.000000Z,0xc5e2d3273cb32b1172946b4990b3b5c8ad5cb5d3eb157052baa45bc4fd8163f3,0x501ef174b66883ba40f92e6fb24bfb49331d4d4c
B16,65,0xa227590fea16cf573360973576103a242a1fae56,647.4,47532738,2026-06-19T07:40:23.000000Z,0xbb50b56e47d438386e2d845707e06068f327587905560efec06e1a2f5bb1ed65,0x4b5c33c3c7a31bd108f5a99b64683b0056a62226
B16,66,0xa338cc61b165dfed6fed66fe3c20235502de6370,4699.650000000001,47532741,2026-06-19T07:40:29.000000Z,0x6eb899b8840f61076bec202516bb9898799458e59325cea66ec32ec67575027a,0x4b5c33c3c7a31bd108f5a99b64683b0056a62226
B16,67,0xa85ac06d309d61e6e252e9d319eabc1bc274c79e,1510.61,47532744,2026-06-19T07:40:35.000000Z,0x9516b4e11b79a5895b0a9a42dc3972624bd6f6e18ce6d71b7840a841c053bc7d,0x501ef174b66883ba40f92e6fb24bfb49331d4d4c
B16,68,0xa9cd90a528ec430ee0525a98455783fb13779471,95.91,47532747,2026-06-19T07:40:41.000000Z,0xb9b45ec1db6708abb5eb47c76a34621d8211c90cbae41b20545908b12574132d,0xbdbebd58cc8153ce74530bb342427579315915b2
B16,69,0xaa8859cebd37f805f18b9e144a55030de9eb07f2,1342.75,47532749,2026-06-19T07:40:45.000000Z,0x9f85d45d19b155044e5bcb172d011eefa45deb3034483b5d6ac9d4f6b1e3f467,0x048ef1062cbb39b338ac2685da72adf104b4cef5
B16,70,0xaf4355cf86032b5c611bc8222ee2f146c2a01844,95.91,47532752,2026-06-19T07:40:51.000000Z,0x1e9dc2eae2dd6c4c5474502024f1d2e8c4c51fc9adbe29da197a7b6a81160bc5,0x4b5c33c3c7a31bd108f5a99b64683b0056a62226
B16,71,0xb3ce46274f3391ea2e221715b902178d0de7dc9d,1822.32,47532756,2026-06-19T07:40:59.000000Z,0xddc7888ee7c00daa1f7e0994ebf27715ff19a318e948534190b1897a1aeaf349,0x4b5c33c3c7a31bd108f5a99b64683b0056a62226
B16,72,0xb5372ef5eace58390b5425fec3cce496f62628f0,1270.82,47532759,2026-06-19T07:41:05.000000Z,0xf514acde244b49fdd8d78b88118309f032e9e9dd6c9fd57ef6c4f9918930822b,0x501ef174b66883ba40f92e6fb24bfb49331d4d4c
B16,73,0xb5833c993ce5b76189244ec6b07044e5a631b05a,1246.84,47532763,2026-06-19T07:41:13.000000Z,0xe838a527e4857dd6e1dea35e853ccff1852dc4e8a7a76de552b662e246fffc2f,0x048ef1062cbb39b338ac2685da72adf104b4cef5
B16,74,0xbc1e0635bdec3ed015025096d4022861b5bb94fb,1534.58,47532766,2026-06-19T07:41:19.000000Z,0xe28450b86553621598994fd50d424964cb68360d007ed64d4ed47fe77fa9db13,0x4b5c33c3c7a31bd108f5a99b64683b0056a62226
B16,75,0xbca521c9bcd496638827f9034a004cc3d71e862e,1414.68,47532769,2026-06-19T07:41:25.000000Z,0x6178229a992cca96ec718c5bbbf94bad6c25e3bc89386f7419c65a9fdf990c67,0x4b5c33c3c7a31bd108f5a99b64683b0056a62226
B16,76,0xbdafd31877929a3cd7aeeb0e3e6484422c533b79,1750.38,47532773,2026-06-19T07:41:33.000000Z,0xd861035a8cea8f56b5609deb3357215c0addeaa62382e20ca4eb49e8338f4085,0xbdbebd58cc8153ce74530bb342427579315915b2
B16,77,0xbfe395620d6a45ad11a6842ce9bb53b75f48f30d,1630.49,47532776,2026-06-19T07:41:39.000000Z,0x754c4537b2c3dd4d8e9f569cc10606fa73ba1bcaf489412b25264f64ab808ced,0x501ef174b66883ba40f92e6fb24bfb49331d4d4c
B16,78,0xc2e0ecd1479de5e05cdd458204885a66bda3f31c,95.91,47532779,2026-06-19T07:41:45.000000Z,0x726379ad81666d6aca33a83241e76c641634b909342c5cefec88b7612e69745a,0x4b5c33c3c7a31bd108f5a99b64683b0056a62226
B16,79,0xc35fc25b72831a8c67b1d30c4404e5585b691830,2685.52,47532781,2026-06-19T07:41:49.000000Z,0xbae5d868c3dfdffb2f56c1e0c373f794b7dd34c117caa79587e261a271895627,0x501ef174b66883ba40f92e6fb24bfb49331d4d4c
B16,80,0xc870280e73a3dbd3f3cde68f4f20f0a021637f03,1246.84,47532784,2026-06-19T07:41:55.000000Z,0x7c4163487a988dcb8d94e990e2c143a6b12be99a3d2c3c12f3a7857462a0c526,0x4b5c33c3c7a31bd108f5a99b64683b0056a62226
B16,81,0xcc5492268129e6bdae37c800def37a3a5906f561,1102.97,47532787,2026-06-19T07:42:01.000000Z,0x62b751c1adff14b0d207d14e45b9675d92fc305a4b8b7f3789e38902adf4040c,0x048ef1062cbb39b338ac2685da72adf104b4cef5
B16,82,0xd544ab4f57b53dd04169a3e96b28d20d6072e92d,1846.29,47532789,2026-06-19T07:42:05.000000Z,0xf0731ab0f2bb5a1f6ee310f97b35ff0191d40459ac6a3399a746653efefa96bf,0x4b5c33c3c7a31bd108f5a99b64683b0056a62226
B16,83,0xd65f24af2b600fcbe91296abd935ffeb05d8658d,1918.23,47532792,2026-06-19T07:42:11.000000Z,0xaacaa5678fdfd25d75c44f4077ea7fa47be7b9383d3db281073ccd2520a30bf4,0x501ef174b66883ba40f92e6fb24bfb49331d4d4c
B16,84,0xd69a9980966c94508cda2d086c7a64134086b417,1270.82,47532795,2026-06-19T07:42:17.000000Z,0x69ccb0b290ae0e8356c94ba74491b226a07cc79ef190039778dc0962656cfb3c,0x4b5c33c3c7a31bd108f5a99b64683b0056a62226
B16,85,0xd986305051f062231c901b290d82e11269612d26,95.91,47532797,2026-06-19T07:42:21.000000Z,0x4f9519383b301bd271ee2107c61c24ddc3c64c9c5cff75a1ea0ae4c443b3fd14,0x501ef174b66883ba40f92e6fb24bfb49331d4d4c
B16,86,0xe005801ebb53e99a7e34d1c77ab22165ea5c892e,1966.1799999999998,47532800,2026-06-19T07:42:27.000000Z,0x7bb8eeb7fe487881b52f2850706e4aa526e4f4124e90482aaec307c4aa2c3879,0x4b5c33c3c7a31bd108f5a99b64683b0056a62226
B16,87,0xe3963bea10ee07f8aa74dd1655694cf770143507,1606.52,47532803,2026-06-19T07:42:33.000000Z,0x9718408d85810fda6f208d9f15d43af6df8bc408567ec0f8161d4e050a34e7a6,0x048ef1062cbb39b338ac2685da72adf104b4cef5
B16,88,0xe5dfa8250fd4e972cbc30fb2bcf0b08f11628f05,839.22,47532806,2026-06-19T07:42:39.000000Z,0x74c79578acbe1dde26fa2625d81c41953f4872c331fa02fbb37c9b76b4751dd6,0x048ef1062cbb39b338ac2685da72adf104b4cef5
B16,89,0xe726142ffc153610a5b25b4e8ab4d64e8fefbdf5,1270.82,47532809,2026-06-19T07:42:45.000000Z,0xdf86cffad566d5fe79154cbba7daaa46a47de4a41588a4c27607116c6a98cd10,0x048ef1062cbb39b338ac2685da72adf104b4cef5
B16,90,0xe8901cf393ed4a5811637cbe599330660ae02bf2,2733.47,47532812,2026-06-19T07:42:51.000000Z,0xd00c1629cf72a25de5cd236ef50752d08e64063076766a4098c90b76f973b34f,0x4b5c33c3c7a31bd108f5a99b64683b0056a62226
B16,91,0xe971e725b20612b698cf6d974671bcc6201fd8b2,1102.97,47532815,2026-06-19T07:42:57.000000Z,0x969ba94f0637f6731619dfe69ce143897044ff1148ba0291ddeb472f276ad058,0x501ef174b66883ba40f92e6fb24bfb49331d4d4c
B16,92,0xecf14eb3e56cc1e17c41127cbe57ef0e34a2cab2,1486.63,47532818,2026-06-19T07:43:03.000000Z,0xdbc93309f5ebae3ca4df7c62f3739166cda4620b3a099eb770ff39b21fa9b8cf,0xbdbebd58cc8153ce74530bb342427579315915b2
B16,93,0xee2f44781cf293d431e7229c1fd1ab8985ef7205,6689.8099999999995,47532820,2026-06-19T07:43:07.000000Z,0x10e7c5873d2555d3cd744b028c137a3ac681fc02f591aa516dea9c6f9a677c6f,0xbdbebd58cc8153ce74530bb342427579315915b2
B16,94,0xf1309ce089edb5c82d962c06ac0944a0d1452450,1294.8,47532824,2026-06-19T07:43:15.000000Z,0xc582211421798580bc0ae0aef3b08426978b6972331cf1ad431a00722bde1b62,0x048ef1062cbb39b338ac2685da72adf104b4cef5
B16,95,0xf22411b2f36d3d8aa1e86086644b6a98e76a7f3c,1414.68,47532827,2026-06-19T07:43:21.000000Z,0xddf97fc205d1e61f5145e7bd6416003c5c8b439c6ff630aa8a01ef52c4b09150,0x048ef1062cbb39b338ac2685da72adf104b4cef5
B16,96,0xf4574ffb4726908b07ba5a6a9c1f9d9a4daf87da,1678.45,47532829,2026-06-19T07:43:25.000000Z,0x8aeccb05ff0ad73c3c109b0c8f01c8c5f53214a1f859ae0ff225c4c6fdf94ad8,0xbdbebd58cc8153ce74530bb342427579315915b2
B16,97,0xf7ddd3d675e480cb0967184f26548cff123dfaf6,95.91,47532832,2026-06-19T07:43:31.000000Z,0xb42a61f7613b5750b508288e3e3a7e2837d77bace9f622d45ccd6f9871658fc4,0x048ef1062cbb39b338ac2685da72adf104b4cef5
B16,98,0xf8e1e8b665c5ad8ed0bbab937d8a675fb6e1c617,4699.650000000001,47532835,2026-06-19T07:43:37.000000Z,0x75455587e93973149023b532d9981b06c9605803da9b9ff1a855978734bc8163,0x048ef1062cbb39b338ac2685da72adf104b4cef5
B16,99,0xfa54096b77c9abd8f646c9c8d5800c2fbaf69984,1246.84,47532838,2026-06-19T07:43:43.000000Z,0x18c4c627f07cfb6c670ac05e636393c199a75b222b6b9b833f8c9f2bff2a09f2,0xbdbebd58cc8153ce74530bb342427579315915b2
B16,100,0xfdf99c8e959f890f0749406de2531849916dbad2,1294.8,47532841,2026-06-19T07:43:49.000000Z,0x77bbc20cccf206f69d7b5bdaf5ccca1eb95f62fb92cc0291c1d9de2c09ef10c1,0x048ef1062cbb39b338ac2685da72adf104b4cef5
B17,1,0x00c7d42805706b31c6ab0b9754d2320aaff39a4e,2696.64,47550712,2026-06-19T17:39:31.000000Z,0x4501728290538ce91a62aba5e5ffad911bdbf0304cec97877a0fe5b7f1a1b55c,0x501ef174b66883ba40f92e6fb24bfb49331d4d4c
B17,2,0x01d1ece0bced9578754e1859b321c77a25424194,2890.99,47550715,2026-06-19T17:39:37.000000Z,0xf58d4d3ed7c4754b069e97f9319545285ded3c29d379e94edf188ed448454fe5,0x501ef174b66883ba40f92e6fb24bfb49331d4d4c
B17,3,0x0256103e47737b71aa87b9dbc53b15bd5f34ee32,1822.05,47550718,2026-06-19T17:39:43.000000Z,0xa1f164133534552fe757b3a738bf498813bbaddb7eac56d5ea7c58af2715aa7a,0x4b5c33c3c7a31bd108f5a99b64683b0056a62226
B17,4,0x0ba3c1613b2908165ed7d044cbb78918c3480dfa,7531.150000000001,47550721,2026-06-19T17:39:49.000000Z,0x05658f28695edc7abfba531f5ad605a009c55c337d7f1716d62a60a180eaa6d9,0x8d47ba07ff9ccccf58c7e8810ee42c0dc8b8b123
B17,5,0x0ee8cca2a47cb0efcb1b6923311bbeb86e6af92a,1409.05,47550724,2026-06-19T17:39:55.000000Z,0xaf99c648348213010291feee2fd5adb3d5367c6d378950fea3faece6dca847f6,0x501ef174b66883ba40f92e6fb24bfb49331d4d4c
B17,6,0x113bad6b1d1411dcd981a9561d8ef3a33fcdb720,97.17,47550727,2026-06-19T17:40:01.000000Z,0x151fce9ecd2731aa3aea2969f6540bdcbcec8672096ffdd35a4186746ae7c366,0x4b5c33c3c7a31bd108f5a99b64683b0056a62226
B17,7,0x154f39f25f8ec272434967f030ce1dcb41168b11,6097.8,47550730,2026-06-19T17:40:07.000000Z,0x6d1744f24e450996f5121e8e2fc47478612f498f123bc11fab98e8f7d48d80fe,0x4b5c33c3c7a31bd108f5a99b64683b0056a62226
B17,8,0x1585ea0517f545cb3b94c52198515b1a1d0886f9,2162.17,47550733,2026-06-19T17:40:13.000000Z,0xf6976de3749e4376fc027c4ef70d7cd70574165a969ca1b2af70c1d43680c899,0x501ef174b66883ba40f92e6fb24bfb49331d4d4c
B17,9,0x158f921d5c43758a065472131a7b999a2027e27c,2307.94,47550736,2026-06-19T17:40:19.000000Z,0x3f48423e0b9c3039fec4633c5cea5fcb33fe66e544acd8e2f004ca0b57732718,0x501ef174b66883ba40f92e6fb24bfb49331d4d4c
B17,10,0x1798e85d11d4855d127fc1fb0826975a0988b263,1433.3400000000001,47550739,2026-06-19T17:40:25.000000Z,0xd5318e8151aae39321c5d466375cf2f3de0cfc6627cb753676753b04c597dd50,0x1278c1e48e3c9548a5d9f2b16dc27ed311b0697c
B17,11,0x183ea9c0cac8fe5e9001a1d541b0d1504dfe48b7,97.17,47550742,2026-06-19T17:40:31.000000Z,0x429e7a43bb60310ab661a0f62583517ef82533cf7e41e9bc1101f8f47999c954,0x8d47ba07ff9ccccf58c7e8810ee42c0dc8b8b123
B17,12,0x206099da8b4f79ebcad65908656f107f1abb898f,1846.3500000000001,47550746,2026-06-19T17:40:39.000000Z,0xb6e8330827b43ee6b366c98c90e7c5f2f6c5e55a6581666b1c67f96831c763a3,0x4b5c33c3c7a31bd108f5a99b64683b0056a62226
B17,13,0x23e167c2fc46beda4355c6b53607300cde2938ba,97.17,47550748,2026-06-19T17:40:43.000000Z,0xe47adcd904b646cd823102768c13c0accec92f60ce20bd080a1cee83c07c02d7,0x4b5c33c3c7a31bd108f5a99b64683b0056a62226
B17,14,0x23fa5b18da25144873c2e3e1c0adc72d20e8c72b,145.76,47550752,2026-06-19T17:40:51.000000Z,0x0c4398f8a33072921ddb3ddccbc2792dc9cca86377112677e65aecb7a8a94cdb,0x4b5c33c3c7a31bd108f5a99b64683b0056a62226
B17,15,0x241044e20bbcb4addd2edeeac4a144c9732386cc,1409.05,47550755,2026-06-19T17:40:57.000000Z,0xcea71ebe0437638a599f6f0cea581c7e2c5d3db4f88f159d3ce5f6de4a7ea7b9,0x1278c1e48e3c9548a5d9f2b16dc27ed311b0697c
B17,16,0x298f6b74a6481861fe439dfd8cd8af5ce2755785,4105.69,47550758,2026-06-19T17:41:03.000000Z,0x659800ff21ed28ea0b520a2a81bd23006c671a03c73c962e0ef9b9fd2680b81f,0x4b5c33c3c7a31bd108f5a99b64683b0056a62226
B17,17,0x2bb4dac34211878fe20546b95f223bfeda71a7ed,1870.64,47550761,2026-06-19T17:41:09.000000Z,0x06ceef10cef94a8ec5d59038e9f82bf712ae51c0300418763b9f3bf30bf309d7,0x501ef174b66883ba40f92e6fb24bfb49331d4d4c
B17,18,0x2bc372dc2e5b9e655ad65ef6e0890e93c1958c13,1457.64,47550764,2026-06-19T17:41:15.000000Z,0xb1b3d37c78d029c02b93781a14f48dc856fb8fbfebb7fab825574ef07471c62f,0x1278c1e48e3c9548a5d9f2b16dc27ed311b0697c
B17,19,0x2c14a8c775cd84812fdb6b752ec12059ffb7d1bf,1749.16,47550768,2026-06-19T17:41:23.000000Z,0x4c1701000414cb8800dd4a017e06bae0da6e53ffb510e6550af393076ee8b8d7,0x1278c1e48e3c9548a5d9f2b16dc27ed311b0697c
B17,20,0x2ff855f6431e720de18b083e09b6cd797279d68b,194.35,47550770,2026-06-19T17:41:27.000000Z,0x401ef4d146032c9974afbf672fbb0b5d46090c4f5eb60ac8b936261073477183,0x1278c1e48e3c9548a5d9f2b16dc27ed311b0697c
B17,21,0x3109322bedf1dd81a398f4dfb54bc211fee6daae,6875.21,47550773,2026-06-19T17:41:33.000000Z,0x45e5bdcc47051407597811a2ef844e912a4de6815b92020910020aa2797098e9,0x501ef174b66883ba40f92e6fb24bfb49331d4d4c
B17,22,0x3278f51af5ba1655a63f0f82d4508a138c3fe658,3328.28,47550776,2026-06-19T17:41:39.000000Z,0x11ae7fb78b976935e6ce5354a615932691116082e718290ff181d0b8a63fb461,0x501ef174b66883ba40f92e6fb24bfb49331d4d4c
B17,23,0x32f47aaf7423c4e3b3a1461dbc7af5e0a0b61465,947.46,47550779,2026-06-19T17:41:45.000000Z,0x9eef81d953f5b012e9adc24707a2b96e44b6e8de46c534439ea19281687c7083,0x4b5c33c3c7a31bd108f5a99b64683b0056a62226
B17,24,0x3470084acc9e05484361d7e4b14d701d253a40f8,2818.1099999999997,47550782,2026-06-19T17:41:51.000000Z,0xee89ec22d062c8d827f0a91652e4a5e61665d4675c09e3dba4318cef312b0dbc,0x4b5c33c3c7a31bd108f5a99b64683b0056a62226
B17,25,0x35ac0cf8dc7061b6719c9641511e79bb61979faf,2307.94,47550785,2026-06-19T17:41:57.000000Z,0xd7e552f498a71607dc26194be17be276817f37a5a7fe51dcfb00d5143d13f350,0x8d47ba07ff9ccccf58c7e8810ee42c0dc8b8b123
B17,26,0x36b76c834bee967a2b7ce6c8961fc4ad73d2f7b8,1263.28,47550788,2026-06-19T17:42:03.000000Z,0xba2b54f8afaea7f44bca47ebfd9168d1ec542275bfab9ce90979986b53e29dd7,0x8d47ba07ff9ccccf58c7e8810ee42c0dc8b8b123
B17,27,0x373c88621fe07b191f1af89f0c196476d11072b2,1530.52,47550791,2026-06-19T17:42:09.000000Z,0x2a08f86128b8bc56f7a443fed5ebe0491bf5836f8386589894535d65b6b7bf0c,0x1278c1e48e3c9548a5d9f2b16dc27ed311b0697c
B17,28,0x39f04881f76c5fc3b4092ffa363ce7c9eb874181,1846.3500000000001,47550794,2026-06-19T17:42:15.000000Z,0x1fa56504de18c6bbd1f905b1838eb74368f8f2519a567240d7a8a392a10ae6b7,0x4b5c33c3c7a31bd108f5a99b64683b0056a62226
B17,29,0x3b13364451697e56a2af32f3f3e6a1b605909cf1,4275.75,47550797,2026-06-19T17:42:21.000000Z,0xaf348b5a62ac9df335c93603b1349a2f43ce9c579797a45ff0ac00bd0f813fc6,0x501ef174b66883ba40f92e6fb24bfb49331d4d4c
B17,30,0x3da11b5081e4164e38fbdd7eb6622e666dab8638,1384.75,47550800,2026-06-19T17:42:27.000000Z,0xf96dd02cfc9939e3bf5c47dc04768004004cdd5df8af7136f584795b0f8803b2,0x501ef174b66883ba40f92e6fb24bfb49331d4d4c
B17,31,0x3e447653244867a14e6140c02ded3af261463fb9,2307.94,47550804,2026-06-19T17:42:35.000000Z,0x184afddefb1d4dd7532c22bf7abf8bb3a875f249e7246882539cd060e0ba08eb,0x8d47ba07ff9ccccf58c7e8810ee42c0dc8b8b123
B17,32,0x3e913b6e287fb349d3a259c1030ea178069405e6,3619.8100000000004,47550807,2026-06-19T17:42:41.000000Z,0x04cbf3cade745b4d360a12a3e64974a2fb4c5f21329e3dc177c5354ea44c6bb5,0x1278c1e48e3c9548a5d9f2b16dc27ed311b0697c
B17,33,0x4a7c3492d3c0b04b2ad574fa297cd68acdf174e4,3619.8100000000004,47550810,2026-06-19T17:42:47.000000Z,0xc85b897ce805ceeb51d384743e9005462a865b938ee6e1fee02a94de9d43a217,0x4b5c33c3c7a31bd108f5a99b64683b0056a62226
B17,34,0x4be8bc88436f73faf14102a865154f37b64e3062,8259.97,47550813,2026-06-19T17:42:53.000000Z,0x11f73c7bcb85cce59246b35d24b9b30e92d39ed8b8ac6a2b62e9d139415b93cd,0x4b5c33c3c7a31bd108f5a99b64683b0056a62226
B17,35,0x4c453ba2b61c8734e44f24ae20a5cf8babd8a236,97.17,47551245,2026-06-19T17:57:17.000000Z,0x5cd8519011d0e744279628aed449a617f335c7928e9e2bccbccf3f019ffcc50a,0x8d47ba07ff9ccccf58c7e8810ee42c0dc8b8b123
B17,36,0x4e87a4d3578bd16858ad7f876daccdcd76a57de8,26018.890000000003,47551248,2026-06-19T17:57:23.000000Z,0xdbd240aec975045f482445bd00b929cbdee38ad84b204a962221653fcd2c4d53,0x501ef174b66883ba40f92e6fb24bfb49331d4d4c
B17,37,0x50880f42c7074f4d08d32cae0b53e49cb14d3b83,1603.4,47551251,2026-06-19T17:57:29.000000Z,0xf39fcdef45c1ac85de56a266d9d38c2d2fbc12b9c6647913d588e9099866b707,0x1278c1e48e3c9548a5d9f2b16dc27ed311b0697c
B17,38,0x527b03cfb18f7b4d023bd0bf0786a1b5431ccafb,485.88,47551254,2026-06-19T17:57:35.000000Z,0xf95017ea05992997c83c6bb2d3b5ef85c0f9cd2b85cc5bea1c239b02f44b720a,0x501ef174b66883ba40f92e6fb24bfb49331d4d4c
B17,39,0x53457b9be27e0b7471ca4527dcceb678f3f541c6,1409.05,47551257,2026-06-19T17:57:41.000000Z,0x5b4960f7ce13f13c2d22dd4813d9f2b4f0928949395de69de516d1a0a6c13849,0x501ef174b66883ba40f92e6fb24bfb49331d4d4c
B17,40,0x5aed0119c0f3253de90393f564a910aa6b502f42,2575.17,47551260,2026-06-19T17:57:47.000000Z,0x1e1b2bf7142416d668f114ceb985f78fdf71862323f209eb9b5541f0c462eb38,0x1278c1e48e3c9548a5d9f2b16dc27ed311b0697c
B17,41,0x5f452ee23b1c54c12c3890f8ae4e21375b6ffb01,1238.99,47551263,2026-06-19T17:57:53.000000Z,0xdc8ce826c9238bfcec0ca57c4ab9d6dd0bb1e6b50aa467483379b49e839a16ff,0x501ef174b66883ba40f92e6fb24bfb49331d4d4c
B17,42,0x62a73bd7c1555c2db6e03249a0b4e1c2b8720774,145.76,47551266,2026-06-19T17:57:59.000000Z,0x5434a5a93dfb2d6e6a95f7b88d881b0463d4fb04edea9cd550c27d8a27d99d2f,0x1278c1e48e3c9548a5d9f2b16dc27ed311b0697c
B17,43,0x62aff618cbe253b8fcec8ea1330d4131f3bb4f7e,145.76,47551269,2026-06-19T17:58:05.000000Z,0x108d039f4cdf6595c863a63560b06de1b7eb3a8d8e70f88cfd6e4f369bc3d53c,0x1278c1e48e3c9548a5d9f2b16dc27ed311b0697c
B17,44,0x644d38c280ba0e16bfc093b6feb6803604189d72,1919.23,47551272,2026-06-19T17:58:11.000000Z,0x77b02671098c76ce584016879625209c0c0c737df280f9779f5a5a74b3dd0431,0x4b5c33c3c7a31bd108f5a99b64683b0056a62226
B17,45,0x690a673709572049db0072d5e43bb7fefe26eac4,6097.8,47551275,2026-06-19T17:58:17.000000Z,0x580c556f2c78607f9f311a68306cfffafa0cbf13f34b1e84b35009ffdd304153,0x8d47ba07ff9ccccf58c7e8810ee42c0dc8b8b123
B17,46,0x72b1e26297505bb7f1c619896f1278edde4ffd99,1627.6899999999998,47551278,2026-06-19T17:58:23.000000Z,0xd7de6ef1ef5886ba574e20d96aebcc3d81cd6fb5e49f2c79dc7615de93794a1e,0x501ef174b66883ba40f92e6fb24bfb49331d4d4c
B17,47,0x773008f29d229981a0f0fda1668a0e48d24e075f,3959.93,47551281,2026-06-19T17:58:29.000000Z,0xa0a0b5d5bb1234b79d22595881e30add33c047488295c00055845141d0964e61,0x501ef174b66883ba40f92e6fb24bfb49331d4d4c
B17,48,0x77f7cd8bad2b6dc942492f76fef49be080e16f79,97.17,47551284,2026-06-19T17:58:35.000000Z,0x76fd953d2d83af7333f7140f8ed5a9cb155bee10ee109e5c93bf09df98097b5a,0x1278c1e48e3c9548a5d9f2b16dc27ed311b0697c
B17,49,0x79ef50b69564d3f1b334f18fa13ee605c6fa19ac,1287.5800000000002,47551288,2026-06-19T17:58:43.000000Z,0xc9936cffe59185a5f7d8ad4bc7552b513a439821474570d4a8540b5a465b8106,0x8d47ba07ff9ccccf58c7e8810ee42c0dc8b8b123
B17,50,0x79fb10e161054cd4006be1520fbed1c2452154b2,1409.05,47551290,2026-06-19T17:58:47.000000Z,0x31559b095277354a8dc241479764b54606434a88388ca726f47aa384523ecdee,0x4b5c33c3c7a31bd108f5a99b64683b0056a62226
B17,51,0x7ce1f0b20e2dab4af23a50751de4a039dfb97e2a,1919.23,47551293,2026-06-19T17:58:53.000000Z,0x8121883fe4f023e4371aba0b3a3403e9fc7e3edb58d320a0d9c81fb477ea5467,0x501ef174b66883ba40f92e6fb24bfb49331d4d4c
B17,52,0x7f51a5f1df737fc12f7720461cd1b6c2d5eadeba,1287.5800000000002,47551296,2026-06-19T17:58:59.000000Z,0xd1df198644b0aae5c5b71db56ebec7744c2178956b20719a5e45b25ad1119e95,0x1278c1e48e3c9548a5d9f2b16dc27ed311b0697c
B17,53,0x80546c931861ba86040efad0ab356fe9720d4df4,1724.8700000000001,47551298,2026-06-19T17:59:03.000000Z,0x02ecce23eb3960d420a87e9068c32febf6c666cdd874c0f0accfad3c3aae4de1,0x1278c1e48e3c9548a5d9f2b16dc27ed311b0697c
B17,54,0x83def809f2c2ce229563d0e85697a216815a9801,1287.5800000000002,47551301,2026-06-19T17:59:09.000000Z,0x5d28d60f9a240dab1d609d7b2d820c58fb911decefa6c11a65c64bdf62692ba9,0x4b5c33c3c7a31bd108f5a99b64683b0056a62226
B17,55,0x84f0aee4573b7bacc2e1d935ae21eb808d273ef5,97.17,47551304,2026-06-19T17:59:15.000000Z,0x0ed77596acf806abc4a6ee99d9fe3b13a8c41e1fec1317e17eb005ad007e621b,0x4b5c33c3c7a31bd108f5a99b64683b0056a62226
B17,56,0x87fdfa38cd4644b018e32f3cc08ee69e309c5dac,194.35,47551307,2026-06-19T17:59:21.000000Z,0xd87579c9c4caa0a338bbc2c2bf74a2f6055353f7e5196cf4fe2fc44f3059c780,0x4b5c33c3c7a31bd108f5a99b64683b0056a62226
B17,57,0x8d0b37c1d4180cc18b4668d41d00a775e260f4cf,1457.64,47551311,2026-06-19T17:59:29.000000Z,0x1576d5b4ca124d3aec516b1465e02a7f2f4bbc0b52cb0068e4a2f76a26d36cae,0x4b5c33c3c7a31bd108f5a99b64683b0056a62226
B17,58,0x8e7bb955e5aca2fb3ccc5a96bdf0ef4260c0c6e0,2745.23,47551314,2026-06-19T17:59:35.000000Z,0xd79acce1c3b11d886e13e4a5582b4e8a3479c592fd775e0fcbd25de7abb10068,0x1278c1e48e3c9548a5d9f2b16dc27ed311b0697c
B17,59,0x95da7664b107cb41f37b5b3b1f9c2b822e0bd70a,1579.1100000000001,47551318,2026-06-19T17:59:43.000000Z,0xb25961b45d7886d40c9d2f14a9767b41221d2dd15076200367d1274e9c28aeac,0x501ef174b66883ba40f92e6fb24bfb49331d4d4c
B17,60,0x98613c61cdedd610774239149cb373e2979656ec,1287.5800000000002,47551321,2026-06-19T17:59:49.000000Z,0x8fcf9efecd2a714f44c8fab85eb7521c465025a0949d9d901b8a62928b32971b,0x8d47ba07ff9ccccf58c7e8810ee42c0dc8b8b123
B17,61,0x98f639e9f8ff7cd4d8b641958531c27b88290440,2380.8199999999997,47551324,2026-06-19T17:59:55.000000Z,0xe8e9655e9f5c94379e25f52c193fbc4095e7def256c39bf569dec063e931c9a4,0x1278c1e48e3c9548a5d9f2b16dc27ed311b0697c
B17,62,0x99ef3309b8d2f5a8adcf80b80b19c34be2d33458,1870.64,47551327,2026-06-19T18:00:01.000000Z,0x2eb8fad63bc90918e45880b311a82afc286dae61300d3e378344e7fb1632a268,0x501ef174b66883ba40f92e6fb24bfb49331d4d4c
B17,63,0x9abb156508487e5d752c563a654452fe04bacfd9,1287.5800000000002,47551330,2026-06-19T18:00:07.000000Z,0x4d8977a29349384263de967b1e0fabce99cb70ebaca86e2ae0e441dec7cc254e,0x4b5c33c3c7a31bd108f5a99b64683b0056a62226
B17,64,0x9d1a7b2d9d2ea2910fc805405ae204cfe87ce46e,218.64,47551333,2026-06-19T18:00:13.000000Z,0x25d9cb117c1aac3e4db1b4acc594ada482b516908b920665c19834262048e91d,0x4b5c33c3c7a31bd108f5a99b64683b0056a62226
B17,65,0xa13b5a111462f6b0e465be12a2c12a4176fd9919,1433.3400000000001,47551336,2026-06-19T18:00:19.000000Z,0xaf6d586decce121d2b93c4d5b453750f9ba620a8dbbf1033c9416df4f9fc84c9,0x4b5c33c3c7a31bd108f5a99b64683b0056a62226
B17,66,0xa2f28a44a1072bb64c32e9abd4d16ad77b9b72db,2162.17,47551340,2026-06-19T18:00:27.000000Z,0x49dddd9f8583b18373a5ec18d288e5a8204601d27d7bfd96f4ee184afe3d4ded,0x1278c1e48e3c9548a5d9f2b16dc27ed311b0697c
B17,67,0xa4600691994ac67d1978b4abde7f2826126ba9fe,1409.05,47551343,2026-06-19T18:00:33.000000Z,0x8f8f0238c826e6715e21814b0140e43a04764cfd7c02809513ec12df9db033a4,0x501ef174b66883ba40f92e6fb24bfb49331d4d4c
B17,68,0xa4f22a476a1c7938243d8e1eb76eeb1fb534911e,3959.93,47551346,2026-06-19T18:00:39.000000Z,0x146e49275529adb2fae385725b9530dcde27a8c114884a0eb34534bb8deeac79,0x8d47ba07ff9ccccf58c7e8810ee42c0dc8b8b123
B17,69,0xa68c40bd8005b19f2833e2455669facb199a845e,1700.58,47551349,2026-06-19T18:00:45.000000Z,0x045521caeb69ba646459ae48da7af0f4ca9bb25c9f62a8b6fbb526c89c205b7a,0x501ef174b66883ba40f92e6fb24bfb49331d4d4c
B17,70,0xa812483af0a918bbca2485661a1dc7019a93f809,2405.11,47551352,2026-06-19T18:00:51.000000Z,0xbca04340364e3a5ab6dcdc734607d7bb8a6c760742f08ec446ef947831bbc942,0x4b5c33c3c7a31bd108f5a99b64683b0056a62226
B17,71,0xa899c676f1bbd822e8b268c17d7909e1b6a5edf8,1530.52,47551355,2026-06-19T18:00:57.000000Z,0x6727573cb0599c7364ccab2218c9fc568e1675c77bf0872127191b989cd92ddb,0x501ef174b66883ba40f92e6fb24bfb49331d4d4c
B17,72,0xadccad44e19c2762762a7a8f182373498fc11577,1724.8700000000001,47551359,2026-06-19T18:01:05.000000Z,0xfbcf8b7b13be91290f0095dfd1fffa90395328ecc58a8b78d02c3666a756910b,0x501ef174b66883ba40f92e6fb24bfb49331d4d4c
B17,73,0xae52c1a3dfedb361a451da72eb7b0841e9a5a1b9,1749.16,47551362,2026-06-19T18:01:11.000000Z,0x43d5d03e2d7926b64e81901f47500b3090e069f90a86f567ee8d13cec1b1bd31,0x501ef174b66883ba40f92e6fb24bfb49331d4d4c
B17,74,0xaee6a1612c2121e7ab27369f1708b2e157105c9c,2745.23,47551365,2026-06-19T18:01:17.000000Z,0xe803d0b07da66dd319bdb514e7a5d4fb35dadf8e71855a200dd889aaf68871dd,0x4b5c33c3c7a31bd108f5a99b64683b0056a62226
B17,75,0xb20826cdf885145cdbbd561ac257270aef0ee7b8,1603.4,47551369,2026-06-19T18:01:25.000000Z,0xab5e6052dfcee682b2c67c7f23a6149514cfa9aabc7bb74344268ee1e93ce1c8,0x8d47ba07ff9ccccf58c7e8810ee42c0dc8b8b123
B17,76,0xb3256ea5ad052d1a8903dfcccd2d399b4a35a231,1579.1100000000001,47551372,2026-06-19T18:01:31.000000Z,0xb65ee0efa9da2e2568a30059afd8321327faffe9bcc8e0c7640348d731a6dfc8,0x4b5c33c3c7a31bd108f5a99b64683b0056a62226
B17,77,0xb3c3b6c72455c6bd589bf61660cfd12ba9089d2e,4251.46,47551375,2026-06-19T18:01:37.000000Z,0xf5dd56f47ef16857b1df3665a7d72048a6a9165dd4f0cda42b77bdfb797e88f3,0x501ef174b66883ba40f92e6fb24bfb49331d4d4c
B17,78,0xb40c1e76e02e2f290373faffc081f17a40c0be73,1651.99,47551379,2026-06-19T18:01:45.000000Z,0xf545e98cf2eb26de038c3daf51bc5186d0ca8d3a8df4ca89b9f52f4edffcb0be,0x501ef174b66883ba40f92e6fb24bfb49331d4d4c
B17,79,0xb486374de9c98c944dd8e7a919903cec591480e1,1943.53,47551381,2026-06-19T18:01:49.000000Z,0xc187b25599b8c89c5667d9d97ecdcf3f41eb06a3598bdde5d53fee78b20efee4,0x4b5c33c3c7a31bd108f5a99b64683b0056a62226
B17,80,0xb583248f26337a4798ca9f211d1b3bef73200d11,1238.99,47551384,2026-06-19T18:01:55.000000Z,0x4b5313404fa4952a359221e23c8b4865cf0e7258dfb56c27c4f991178d6d190d,0x501ef174b66883ba40f92e6fb24bfb49331d4d4c
B17,81,0xb911059896371b1e0c9db320a33f08f46ca1031d,3061.0499999999997,47551387,2026-06-19T18:02:01.000000Z,0x5dbbe90efdd5fcdef55cb91eda7928ba340ca7f04940b39dd611cf130c0662ef,0x4b5c33c3c7a31bd108f5a99b64683b0056a62226
B17,82,0xb93d906d5e8d6b01b99f59f53bcc1ede1facd7b4,97.17,47551390,2026-06-19T18:02:07.000000Z,0xb63196f622f2d2e93688d38f2ad6dc273f0d445a4bd5e62a46fca59188070597,0x501ef174b66883ba40f92e6fb24bfb49331d4d4c
B17,83,0xba6583dba2770fcf965df66aaaed1bdfc6766d4b,97.17,47551393,2026-06-19T18:02:13.000000Z,0x642596588f1a95746da4c206c8c5cd73381fa0e7d172f248b1dea1fb1d4fd543,0x4b5c33c3c7a31bd108f5a99b64683b0056a62226
B17,84,0xbe15264184cf08d8495b25d9201740d580aede3c,97.17,47551397,2026-06-19T18:02:21.000000Z,0x9307dbc4e6ff644ce330c00db2a9dbbeb92c810e80f05a4825ccd535a959155b,0x1278c1e48e3c9548a5d9f2b16dc27ed311b0697c
B17,85,0xc0b015bec28be0f13dbf29bfe88687dcbcaa2fba,1433.3400000000001,47551399,2026-06-19T18:02:25.000000Z,0x1bfcbe9c6170eeb989a126a929a44fbd4a3221970a7678e9a22605cabf187b4d,0x8d47ba07ff9ccccf58c7e8810ee42c0dc8b8b123
B17,86,0xc6804ddf764e5e363a06851c637ba84101612662,2186.4700000000003,47551402,2026-06-19T18:02:31.000000Z,0xccea57fdbe872ccf55c875a8086ca334eb64e72824913642e04bf0b23de44202,0x1278c1e48e3c9548a5d9f2b16dc27ed311b0697c
B17,87,0xc9c1f163a51ee7c1b6c6291dbb4ea184a8485d86,1433.3400000000001,47551405,2026-06-19T18:02:37.000000Z,0x9e0d6e266979d911945cfe0d3a8b21903efd95e59526abdaa0d570f8b036006a,0x1278c1e48e3c9548a5d9f2b16dc27ed311b0697c
B17,88,0xcde970af9063bfe862b1f9e51041ddf533ba2fe6,1409.05,47551409,2026-06-19T18:02:45.000000Z,0x831fe808dfa5be5b01cccc67c0ac87cfe2c4174d056a6ed75cff002b893af01f,0x4b5c33c3c7a31bd108f5a99b64683b0056a62226
B17,89,0xcf67599476825bfded4a53b547b6b3d3631a6320,1433.3400000000001,47551412,2026-06-19T18:02:51.000000Z,0x8975839186901b320b7bcbc0bee03640704235848a0167d9338ba8dd1689fd8a,0x1278c1e48e3c9548a5d9f2b16dc27ed311b0697c
B17,90,0xd32f7618bf8dc951ff3ff33de757c8315a1aeb6a,18803.57,47551415,2026-06-19T18:02:57.000000Z,0x148ae52d0f6ed756ba8a17086b8a89c6d1033310be89217628c930a0ea140cf0,0x501ef174b66883ba40f92e6fb24bfb49331d4d4c
B17,91,0xda70a1beefee3a57adfa5077664a4eb9e8c8ff43,1287.5800000000002,47551419,2026-06-19T18:03:05.000000Z,0xd07e692fd7dc9d6aeff3fbc4ee55cb9ced88f1de05140ba22a9882c13d750354,0x1278c1e48e3c9548a5d9f2b16dc27ed311b0697c
B17,92,0xddb2fb99e35c888ec9fa4216367edb354924a1a7,1409.05,47551422,2026-06-19T18:03:11.000000Z,0x8b6604818a85350924ec9a59eb559e4d2438e32afbb8d594c6a6684731ccf0ac,0x4b5c33c3c7a31bd108f5a99b64683b0056a62226
B17,93,0xe222142ba6578ddd552d875faceee5bb2fb6d628,1919.23,47551425,2026-06-19T18:03:17.000000Z,0x982875507e5b39280fac485c8af421c950c829371daba544353a6490ab75f734,0x4b5c33c3c7a31bd108f5a99b64683b0056a62226
B17,94,0xe31c8fbeec1ed28cb2e3a7882969714dcb84545f,2672.35,47551428,2026-06-19T18:03:23.000000Z,0x3e8b971e90c31ffd26603643fda860bf2a2d98633b18f1a496f9feef7c8a4f7c,0x501ef174b66883ba40f92e6fb24bfb49331d4d4c
B17,95,0xea3c7b0400c63d9d2a615c622e9575a75ec120a7,145.76,47551430,2026-06-19T18:03:27.000000Z,0xe66ba1718c06adafc69acdd3948d9f15c21ed92a29e5b3d493bb7d01f6132b2f,0x501ef174b66883ba40f92e6fb24bfb49331d4d4c
B17,96,0xeb526018ad2bf9bf7a62d771b4c52e14a5eb2131,6097.8,47551433,2026-06-19T18:03:33.000000Z,0x39e33808b5bc0b4198a3ee92b27678575b0e8cfaf2ba51da9e490c3fe42258be,0x501ef174b66883ba40f92e6fb24bfb49331d4d4c
B17,97,0xf18cab35a861dd10bdb68a84d599de14b963f4a8,1603.4,47551436,2026-06-19T18:03:39.000000Z,0x1e6299cdab6ce8c0c831aae83cdf9f6fa077fd359f21d4e48fc0de214a489dc1,0x8d47ba07ff9ccccf58c7e8810ee42c0dc8b8b123
B17,98,0xf2910b3a12612bd73d279f64662caa769ad2afe9,1724.8700000000001,47551438,2026-06-19T18:03:43.000000Z,0x54c23bfe27672fd90f20248731edbc5c2d0641cedd122fea66ada9562af05ec3,0x8d47ba07ff9ccccf58c7e8810ee42c0dc8b8b123
B17,99,0xf36c385035569459db24b414cc906e3b51436e81,3571.22,47551441,2026-06-19T18:03:49.000000Z,0x8d3d96e359cd851c2b3cd7c3fb3188980995173fa3dac5d368c228441d944124,0x4b5c33c3c7a31bd108f5a99b64683b0056a62226
B17,100,0xfeb13b3d080edc9be7df3e1be7e7d2edd0d1bf90,4105.69,47551443,2026-06-19T18:03:53.000000Z,0x0e6d9d28b7d8a2e6572597a7b0bb49e1815ec3d77cb1be2e19baeaad3ae6d122,0x8d47ba07ff9ccccf58c7e8810ee42c0dc8b8b123
B18,1,0x00531870c8407f4608969d77217cc033c7f9c0d2,1451.09,47553500,2026-06-19T19:12:27.000000Z,0x9f9faa1814470594158b761268151287cf53445215a49febd7fe47f17ace3d4d,0x8d47ba07ff9ccccf58c7e8810ee42c0dc8b8b123
B18,2,0x01f7b2e22e4ee49b4f78ff393e14ded6c19e9ed0,1886.43,47553503,2026-06-19T19:12:33.000000Z,0x309e4fb431a7d60f6f70a653ff6c7368adcbd9e4e4465daf8c0a82fe375a3967,0x4b5c33c3c7a31bd108f5a99b64683b0056a62226
B18,3,0x026cca6b00ced53ef6d1f28d03fe01b826a774ce,2781.28,47553506,2026-06-19T19:12:39.000000Z,0xd2c3c4b6ba209e3bd90f1c6de33b1f452f854f489c3cc1bf7b27db67786e468b,0x4b5c33c3c7a31bd108f5a99b64683b0056a62226
B18,4,0x0486a10696ee2fdf0be3ce959cbbf1d879417f6b,1451.09,47553509,2026-06-19T19:12:45.000000Z,0x375ca75ef81ee2a8731a844df20ff992f230172e1b36442b8d4439796e8b1c8c,0x1278c1e48e3c9548a5d9f2b16dc27ed311b0697c
B18,5,0x0d407613f49a4df194f4067ad3e46d29dc72f9f3,1547.8300000000002,47553512,2026-06-19T19:12:51.000000Z,0x4fd0e3ecf4020d579b3109c0c33b0898bb5ef54d07f94a8efe6064628de9a37d,0x1278c1e48e3c9548a5d9f2b16dc27ed311b0697c
B18,6,0x0f30b0328d63985dc6be172ee4a4a6558d04a516,5441.62,47553514,2026-06-19T19:12:55.000000Z,0x9674e003a03b3226fd0961ea03a28b023080464cf72c0709c1206932cc4c7912,0x1278c1e48e3c9548a5d9f2b16dc27ed311b0697c
B18,7,0x10d1114a88edf1aba465a39c8f704c8f4085adb0,145.1,47553518,2026-06-19T19:13:03.000000Z,0xae31b955b2e3427648bcce4b541fcfc7efdf6d6433876d49623452d5e9a7a8f5,0x501ef174b66883ba40f92e6fb24bfb49331d4d4c
B18,8,0x167d353050ba70029f4ea0643f8f7ca675aeeffc,120.92,47553522,2026-06-19T19:13:11.000000Z,0x640a1555c8e49385b2afbb4e304aece5034c86f5dfdd0abb5864983cf9ff8d81,0x8d47ba07ff9ccccf58c7e8810ee42c0dc8b8b123
B18,9,0x1b1fe0de227ccf2a6f2b9b815e78d5f54174e66a,338.58,47553525,2026-06-19T19:13:17.000000Z,0x334ffe702c519b994bfd2d34f052a81257cecb8636ecbbc1c8ae8cf7a6e8bc49,0x4b5c33c3c7a31bd108f5a99b64683b0056a62226
B18,10,0x1b70b2bc146fe00925228a629676dc3fd0b81de7,749.7299999999999,47554188,2026-06-19T19:35:23.000000Z,0x5b9ba934c985fc996e2dc44701949a89daa4d56ea6c60629342450dc9f5335c1,0x1278c1e48e3c9548a5d9f2b16dc27ed311b0697c
B18,11,0x1b95d0942a7d85af9e1e53316d293e04111e089c,1958.99,47554191,2026-06-19T19:35:29.000000Z,0xc48f7b488a12d43c717b87b24628e64b7458e9a9635b9f8283c032f3491f32c5,0x501ef174b66883ba40f92e6fb24bfb49331d4d4c
B18,12,0x1fc6b334ccabea7856e34f0c0ee8390f01d7ba7f,193.47,47554194,2026-06-19T19:35:35.000000Z,0xb00d84f7b008fbf073d6d9866f45b688f4764ec57aacced10d33bf1019e486a2,0x501ef174b66883ba40f92e6fb24bfb49331d4d4c
B18,13,0x22084b0172681583cd3fc7750d34f00cdd7ed48d,1475.28,47554197,2026-06-19T19:35:41.000000Z,0xbe6519d0f1c79ae250559678551b97140e250598c8ba4506a04cba5564019169,0x8d47ba07ff9ccccf58c7e8810ee42c0dc8b8b123
B18,14,0x2717706228eb44ca4238d4754d0fb252ce9e8449,1838.0600000000002,47554200,2026-06-19T19:35:47.000000Z,0x3ed2c7418d08af621f9e37de9d0650f0f1ed1813465b1b5ca70afb37b052fd3b,0x1278c1e48e3c9548a5d9f2b16dc27ed311b0697c
B18,15,0x2766491f3a63353dce71455420b3fc09a65448d8,2007.36,47554203,2026-06-19T19:35:53.000000Z,0x96bc008065f8a1b8835fdccfd14040d0117a5672f99f5d54fc8f6d1e54b3e5ea,0x501ef174b66883ba40f92e6fb24bfb49331d4d4c
B18,16,0x2cee9ce12ce694dc9aa2ddf983338466f677b0e7,6336.47,47554206,2026-06-19T19:35:59.000000Z,0xd402aa0ae30a7f2d21edfd66b996b9907ea055ab5447b2fc662b7a0c476dd9ec,0x1278c1e48e3c9548a5d9f2b16dc27ed311b0697c
B18,17,0x2d7705d9bda262901ec36fdf26eb202436265210,96.73,47554209,2026-06-19T19:36:05.000000Z,0xc0903e0019a385e2c1bbbf80f79859b8e44863b50583fd4ddbd17e61198d1db3,0x1278c1e48e3c9548a5d9f2b16dc27ed311b0697c
B18,18,0x2e592023f998f4dc7b093f77ba8e74fa2db581a5,2273.39,47554212,2026-06-19T19:36:11.000000Z,0xdd47d60e57a2c244c5d93718270d6a9828e6bb14cbabd2c5697d285ff9bf4165,0x1278c1e48e3c9548a5d9f2b16dc27ed311b0697c
B18,19,0x2efc4c808ad241fda0d13cbd7413a22b021e1b3b,1741.32,47554215,2026-06-19T19:36:17.000000Z,0x5991dbe925dafa182b9ba8704b23655fe26f73cec7589fe2e853868ce802119e,0x501ef174b66883ba40f92e6fb24bfb49331d4d4c
B18,20,0x39c3de5fb57cdd3d3ed30bdb5440eaad2b509030,193.47,47554218,2026-06-19T19:36:23.000000Z,0x81a3cd1d79a044017b2623038c9e47845fceb5868b934115e2b203f833d29a90,0x501ef174b66883ba40f92e6fb24bfb49331d4d4c
B18,21,0x3dabb1742c15ae29bf30ac7be39d67735f1108f5,31827.42,47554221,2026-06-19T19:36:29.000000Z,0x3cd9a66937446a1bc7fde5030df4e43f56cb34dbdb822c297b27c6fe28384699,0x501ef174b66883ba40f92e6fb24bfb49331d4d4c
B18,22,0x3eb101c92fc46fba95fe6e36c8a0e4b0072573f9,1765.51,47554225,2026-06-19T19:36:37.000000Z,0xfbe55e943070be10b27e2292f6ddb8daa1d4413ba5da54a4c92c2a2269cc7d66,0x4b5c33c3c7a31bd108f5a99b64683b0056a62226
B18,23,0x4b668412bb731171e289fba3bb6deb74f8e7150b,1717.1399999999999,47554228,2026-06-19T19:36:43.000000Z,0xcb50b14910a86c06c4fafa5cb4b3ec26261685437eca563c8ce4b66891f0c375,0x1278c1e48e3c9548a5d9f2b16dc27ed311b0697c
B18,24,0x4c16a13c7050322bb2edb32d7c4ced4527f47df8,96.73,47554231,2026-06-19T19:36:49.000000Z,0xd7dcf441888dfd3dacb1eb05c387754cfcd684b4b02a478777fcb2e6ea61726e,0x501ef174b66883ba40f92e6fb24bfb49331d4d4c
B18,25,0x4eb87563bf5fea5d12ff76f1d21484fc1eb3606c,1789.6899999999998,47554235,2026-06-19T19:36:57.000000Z,0x8479ba9f917b41d91ba76b908a80620551d8d1d627d782b7387e47098627b9a0,0x8d47ba07ff9ccccf58c7e8810ee42c0dc8b8b123
B18,26,0x4f98e8566a463819885dcdc5f5ced69de7ebd1df,1233.43,47554238,2026-06-19T19:37:03.000000Z,0x35966b8cc3e5ce6676dbc92b428275db23559cd41e9ee4f8565bef37040c87e8,0x8d47ba07ff9ccccf58c7e8810ee42c0dc8b8b123
B18,27,0x57477872de2550036a5a5c8367760471262b629f,3700.3,47554241,2026-06-19T19:37:09.000000Z,0x99346129de9a8374a2c8aa46063ed12e84dc0a69ced73fdc83efd544703f316c,0x1278c1e48e3c9548a5d9f2b16dc27ed311b0697c
B18,28,0x5ce4cb52b952eecd9f1eadd833db5618c09d199c,1547.8300000000002,47554244,2026-06-19T19:37:15.000000Z,0xf6e3ba18aaa1ce38fc177239013df5f06f990c2d5626c27292da9afd5e2fd110,0x1278c1e48e3c9548a5d9f2b16dc27ed311b0697c
B18,29,0x5f69d6386a37067d24cfdae830a4e22b93a92498,628.8,47554246,2026-06-19T19:37:19.000000Z,0x7ae9a539a7bc8ca9e954b4f516fb5aeba304ab02dcb8c4acdaa2f971551da659,0x1278c1e48e3c9548a5d9f2b16dc27ed311b0697c
B18,30,0x603aba35ecb8185eec4db97308ba12b1d527754d,120.92,47554249,2026-06-19T19:37:25.000000Z,0xd6b6a8574c245c03c323011b70f04e7e7b03def226258bf8d1c384594fac07b1,0x1278c1e48e3c9548a5d9f2b16dc27ed311b0697c
B18,31,0x60ad3262bd326d2e09cf83e6aa51ae4266f15650,2249.21,47554252,2026-06-19T19:37:31.000000Z,0xe0edfeabd8f03bdeabcbc50e788ee02523556a4c2d5f9ea1c7b2a83b1340be20,0x4b5c33c3c7a31bd108f5a99b64683b0056a62226
B18,32,0x614860681b4d542193867624564ca80ccfaab31d,1983.1699999999998,47554255,2026-06-19T19:37:37.000000Z,0x05e4d6bed54771ac2ece828810a2b453604b1a0d520946a19a1949c142d4ac12,0x1278c1e48e3c9548a5d9f2b16dc27ed311b0697c
B18,33,0x6213f655441b27dfa900287dfd0c11142c7efb16,1330.1699999999998,47554258,2026-06-19T19:37:43.000000Z,0x49096ea645c0b5ff78dacfa3a6173badb713739ab4bbfcc76e62402754ca6af0,0x1278c1e48e3c9548a5d9f2b16dc27ed311b0697c
B18,34,0x6320dbc6c46493d26fb1e377ea6d638cab31cc5a,1717.1399999999999,47554264,2026-06-19T19:37:55.000000Z,0xabf233a63d6234c9eb0850e76ef0b2bee46b9e08fee87ce4833f0e669a0e832d,0x501ef174b66883ba40f92e6fb24bfb49331d4d4c
B18,35,0x659b3c89d5c17303d7abf08decd2da71fcd314f7,1475.28,47554266,2026-06-19T19:37:59.000000Z,0x6379da54dabde0f25d36e853a81a8e17738160d3d7bc6caf2e59f413f589eae5,0x501ef174b66883ba40f92e6fb24bfb49331d4d4c
B18,36,0x695ad5f1eb4045b857597c71f66d2fed596790f4,1233.43,47554269,2026-06-19T19:38:05.000000Z,0xb9060f400c2d5820164b0b4dc4abda866cc2d695a7eeb0c2edfe0dfe90b09f20,0x1278c1e48e3c9548a5d9f2b16dc27ed311b0697c
B18,37,0x697a020d7bc8b5bd225c11355674ff568913f5ef,3144.05,47554272,2026-06-19T19:38:11.000000Z,0xc99bb93acf26c0ad122b8bfa7e1f820cd21d8045d42ae8da08b7dcf894c325e3,0x8d47ba07ff9ccccf58c7e8810ee42c0dc8b8b123
B18,38,0x69af852effccff40c70fef922c0ced9d804e5247,1572.03,47554274,2026-06-19T19:38:15.000000Z,0xf91b4ea3653ed0f8355ce5be86315185c5cd3aa60207e6a3d6cbca53290e12d9,0x1278c1e48e3c9548a5d9f2b16dc27ed311b0697c
B18,39,0x6b19d7b374b54d8ead80b2fc5f7bb4179e0efa31,3917.9700000000003,47554277,2026-06-19T19:38:21.000000Z,0xf77cb560d531ed081f995eafdcec5490827011f856a6caf1a1a8f5d9036ffd80,0x1278c1e48e3c9548a5d9f2b16dc27ed311b0697c
B18,40,0x6d53d663029f4a2f62a696af8396552c327f4b90,1499.4599999999998,47554280,2026-06-19T19:38:27.000000Z,0xc04c508b8209657373def22f0e630643806a3c583c8f91620148d86cf1c74263,0x501ef174b66883ba40f92e6fb24bfb49331d4d4c
B18,41,0x6d78f75be3479017332846a564df39c0e4a54705,1789.6899999999998,47554283,2026-06-19T19:38:33.000000Z,0xaf05a894986b8213af097fe95f404e0055b578c5a20e2ffce0465ce285a51dea,0x501ef174b66883ba40f92e6fb24bfb49331d4d4c
B18,42,0x717d8014688190e6a5456268461e3bf8908e6e72,5441.62,47554286,2026-06-19T19:38:39.000000Z,0x0e0270310fe26f998d664f51a62b2671d69a9226993b30e70ff1680225f8aa00,0x4b5c33c3c7a31bd108f5a99b64683b0056a62226
B18,43,0x72cdeaa75ad798a9826217dfe5fe7c3b990948e2,338.58,47554289,2026-06-19T19:38:45.000000Z,0x78fc40821bd5ebfd96903e72a0e276309860601933fdfb6a893e4686e7344196,0x4b5c33c3c7a31bd108f5a99b64683b0056a62226
B18,44,0x734550b855a66003069acd3a32b12f042c603d0a,1741.32,47554293,2026-06-19T19:38:53.000000Z,0x8e76a81dba0d4e50240c211d27f9bd7d4ec41833bdeeeae591bb7697e82bac1c,0x8d47ba07ff9ccccf58c7e8810ee42c0dc8b8b123
B18,45,0x79097b7b11d574908ee52f2b26d51b7dfec4397d,1572.03,47554296,2026-06-19T19:38:59.000000Z,0x8a4cfe1d80504af1c38faff7d78bca3dc2456c207b80e28206c95cdf56a3b25b,0x1278c1e48e3c9548a5d9f2b16dc27ed311b0697c
B18,46,0x7a6ad1b7608846b2f04239d37f87cccd6c0fb27a,822.28,47554299,2026-06-19T19:39:05.000000Z,0x95841f3bca164943629fc1910ca2e354d01e4436125aa3cc3a6cec1109b3d642,0x1278c1e48e3c9548a5d9f2b16dc27ed311b0697c
B18,47,0x7bec362deee9fbd4140f69c563fde940a47b0a13,2829.65,47554302,2026-06-19T19:39:11.000000Z,0x41b65324c8d18a5a13399732bc3904a58deaa9740876726c8c842fddc2b37b20,0x1278c1e48e3c9548a5d9f2b16dc27ed311b0697c
B18,48,0x7e66f1113c50aaa75fd8a29ef28f694c2139d72f,11028.35,47554305,2026-06-19T19:39:17.000000Z,0xe0353ca0f33e9c286f7b3c11bf57098f7d2dc87cb7b2a226b8e56dd724074691,0x501ef174b66883ba40f92e6fb24bfb49331d4d4c
B18,49,0x804d75b51b2deb1a27f016a8361dce9b271b1a48,1233.43,47554308,2026-06-19T19:39:23.000000Z,0x271865da63e61abcbe6e373f42dd3735ed1a3e8a00138f3bd83beacc79c50bbe,0x4b5c33c3c7a31bd108f5a99b64683b0056a62226
B18,50,0x8832ce44d2c14f10cedfb8a27c5017887b400f50,2128.28,47554311,2026-06-19T19:39:29.000000Z,0x365ccf56c090593e58dac77b394de9ea14f748b337da316862456965f0fb3db7,0x1278c1e48e3c9548a5d9f2b16dc27ed311b0697c
B18,51,0x890af92c7e036483d0ce9d7ec99cdbbe071df442,1426.91,47554314,2026-06-19T19:39:35.000000Z,0x6a775772341bb392d95576dfe76a90c1d34f94b59a9f747df0dd32637766aba7,0x8d47ba07ff9ccccf58c7e8810ee42c0dc8b8b123
B18,52,0x894d3a47fa32a7d828b53d6f5fb8f6e4907bcf25,1354.3500000000001,47554318,2026-06-19T19:39:43.000000Z,0xde2f9414a6fe1928ad02ae85efda03939bf364b1727aaa8a9c87a74a6a56f7a0,0x4b5c33c3c7a31bd108f5a99b64683b0056a62226
B18,53,0x8ae7ba18d95622136e8a61d8b3630f2eef13b24d,120.92,47554321,2026-06-19T19:39:49.000000Z,0x75c5116df79f13a911d16b482b667da156826d44fba9859f6a5effd098359b54,0x8d47ba07ff9ccccf58c7e8810ee42c0dc8b8b123
B18,54,0x8d1a074afa41d27e487888742fc5c95d6140ec2a,1572.02,47554324,2026-06-19T19:39:55.000000Z,0xb87b48f8366edc0be1308f4f343a8a7521de7e7bc62b46c3e4a70156988f5add,0x4b5c33c3c7a31bd108f5a99b64683b0056a62226
B18,55,0x8f6e5a07fa6bf8d3fac52deb322631d0dd9a5ef2,1886.43,47554327,2026-06-19T19:40:01.000000Z,0x28d1565d13a420f2e57b526425cb764bec5317f5b7e5749745cd99220077824a,0x4b5c33c3c7a31bd108f5a99b64683b0056a62226
B18,56,0x98896402f2daac9a0d3b682b0d3de79bfc684ae6,8827.52,47554330,2026-06-19T19:40:07.000000Z,0xce82c4fc71153c950e4bcaa56c507fc66e02103ef5b7e1c602507396dd5a100d,0x8d47ba07ff9ccccf58c7e8810ee42c0dc8b8b123
B18,57,0x990ad9afd315fd7978495c5627ac83097d623098,120.92,47554333,2026-06-19T19:40:13.000000Z,0x76afd45e7b83b033d5668629de1e7ce16af3ef5376b2100be14f48e3e69980df,0x4b5c33c3c7a31bd108f5a99b64683b0056a62226
B18,58,0x9ab40b5d925ef6ea1dddc6d55813f00e532d989e,2104.1,47554336,2026-06-19T19:40:19.000000Z,0x1628eed043e8963db58001c3f77baab6f95f82b687bb9b9abaefcf7fc32cd420,0x8d47ba07ff9ccccf58c7e8810ee42c0dc8b8b123
B18,59,0xa0de22254a501b2286cd04e7edf969830682516c,1958.99,47554339,2026-06-19T19:40:25.000000Z,0x1d07ccd296768cc1c4e039263f5adff9637b2c3d65046a96b004906a4f4a03b7,0x8d47ba07ff9ccccf58c7e8810ee42c0dc8b8b123
B18,60,0xa82ef139624aa0504df5cd383c576451963cc0f7,120.92,47554342,2026-06-19T19:40:31.000000Z,0x13f80b83642054276be95315949f20cc3a6f9e110833ecd45e48badd22eff261,0x8d47ba07ff9ccccf58c7e8810ee42c0dc8b8b123
B18,61,0xaa916167887073932a7fbdf12044c107e3742e64,1547.8300000000002,47554345,2026-06-19T19:40:37.000000Z,0xb58e980b0d3916e53354455adb427188461c042874a0423d3bd87313c6e85cfc,0x1278c1e48e3c9548a5d9f2b16dc27ed311b0697c
B18,62,0xab90a37894a22e067d4e705309b4543cbad0ecb9,2636.17,47554349,2026-06-19T19:40:45.000000Z,0xe46484b359a786353f65353ac29404494742f90d169380ea95cc71554c4acc9a,0x501ef174b66883ba40f92e6fb24bfb49331d4d4c
B18,63,0xabe4e987db708cc36c6480a1745726c6b781ec0d,2442.69,47554352,2026-06-19T19:40:51.000000Z,0xc6c6979c7999b2545341a4b390fabf4fada29405e4845c95cd13181a53294e68,0x1278c1e48e3c9548a5d9f2b16dc27ed311b0697c
B18,64,0xadd201995bd9e22df81675a4f286570c13b22448,1475.28,47554355,2026-06-19T19:40:57.000000Z,0x6e50d75b33d555c40b79d67d88218674298ce0272a75eac83351f6fcf207a444,0x8d47ba07ff9ccccf58c7e8810ee42c0dc8b8b123
B18,65,0xb0acca7eda6ac6705cda5cadacfa9ffb7021b6d0,120.92,47554358,2026-06-19T19:41:03.000000Z,0x2b2c2a22de78a2090a63a7dea7a212be8ba647b31cf06bb4ad0eed7eb18a626a,0x501ef174b66883ba40f92e6fb24bfb49331d4d4c
B18,66,0xb0dfbc78e3e2eb3f5f6b673b79c84f3db5eab3a0,991.58,47554361,2026-06-19T19:41:09.000000Z,0x82a45966cbcde0e87f5e1c020d757dc7e29cb05b328836422ab24f70f88cb6df,0x501ef174b66883ba40f92e6fb24bfb49331d4d4c
B18,67,0xb83543d96b68b075948e6481775e36ef33d1e793,1717.1399999999999,47554364,2026-06-19T19:41:15.000000Z,0xd023e9f2983a55391f66fbf154a3008f2b19cb7d9ca8dfc27923593b29a214c9,0x8d47ba07ff9ccccf58c7e8810ee42c0dc8b8b123
B18,68,0xb9e8bdd459b390b408bc789ada64a70acd0a3963,1596.21,47554367,2026-06-19T19:41:21.000000Z,0x72c509c9125bc88d51a470a541717bedbd5e0c3289d120439aef5dd57a52b241,0x1278c1e48e3c9548a5d9f2b16dc27ed311b0697c
B18,69,0xbe08b33b70de447d2cab05e5de68ef736ec4680f,19347.98,47554369,2026-06-19T19:41:25.000000Z,0xd0b6fda35563a0bc18ccce01509d53ee1c19aacf29bcd7ebe76b9c0b61753f97,0x4b5c33c3c7a31bd108f5a99b64683b0056a62226
B18,70,0xbe0c2e67b8b8ab63cec91f8d850275150844d644,1644.58,47554373,2026-06-19T19:41:33.000000Z,0x5b7cda7139b9d385173345eb9bd7b2984118acb5d41e62b3caef58b6eef4e5c5,0x501ef174b66883ba40f92e6fb24bfb49331d4d4c
B18,71,0xbe6944d605e935bbaeacde5d0a84d4c14f1364aa,145.1,47554376,2026-06-19T19:41:39.000000Z,0x3ed5aa43718209fa4fe305bf1c6d459107d0625f86f722d2074ec5c18c341df5,0x1278c1e48e3c9548a5d9f2b16dc27ed311b0697c
B18,72,0xc13343ee58831158f3d1291e03f17b44312bebac,96.73,47554379,2026-06-19T19:41:45.000000Z,0x2ee2a1a9c36a2496732afd5a400b143ba65e254b0733c9aa07e971500ac4a815,0x1278c1e48e3c9548a5d9f2b16dc27ed311b0697c
B18,73,0xc2561f4ca4ae13ec72707c76726e99f902c4bf5b,1668.77,47554382,2026-06-19T19:41:51.000000Z,0x83e449ec67acf2ed6ac491e9545a51613995e70726acf867b1ee0a87d9ef32f1,0x501ef174b66883ba40f92e6fb24bfb49331d4d4c
B18,74,0xc350712c858101842bb7700a866c5ef1137bc4b3,2152.4700000000003,47554385,2026-06-19T19:41:57.000000Z,0x97a3b5e4d9106a5b783141f6fb25b5bb8fa10a71e328cbcbb4e31ca6d25ee443,0x501ef174b66883ba40f92e6fb24bfb49331d4d4c
B18,75,0xc7f65bf67f16d61e6d05e92377e9f3aa131c18cc,1572.03,47554388,2026-06-19T19:42:03.000000Z,0x87502a62766cb76d5ee84472860f8f98a39135f67ad4ca2f95a49e00b6d94cbc,0x501ef174b66883ba40f92e6fb24bfb49331d4d4c
B18,76,0xcc43eba737b1fd3bb9af1339cfb7f884573f577f,96.73,47554390,2026-06-19T19:42:07.000000Z,0x79dc455a2d6ec472b6182ea922aad186a196c81b9e7c419a126e0cd31c74cb8e,0x4b5c33c3c7a31bd108f5a99b64683b0056a62226
B18,77,0xce8c30d98e9e14459ff84e259de5a50b344fef34,193.47,47554393,2026-06-19T19:42:13.000000Z,0x7ed71a77b47b9060d913a16c08893149f8a749aa7ed13952aceea6418f77d73d,0x4b5c33c3c7a31bd108f5a99b64683b0056a62226
B18,78,0xd04f5b34bf0b07a420469c66d1aff98564123f6b,2829.65,47554396,2026-06-19T19:42:19.000000Z,0xb31f13673b0ae120bbc365a7ebabcd5061f59eae2535701cdad623205f4c3149,0x1278c1e48e3c9548a5d9f2b16dc27ed311b0697c
B18,79,0xd3b1883fd243f30ee669ae389ed4810e80d5cdf6,2491.06,47554399,2026-06-19T19:42:25.000000Z,0x6632c3679426eb9457389f62ec57000e1262546cbb0ad563f74db46759ff3991,0x8d47ba07ff9ccccf58c7e8810ee42c0dc8b8b123
B18,80,0xd8e23752d8302b57bfa72fe982731167f01e531c,1572.02,47554402,2026-06-19T19:42:31.000000Z,0x835f3c5cdbcfe8b434fd03ee29733ce3a5d915620cf10ccb8d9bd5b71f44d8fe,0x4b5c33c3c7a31bd108f5a99b64683b0056a62226
B18,81,0xd9bb670442d59e853339d3a57871ed51dfd7bbd6,1547.8300000000002,47554405,2026-06-19T19:42:37.000000Z,0x2a0e8ed4f27f6b04fa1bb0cb39624a6583c7624f62fe70e37c5b53028d001873,0x8d47ba07ff9ccccf58c7e8810ee42c0dc8b8b123
B18,82,0xdb5b0363460563c2d873964a727736584713432a,1305.98,47554408,2026-06-19T19:42:43.000000Z,0x4cdad89682bd089a90ece358ad1982b0c640cbc0ba4f15647172f154fede68d3,0x501ef174b66883ba40f92e6fb24bfb49331d4d4c
B18,83,0xdc309a928fd40b6e9161801bc966eebb58a0763a,2225.02,47554410,2026-06-19T19:42:47.000000Z,0x1849186cdeb848a1b1ceb67dfecfc630ebce6150d2addb30c899537c08574a10,0x501ef174b66883ba40f92e6fb24bfb49331d4d4c
B18,84,0xdcff0892438c772b2d0d03f420793427d685077f,2152.4700000000003,47554413,2026-06-19T19:42:53.000000Z,0x3e21eeeb2fd405d999e2fe6060986bf32f464cd01ea6950a7146fa522f6c7a12,0x1278c1e48e3c9548a5d9f2b16dc27ed311b0697c
B18,85,0xdd51fbb015fc22235bdb47022d18d62246900821,1354.3500000000001,47554416,2026-06-19T19:42:59.000000Z,0xd6bf1760f969b4781ecc8ed58424b3488c9b69a438f10b6982a5e0e2e52c4e95,0x1278c1e48e3c9548a5d9f2b16dc27ed311b0697c
B18,86,0xe0c09a8b815c4ad3b6e594e3173c6cd408c98fe6,96.73,47554419,2026-06-19T19:43:05.000000Z,0xaedc3f60dc4a47615e117e1c215bb3ad940bf931060b1be6facc88a201453bbc,0x501ef174b66883ba40f92e6fb24bfb49331d4d4c
B18,87,0xe1f8e9a24e1ffd62b0f0c4930ba18b405db0e56b,1305.98,47554422,2026-06-19T19:43:11.000000Z,0xc159b3d799b249e560a2fcc2db68436dc20dc65f531ad754af8967c06eddd1ab,0x1278c1e48e3c9548a5d9f2b16dc27ed311b0697c
B18,88,0xe45e24167f909643e71a0c4c94361ab6295e0f1f,3724.49,47554425,2026-06-19T19:43:17.000000Z,0x491ff5720f8f1837c99b89b6ecd327ae290216e974a773359625c6473e7848d4,0x501ef174b66883ba40f92e6fb24bfb49331d4d4c
B18,89,0xe663f01bbff3885a0a442137e5437e82d169cfac,2829.65,47554428,2026-06-19T19:43:23.000000Z,0x1521c36f1bdf17bce935e78f444d1f0fff0ead1c79e3738897829610243edb05,0x8d47ba07ff9ccccf58c7e8810ee42c0dc8b8b123
B18,90,0xe6e1b8882a796774f2ac4e81d19109ae6bc7d874,8513.11,47554431,2026-06-19T19:43:29.000000Z,0x2bb87aaf9a4a6761f0fda68cb3e6b75d51805c60cfb7e3dd7e0a822f71ca276b,0x1278c1e48e3c9548a5d9f2b16dc27ed311b0697c
B18,91,0xea55e1b1ab8e7d5e51ad3d2c83427d27a99bda96,2225.02,47554434,2026-06-19T19:43:35.000000Z,0xba6c919334505484d39e5a7f194bfd56ff34e86980ffb35b295850e57253ca55,0x4b5c33c3c7a31bd108f5a99b64683b0056a62226
B18,92,0xec22388fe1da63a359780863e2cd68750fa3066f,3168.24,47554436,2026-06-19T19:43:39.000000Z,0xbf3d131a1098248167c7c53f2d8613cf298e935559a9f73880a9b628b983e687,0x4b5c33c3c7a31bd108f5a99b64683b0056a62226
B18,93,0xedfbd4b7b0bf05b7f6cdb26081822a01f5030f92,1717.1399999999999,47554439,2026-06-19T19:43:45.000000Z,0xe784ab00eafc7dd95b3b0f8136963dbb079dc961b3927f8bb3e73efd38e50f7f,0x501ef174b66883ba40f92e6fb24bfb49331d4d4c
B18,94,0xeebe1fb664c838f25f89a87d3bc49f201b399b17,96.73,47554442,2026-06-19T19:43:51.000000Z,0x3cf748b95523e05ba409dfa55117118c7acbdda7c5d096fc5d9583a32ca56fb2,0x8d47ba07ff9ccccf58c7e8810ee42c0dc8b8b123
B18,95,0xefe21d8cf2551aa7c0ef7511834b3ef3ab5c613e,1281.8,47554444,2026-06-19T19:43:55.000000Z,0x3b0a05c369ca1754fad63ece32c536db813e96da2e6ca84ec604572fc0b8238b,0x8d47ba07ff9ccccf58c7e8810ee42c0dc8b8b123
B18,96,0xf2cd236fafa44e2dc75cf4722a036d1e18396019,2249.21,47554447,2026-06-19T19:44:01.000000Z,0xe116fc6c77795a23d5742c0d99a28f1e58344f981220c20b9e6bd906be16eea3,0x501ef174b66883ba40f92e6fb24bfb49331d4d4c
B18,97,0xf55fdd10db961e7f586a26beafa2d6e09fd9583e,7086.2,47554547,2026-06-19T19:47:21.000000Z,0x02e057719bce7a27018758445ac475b9da9f17218e77a372672212dd23f9f44d,0x8d47ba07ff9ccccf58c7e8810ee42c0dc8b8b123
B18,98,0xf7ccd0045b7af228e089f97c4b6fdacb6efc8444,2031.54,47554550,2026-06-19T19:47:27.000000Z,0xdfbc98f662c3459d8f9291235a772e53d3bad9f9164e0d25ab4b220687d109b8,0x8d47ba07ff9ccccf58c7e8810ee42c0dc8b8b123
B18,99,0xf8c40c3083310e6b4f515d22a9f39e7a8fa75203,2249.21,47554553,2026-06-19T19:47:33.000000Z,0xda0963cb3abc22866ba7dd2946762d7e9ac49a9f2d883e8f6037b3d207406f29,0x4b5c33c3c7a31bd108f5a99b64683b0056a62226
B18,100,0xf92550997948372cb1e81d86c5882033dc83bd61,1354.3500000000001,47554556,2026-06-19T19:47:39.000000Z,0x6af6b1db878ca15afb16dc47cbc4092fc153471e1da40c13f33620923c5c18a6,0x4b5c33c3c7a31bd108f5a99b64683b0056a62226
B19,1,0x09da9e28b87d2e2dfa2bcb9685fe794447264049,120.3,47564409,2026-06-20T01:16:05.000000Z,0x384a6d9e9a217ee9238aa59c94813312be371cb4f57a3eaa1f8b730567e0533c,0x501ef174b66883ba40f92e6fb24bfb49331d4d4c
B19,2,0x0af19688e8aaa9795c980a4bcb22f485945df93e,2478.2200000000003,47564412,2026-06-20T01:16:11.000000Z,0xac05e6d45287ddd1fd282b7afd81b65291f7b9e0a66230db8f88bf1bbfdeb7b0,0x8d47ba07ff9ccccf58c7e8810ee42c0dc8b8b123
B19,3,0x0c758307250dfa650e703ca375921ebfff20125c,120.3,47564415,2026-06-20T01:16:17.000000Z,0xd77ede06738db7eb8078685061ad4dad6216051354bcc3cc6f7bb1bf132cc821,0x1278c1e48e3c9548a5d9f2b16dc27ed311b0697c
B19,4,0x10272f2e71a6a83cfebbff2674e6a82b2c25d46f,4114.33,47564419,2026-06-20T01:16:25.000000Z,0xf26990128ea026cca08e9d5e11b59fe82c575b39c0edd3c63e4a0a9a12d74595,0x4b5c33c3c7a31bd108f5a99b64683b0056a62226
B19,5,0x11a25bd89087b3f82c970f2660abfee7e027f012,4354.93,47564422,2026-06-20T01:16:31.000000Z,0xc741952a03948a5f56bacab1e749bca5233d774685eb0dd43b0fc4e2aed74bf1,0x501ef174b66883ba40f92e6fb24bfb49331d4d4c
B19,6,0x12d8c117635dcf9cac91b19db2546c1dfbae8dc3,2093.26,47564425,2026-06-20T01:16:37.000000Z,0xaa152f865c85d22c357dfcb9ac5fd93167d55cf3004fe121c61ea88a79a7c8dd,0x8d47ba07ff9ccccf58c7e8810ee42c0dc8b8b123
B19,7,0x1865e6e76d9dbd2b27726a3be818e2804183d10c,6063.22,47564428,2026-06-20T01:16:43.000000Z,0x47af583b9b4b93be99bdd03c805a641eb502a6f38acddf43596e143163adfba6,0x501ef174b66883ba40f92e6fb24bfb49331d4d4c
B19,8,0x18c1418b2f96120b34270a25237159f010d0b2c4,168.42,47564432,2026-06-20T01:16:51.000000Z,0x3b630abf6d21d203ebb89bdd1c22766eafdc5262e5e32c59d8b2224de62fe162,0x8d47ba07ff9ccccf58c7e8810ee42c0dc8b8b123
B19,9,0x1a64e5d4e815046559c4fc505e9e745ad045797f,6063.22,47564434,2026-06-20T01:16:55.000000Z,0xbfc6a2f254968981d722c9b00f667d2e6de6d3c99e187244a54580d7d8c4dc99,0x501ef174b66883ba40f92e6fb24bfb49331d4d4c
B19,10,0x1ae84823728d30d00f9173aa515013d651cb2308,3536.88,47564438,2026-06-20T01:17:03.000000Z,0x689f69a1dd1ae87de4eb2ad1b9c54d4b287291d5ff7f4bb07b2f13b07cf2ba68,0x4b5c33c3c7a31bd108f5a99b64683b0056a62226
B19,11,0x1afe7d62319aa1f3fc70e0e2c86908d91c1adabb,1636.1,47564441,2026-06-20T01:17:09.000000Z,0xfaabcd473d4830556f1514ecc33ef35e4c80183416bfc9e1f923b0314398bb25,0x501ef174b66883ba40f92e6fb24bfb49331d4d4c
B19,12,0x1b0402d6af6e8ddd2e34ac1bcfffc198f9c06d61,360.9,47564444,2026-06-20T01:17:15.000000Z,0x73c3dfc36cbc481d4e317e4b47744e436129a671fc3afefe78397301890c221c,0x4b5c33c3c7a31bd108f5a99b64683b0056a62226
B19,13,0x1b36f725f19b06f5ebb53260f83451d9f42037a2,3464.7000000000003,47564447,2026-06-20T01:17:21.000000Z,0x7441f5ca2932451eb412c520cedb961f58c222bd72e366ba2c40a4c5678125a0,0x8d47ba07ff9ccccf58c7e8810ee42c0dc8b8b123
B19,14,0x1f63a2827a0e9878d54cdf15c7bd087232abf8c2,120.3,47564450,2026-06-20T01:17:27.000000Z,0xed458abeccbbcbefc13b765c5cd550af30d231e9934f1ba091d2d25874bbefaa,0x501ef174b66883ba40f92e6fb24bfb49331d4d4c
B19,15,0x1fe0750ccf27231a439dcd0b806e52a04ec6085a,2141.3799999999997,47564453,2026-06-20T01:17:33.000000Z,0xe5f8afe45ef9c349c49d2917f3ec07288e06fee5490fc306474264f405ef4028,0x8d47ba07ff9ccccf58c7e8810ee42c0dc8b8b123
B19,16,0x22361eea68cf273f62349206db4c1e31bb1d881d,3464.7000000000003,47564456,2026-06-20T01:17:39.000000Z,0x64d64e6ef72d4bad053acb2ee89b088673a7b53412509ce1b4d224eb3b62fc45,0x501ef174b66883ba40f92e6fb24bfb49331d4d4c
B19,17,0x233a54856ddf89a8fb5ba9ee7aeba7509c029ac6,1660.16,47564459,2026-06-20T01:17:45.000000Z,0x3b31593134a20c5ab00375d764d1f7acae005286a2b84845a4c121758a445190,0x4b5c33c3c7a31bd108f5a99b64683b0056a62226
B19,18,0x242ff279f14bc63b9b9f63650ab244ad079150ea,1612.04,47564462,2026-06-20T01:17:51.000000Z,0x3b89b5e7ebc0be794ecdeffee14899357bb299548d80da0866ae3701f8692938,0x4b5c33c3c7a31bd108f5a99b64683b0056a62226
B19,19,0x2724285c211e0ebe50c65fa0954ba4a5ca261e94,1732.34,47564465,2026-06-20T01:17:57.000000Z,0xb32e54950fdf29ff4df07cb8df2be299753a314044f49baa67e1eae4af9f97a6,0x8d47ba07ff9ccccf58c7e8810ee42c0dc8b8b123
B19,20,0x289e4b45302bb2e080def06e4efc2efc9f6829dd,1972.96,47564468,2026-06-20T01:18:03.000000Z,0xb48f1595d2f2f3bf085c3a87434440c69433066f9551e6edcd655ee7f31368c6,0x4b5c33c3c7a31bd108f5a99b64683b0056a62226
B19,21,0x2a699d51ac3e2001e83b475076ebc8a00afd54f6,3079.73,47564471,2026-06-20T01:18:09.000000Z,0x4246550504cb10717f1142adac8e2858dd826726e6564622a8967f25136d0d37,0x1278c1e48e3c9548a5d9f2b16dc27ed311b0697c
B19,22,0x35e9ca46cf9e522ff322fc38b6374ad4dff24c17,120.3,47564473,2026-06-20T01:18:13.000000Z,0xe6570f22ae87d2590682de652a4b1d63f824c2de252bbbdd2a347d8253c0409b,0x1278c1e48e3c9548a5d9f2b16dc27ed311b0697c
B19,23,0x360ae2b12ef7dca5aa79c289a3230a6725603ff7,1636.1,47564476,2026-06-20T01:18:19.000000Z,0x7ed5572cf901b2c65b29504b0a85c40dc313ffc9bfbd33704df95c30d0c5c6e7,0x501ef174b66883ba40f92e6fb24bfb49331d4d4c
B19,24,0x36138fcbff578b6e3a4c3939f27aa346078041a1,1636.1,47564479,2026-06-20T01:18:25.000000Z,0x5a0c4e4b3987f9f94ae4a999d6e0537dc2b43a1077b8b426d82dd93f578e2899,0x1278c1e48e3c9548a5d9f2b16dc27ed311b0697c
B19,25,0x386bf9010e7c17d877a6ed8ad2dce0a6577c2e0e,4354.93,47564482,2026-06-20T01:18:31.000000Z,0x96d576fe59e7c53bb4c3faa721f41b3b6bec2fb7df8096896a342869b03b0c51,0x501ef174b66883ba40f92e6fb24bfb49331d4d4c
B19,26,0x389d1f4f097b0df50023b157ce70c87ebf85f1c5,1948.8999999999999,47564486,2026-06-20T01:18:39.000000Z,0x04ffc22da3c40e75990763b22e21c60012ed4246850ad2e1f93e80a9cbfa5a35,0x8d47ba07ff9ccccf58c7e8810ee42c0dc8b8b123
B19,27,0x39d9e22bd6e09eb3a4369dc2db7254065b8e3134,1900.7800000000002,47564489,2026-06-20T01:18:45.000000Z,0x7b1a5752492b831965905722f16e9d3d386aa6d0ec1f01754b9f4fc2cd903102,0x1278c1e48e3c9548a5d9f2b16dc27ed311b0697c
B19,28,0x3abbdb75a6500a53c9e400402d0f52fa4e90b9ab,1997.0200000000002,47564493,2026-06-20T01:18:53.000000Z,0xcef544825cd138cb29642c404c5f65e268879208694d72c53b32a873223097cb,0x501ef174b66883ba40f92e6fb24bfb49331d4d4c
B19,29,0x3d128ff27a09319af73edd63ce1435c0729f1574,2718.83,47564495,2026-06-20T01:18:57.000000Z,0x3b0982e096c4aae831b66b2953da852c97caeb6863f43714f784ab0fe92aa3e8,0x1278c1e48e3c9548a5d9f2b16dc27ed311b0697c
B19,30,0x3e3b69e627eda69de1e383e822376bebe54aeba4,1106.77,47564498,2026-06-20T01:19:03.000000Z,0x3be7ac411cfab4e4bb1ad64f2b088343fdb335b2762c2565e7acf8f43e70ad0c,0x501ef174b66883ba40f92e6fb24bfb49331d4d4c
B19,31,0x4652eb20e2f33781939df11d334ac6629bbaa366,2237.62,47564502,2026-06-20T01:19:11.000000Z,0x03edf3f8f710ead77ff7bd7a092fce547b43e5c4c23bed7bb88b00a631e712bd,0x8d47ba07ff9ccccf58c7e8810ee42c0dc8b8b123
B19,32,0x472856cfbdcd7c61c32f3487b5508250f1f7571f,1636.1,47564506,2026-06-20T01:19:19.000000Z,0x02f451da037f6219acf1e261cd40cb49ed28fcdfb45b9448da4c8cb16194b925,0x1278c1e48e3c9548a5d9f2b16dc27ed311b0697c
B19,33,0x49be8cb6381e19d6cf632e4faa25acfef5092dd1,2502.2799999999997,47564509,2026-06-20T01:19:25.000000Z,0x7d47b303081198e3715f080498642afe374f1b8417191356788b76f34a01d013,0x8d47ba07ff9ccccf58c7e8810ee42c0dc8b8b123
B19,34,0x4d43f6f13a174018bcaaa3068d3b731eca5eb43a,1612.04,47564513,2026-06-20T01:19:33.000000Z,0x6a64b4a8deeded0006b9ea717cd315fe276bce747f27b43b6fed32d33469955b,0x501ef174b66883ba40f92e6fb24bfb49331d4d4c
B19,35,0x583ace330fc0b707700c459afa794b7fd4085b72,120.3,47564516,2026-06-20T01:19:39.000000Z,0x57ac375cc29a35c55c38f56e6506ff0e3fa4a88be7346d279c5100795e1f9ed7,0x8d47ba07ff9ccccf58c7e8810ee42c0dc8b8b123
B19,36,0x592f1e9032756c531ce270026337bda3cda36b45,4354.93,47564519,2026-06-20T01:19:45.000000Z,0x67e33bf550bde7ece235234515db048fd6efdc92b777932116f42fc169364b80,0x8d47ba07ff9ccccf58c7e8810ee42c0dc8b8b123
B19,37,0x5c0d2fc2ec047cfef41a9ad0cbf2d16a29ed1a15,1587.98,47564522,2026-06-20T01:19:51.000000Z,0xe8552216c4a6c895fe9c576abfaf8c8159859b6bbbb080674cbf3a33b21f6602,0x501ef174b66883ba40f92e6fb24bfb49331d4d4c
B19,38,0x5c1b84f97623556641a1813987f27e5c629a56ac,8637.68,47564525,2026-06-20T01:19:57.000000Z,0x67dd8d6dbc00ffaef46b373510aedeb0568dc0187c86616d62f76d8162609b68,0x8d47ba07ff9ccccf58c7e8810ee42c0dc8b8b123
B19,39,0x6586be7bbf97bc946a6df9146cdff196d87eaff3,1660.16,47564528,2026-06-20T01:20:03.000000Z,0x7faf4e4d41e6f8bce8bd41e7003ea5e85d821fdbf027e1a89a01d5a25a60bc09,0x8d47ba07ff9ccccf58c7e8810ee42c0dc8b8b123
B19,40,0x67c1937118938eb308b714efd07d650df1d7e1a6,120.3,47564531,2026-06-20T01:20:09.000000Z,0x2656e147b88b247ac83059df4a5a51ec2bcdbf620a1b61ec1d71caef64accba3,0x8d47ba07ff9ccccf58c7e8810ee42c0dc8b8b123
B19,41,0x687a1f3cbb7d6cd34633c8f38e1c15aee1b0b58b,1732.34,47564534,2026-06-20T01:20:15.000000Z,0x186e3d34d4b4f07d31c823fd9f773f26dbf0ca9d0375de06ccf1c430f962cdbb,0x8d47ba07ff9ccccf58c7e8810ee42c0dc8b8b123
B19,42,0x6bef0b6247e975025c425c7e82f094b9eb337af3,1371.44,47564536,2026-06-20T01:20:19.000000Z,0x1ccaf9f1f5d211d6f745efe418a2e2b91d752e89920482e8693de36d80b1c9b8,0x1278c1e48e3c9548a5d9f2b16dc27ed311b0697c
B19,43,0x6e6b99930a9d7c1687a0eddf00f49886e83490b4,1756.4,47564539,2026-06-20T01:20:25.000000Z,0x6c74ed01082e415ffc85c7aa3ada984eda9b254436743d950cb0484ab963a39e,0x1278c1e48e3c9548a5d9f2b16dc27ed311b0697c
B19,44,0x6eea80ff2a226ec96a4f0d68756560c239c4e824,1828.5900000000001,47564543,2026-06-20T01:20:33.000000Z,0x4cabda5eadd1d5985dee99e1ebe9f77233c02336efae9d8b1943f6d947f9165f,0x8d47ba07ff9ccccf58c7e8810ee42c0dc8b8b123
B19,45,0x70926527a899aabd1064eb9d05bc234c657ada98,2093.26,47564546,2026-06-20T01:20:39.000000Z,0x45fe8f037e850ae3a00a10f7cc101ff7ae3f4d19efdc94bfc8dc768e2c6a3305,0x8d47ba07ff9ccccf58c7e8810ee42c0dc8b8b123
B19,46,0x72470a5c178a1c149ce79732afda2122015549a7,12270.8,47564549,2026-06-20T01:20:45.000000Z,0x5294053adb2f59041f6349f5356332b3fae17ba8d02fa79a38e6fe6dc03f0e20,0x4b5c33c3c7a31bd108f5a99b64683b0056a62226
B19,47,0x72cba3870e9d33a73f82c19c75a78afe21718fa4,2189.5,47564552,2026-06-20T01:20:51.000000Z,0x4dc685faaf64e0f839b1cc3850b96f899eb7dbfbc8a26cfb4af5a6296403bdff,0x1278c1e48e3c9548a5d9f2b16dc27ed311b0697c
B19,48,0x74e6bb88f59010ef64331df23b0530789ccd17f2,6857.21,47564555,2026-06-20T01:20:57.000000Z,0xffda4bea9dc76d03477643c1eb30543403d93579951cdb89b816cae94812d298,0x1278c1e48e3c9548a5d9f2b16dc27ed311b0697c
B19,49,0x75f08e556862a44aedc2af127ab710a32bc9c049,120.3,47564558,2026-06-20T01:21:03.000000Z,0x756c2896414767a917f7d5aad67f7745013e0e99efcd7aa00d812c4bb49fdb87,0x8d47ba07ff9ccccf58c7e8810ee42c0dc8b8b123
B19,50,0x794bbb9cc90052fceaeacf0033af7ec11dfe28b8,1371.44,47564560,2026-06-20T01:21:07.000000Z,0xae60363e5bf26fb43a819d740bf624c31f40507b1386c6559808080be28063e4,0x1278c1e48e3c9548a5d9f2b16dc27ed311b0697c
B19,51,0x7a4d319257e9119024edad302a64eb1229246116,1612.04,47564563,2026-06-20T01:21:13.000000Z,0xd3680af8ea42832da39add5aaaf5c591772ae92670a9782865a6e6a48c9644c7,0x8d47ba07ff9ccccf58c7e8810ee42c0dc8b8b123
B19,52,0x7d1b98e84e6524d90e0e84a351bc0b878643424c,1395.5000000000002,47564566,2026-06-20T01:21:19.000000Z,0x79d588516c0603f3e3572fbece8a120a86299f43b9dee3b93665a00527e2812a,0x1278c1e48e3c9548a5d9f2b16dc27ed311b0697c
B19,53,0x822beec89cb8586a983c62181c5b13dd4e4d7467,9816.64,47566535,2026-06-20T02:26:57.000000Z,0x294a5b53e8594ce33002a6d189b13691a9b595fec603a488fff9b84553ec8d22,0x8d47ba07ff9ccccf58c7e8810ee42c0dc8b8b123
B19,54,0x824f103bea40b1329460b4eaf8e595eb9a21dcb0,120.3,47566539,2026-06-20T02:27:05.000000Z,0xc8ec891e11f3ae307fe0c78b0871ed17b6d9cbec08da25b7cb1dc50de4ae0deb,0x8d47ba07ff9ccccf58c7e8810ee42c0dc8b8b123
B19,55,0x8394bedeacf29c2690b1d5f67742624b3bc99ebf,2478.2200000000003,47566542,2026-06-20T02:27:11.000000Z,0xe4c455c5969c70733c8fdf51a7959ac8ba661452823d42a61b88f438abc7a17d,0x501ef174b66883ba40f92e6fb24bfb49331d4d4c
B19,56,0x85ca96d6355c32204238b9e8eb92d7bdc33625d6,120.3,47566545,2026-06-20T02:27:17.000000Z,0x9942b83c0e1e02d53bbed6a4c61b29d80ec7832ae7169f5a3bd7573d4f528dcb,0x1278c1e48e3c9548a5d9f2b16dc27ed311b0697c
B19,57,0x872ae6c6f70ef068f00ccc295cd4612fff088727,1828.5900000000001,47566549,2026-06-20T02:27:25.000000Z,0x36ce22c54c95afb5ea2314a3f98f28410f1a24bc7ab58455f2594a03ade71085,0x1278c1e48e3c9548a5d9f2b16dc27ed311b0697c
B19,58,0x8980e0bfb1e4b76b111d7434749c1a979648060a,1660.16,47566551,2026-06-20T02:27:29.000000Z,0xc0d46057ea62a1b3f33d474493f0f8dd1c62f9cb922181722fc1ab7926909185,0x1278c1e48e3c9548a5d9f2b16dc27ed311b0697c
B19,59,0x8e80f6dbef796ba566344f396f6f2ffd4a41efc9,1636.1,47566554,2026-06-20T02:27:35.000000Z,0xd1a2139b6c163f1bb5f78213fef79b1f7d8c4dcd6abffe8907932dd82e7e9902,0x4b5c33c3c7a31bd108f5a99b64683b0056a62226
B19,60,0x8f83cf560400edfcbc18fbf7fc5ea481bb8b447e,2165.44,47566558,2026-06-20T02:27:43.000000Z,0x8e02fc1b669e4b046f467cf6baa71798a3e39659acaf0b04fa021a4b963d6a5c,0x8d47ba07ff9ccccf58c7e8810ee42c0dc8b8b123
B19,61,0x92f7569bd7bd6c895e62472c6b021026f72a0eca,120.3,47566560,2026-06-20T02:27:47.000000Z,0xff42758ce62061cf17de8ad6e545924b18d67eef59689a00f90e62abe555e14c,0x8d47ba07ff9ccccf58c7e8810ee42c0dc8b8b123
B19,62,0x942eee3a1ec78cbaa4a474fcb471be47c8bd9fba,29810.82,47566564,2026-06-20T02:27:55.000000Z,0xf2e7bd43643aae7bc905e56a96abf94e0fb8861a6a318be8b7afe72f45c5eda1,0x8d47ba07ff9ccccf58c7e8810ee42c0dc8b8b123
B19,63,0x943388d88d8a844a380c66fea7d50b6e4cdd913a,1756.4099999999999,47566568,2026-06-20T02:28:03.000000Z,0x66aaabbd3bf3d5655707cef2ea9efa7243688a6133b92b71e1898e1bd3b0252f,0x1278c1e48e3c9548a5d9f2b16dc27ed311b0697c
B19,64,0x96151a2e934f5cd81ef2f2770ea366d94c2fc649,120.3,47566571,2026-06-20T02:28:09.000000Z,0x74a713bb4721bab74f6be408f1be3a7fba40f7ea1e2700dd7235bfd7671e9a6b,0x1278c1e48e3c9548a5d9f2b16dc27ed311b0697c
B19,65,0x988de5ee6c62bd07c5dd6c3bcd769c444bebc0fa,1732.34,47566574,2026-06-20T02:28:15.000000Z,0x1fe268f6dbd263e0f57d67203393e574df3139aa817732b182eb04f6cbb9dec3,0x8d47ba07ff9ccccf58c7e8810ee42c0dc8b8b123
B19,66,0x99850c2581988a8b10f4ea389b6f8b4ed0731a5a,120.3,47566577,2026-06-20T02:28:21.000000Z,0x5b978ae66023dcc51dabd2ac20bdce5531a45abfd82fddd233675b0fd5c7b6f0,0x8d47ba07ff9ccccf58c7e8810ee42c0dc8b8b123
B19,67,0x9dc1ffc3f6c47297a10619018609980349a474c7,1660.16,47566579,2026-06-20T02:28:25.000000Z,0xe345bef475fbe9c4609625b6368a87326d689d83bc528b6d28ffefac52bce194,0x4b5c33c3c7a31bd108f5a99b64683b0056a62226
B19,68,0xa1287518f26ebcd8a22036813e0db768374db47c,1660.16,47566583,2026-06-20T02:28:33.000000Z,0x84ef3b32032a1c0ce2bc62f10bf9ef7bf7cfd264cce9e04c5446a6d2d812c875,0x4b5c33c3c7a31bd108f5a99b64683b0056a62226
B19,69,0xa4399e3074f4347b03962020ba0f4c1ff2a8687b,1660.16,47566586,2026-06-20T02:28:39.000000Z,0x353ec361aedb690281a1924e8756e7a4ea6162945adb67083754764d50fac141,0x1278c1e48e3c9548a5d9f2b16dc27ed311b0697c
B19,70,0xa510ca83dc75b0e0e900c563f71d4063e7c5afaf,144.36,47566589,2026-06-20T02:28:45.000000Z,0xf31103f70a3738dd0cf701af1a54931aae4b897fdd29ac50476435166c733e26,0x8d47ba07ff9ccccf58c7e8810ee42c0dc8b8b123
B19,71,0xa5d10ba652d7831f3ae86a697e7caa52b1dd71ff,1612.04,47566592,2026-06-20T02:28:51.000000Z,0xe90ca5e991d9d7da904c06f74d2b5848ed9a1d7f8f98308fb7d2dffc70ea77a4,0x4b5c33c3c7a31bd108f5a99b64683b0056a62226
B19,72,0xa9c65c42dedb237b3906a39b8d304d7638ae8b9e,2165.44,47566595,2026-06-20T02:28:57.000000Z,0x97f7a20e2cac291c3de0b7cc67779d6e890cab4739400381cc0629e6a7fabbb8,0x4b5c33c3c7a31bd108f5a99b64683b0056a62226
B19,73,0xac23b9c011e8b3931be267b286054f0ef25917ec,2093.26,47566598,2026-06-20T02:29:03.000000Z,0xd9d4b32757f81b88c714b9345f5405e29dc041048bc1bfc86ca5e8f67052150e,0x4b5c33c3c7a31bd108f5a99b64683b0056a62226
B19,74,0xae01f965041a64f7521f1ca9d6f3cd1c48256ff5,1828.5900000000001,47566600,2026-06-20T02:29:07.000000Z,0x226803ce1fdc24f4ab0f50244c3dfe10b0b734de8b0cf6c2529aefb75cf9400f,0x501ef174b66883ba40f92e6fb24bfb49331d4d4c
B19,75,0xae136ac322189dd6ba6848862245f8be5f4e9770,1443.62,47566603,2026-06-20T02:29:13.000000Z,0xd6e29b3b2f14ce8e12c222ef2fab2f7b7b51e4b07d315c6cbaa7b9b7cd1aef96,0x4b5c33c3c7a31bd108f5a99b64683b0056a62226
B19,76,0xae978a1176b2b5d285b000ad020ebba7e65c3ac2,1997.0200000000002,47566606,2026-06-20T02:29:19.000000Z,0xf35c0e35b6e0717fba73237aabb0f1b748a361fd68c795cb53c6d79bae5e6850,0x4b5c33c3c7a31bd108f5a99b64683b0056a62226
B19,77,0xb1c7ce55cde7d27340415ea591e3e38724d508c2,1948.8999999999999,47566610,2026-06-20T02:29:27.000000Z,0x6feaf7336f1122221b6861817ce0971db10d41af6a2ba67f5f3a77c5b581ea80,0x1278c1e48e3c9548a5d9f2b16dc27ed311b0697c
B19,78,0xb5d24bebe3e3f54fe119edcc18b43128c76758a9,1636.1,47566613,2026-06-20T02:29:33.000000Z,0xfe3d6f6d47df641422cff15017ad287accfd5d3fea912378e6dd5f939cdba076,0x1278c1e48e3c9548a5d9f2b16dc27ed311b0697c
B19,79,0xba97d31aed6056f8606b53178cab101f2744921e,1612.04,47566616,2026-06-20T02:29:39.000000Z,0xdf7db0f7ab5768f571fe2ebe2aebd6bc5243f2c13539c04e524b49a6b5a5affb,0x501ef174b66883ba40f92e6fb24bfb49331d4d4c
B19,80,0xbad71f34edca208ec2aca9e5c276b93ffbf54627,3536.88,47566619,2026-06-20T02:29:45.000000Z,0xaccaa7b2ed42c4cf8db4064b216bf446d7c030f3226600b6fb523d6db46f7b43,0x1278c1e48e3c9548a5d9f2b16dc27ed311b0697c
B19,81,0xc7c204669d3061691475a5eed65f102bf77db13a,2406.0400000000004,47566623,2026-06-20T02:29:53.000000Z,0xe96ac50c69a8e0499140f10d40ef9b116afeb902f720d1882483620e161e9196,0x501ef174b66883ba40f92e6fb24bfb49331d4d4c
B19,82,0xc9497504715b80a84fa4ecee13fcab704f48f738,120.3,47566625,2026-06-20T02:29:57.000000Z,0x8296048bc99d2b82a2995af7ad144358987bb2d76bf6924e4cd8c63bcea6a2f5,0x501ef174b66883ba40f92e6fb24bfb49331d4d4c
B19,83,0xcb66cdbd74b7339653bf0420a7fe385e3facea84,2406.0400000000004,47566628,2026-06-20T02:30:03.000000Z,0xb43ab2bbf4e4c3a6f447d8143ebf9ded137883e368b18a97b4285cc3ed09fab5,0x1278c1e48e3c9548a5d9f2b16dc27ed311b0697c
B19,84,0xd422e98bca686e2e427dcd615308b16758557e1c,697.7500000000001,47566633,2026-06-20T02:30:13.000000Z,0xdd5c7a930caec5cffe3032c0cb1080e5916dc6f46a93580b07a6347bb42c9e80,0x8d47ba07ff9ccccf58c7e8810ee42c0dc8b8b123
B19,85,0xd88029e0ae2b4faf96f0475d4114ac25e2abe1f7,4162.45,47566636,2026-06-20T02:30:19.000000Z,0xf47d85bdaf468fa94788c2283f3cbd0e0faeebde2de8f2379f100516758e0d27,0x4b5c33c3c7a31bd108f5a99b64683b0056a62226
B19,86,0xdb2e7b7c85ec61f764b4742800d37fedbd98ac4f,120.3,47566639,2026-06-20T02:30:25.000000Z,0x620ddf8567e2c2db71ec51c1a5d4e17278c9587624641379ba7bd4528c8387d8,0x4b5c33c3c7a31bd108f5a99b64683b0056a62226
B19,87,0xde053204ac93cb44c0a6e78f296c6fe76de35ff2,1852.6499999999999,47566643,2026-06-20T02:30:33.000000Z,0xb31eab9335df376e5003477b24bfe0e940771dfebe942d85581abf156866ec6a,0x1278c1e48e3c9548a5d9f2b16dc27ed311b0697c
B19,88,0xdf978cf7ebc9acf08cb75b123d7f201498097960,3224.1,47566645,2026-06-20T02:30:37.000000Z,0xed8e59f8d26ce339ecad01e951e4b7511bb4c93f151a8da89187bd01ef234367,0x4b5c33c3c7a31bd108f5a99b64683b0056a62226
B19,89,0xe73a97a26bc391cf099148f929b08a04f1288a5b,1732.34,47566648,2026-06-20T02:30:43.000000Z,0x41d852b306067dfb839aa099210f082c3b4ff796d90f1b19d3c0a944462c0614,0x8d47ba07ff9ccccf58c7e8810ee42c0dc8b8b123
B19,90,0xe73c015964c7547471e1f6724f836e863ee81a7b,120.3,47566652,2026-06-20T02:30:51.000000Z,0xcb80be2d103752d61e126798b2e64b2a2d91becc9afcedb499d3101856dbd3df,0x4b5c33c3c7a31bd108f5a99b64683b0056a62226
B19,91,0xe7ac2f310d068e80e119f89ffacb0838285d4e46,120.3,47566655,2026-06-20T02:30:57.000000Z,0x96bdec95473465fe2d544358a50ffc3bdb60acca43664dce96342e460436fddb,0x8d47ba07ff9ccccf58c7e8810ee42c0dc8b8b123
B19,92,0xe83d616dc13f36f5a4b270fca743e0743da118a6,1684.22,47566658,2026-06-20T02:31:03.000000Z,0x7be2a920f28b4ba1909d095ceb4f25224504b971b2fe54d362e3401cb74ce90f,0x4b5c33c3c7a31bd108f5a99b64683b0056a62226
B19,93,0xea3c7267e7ff12f96b991197d20c2e23a0fb5a95,9479.789999999999,47566661,2026-06-20T02:31:09.000000Z,0x0f04c5168c1ef4d06bfe3793aaadae2bc552892acedfe18f7ce4e6cacadb2996,0x4b5c33c3c7a31bd108f5a99b64683b0056a62226
B19,94,0xf249bcc1556aec4d95a28c400704bd030058c1ad,144.36,47566663,2026-06-20T02:31:13.000000Z,0xb4654372d949170264ca774bdc6609272262f2900b458a209bd843c9cdaed962,0x501ef174b66883ba40f92e6fb24bfb49331d4d4c
B19,95,0xf2d86db0151251d74036ed29cc2b5efe76d5791f,1948.8999999999999,47566666,2026-06-20T02:31:19.000000Z,0x80ebe0c830452f0c10d03b5e805e7e86d2b235dec6ec9b4f3c91a7459b4d8849,0x8d47ba07ff9ccccf58c7e8810ee42c0dc8b8b123
B19,96,0xf453d2d88919592a1b2ae3fb2f9a5e526962c316,120.3,47566669,2026-06-20T02:31:25.000000Z,0x0cf683012c5c2d92aaae3bda5b8f148e54e1e83848152fc4138a083378922182,0x1278c1e48e3c9548a5d9f2b16dc27ed311b0697c
B19,97,0xf663a3c62cc73f4cab61b986b000380f7fdad2c7,938.35,47566673,2026-06-20T02:31:33.000000Z,0xb26e27577c27dbfee88f8270964d0b22ef4b49e068dd16c51225755667044a9e,0x1278c1e48e3c9548a5d9f2b16dc27ed311b0697c
B19,98,0xfb35ed0f8331f248e888cc247f3d00c799d07e30,120.3,47566676,2026-06-20T02:31:39.000000Z,0x483f549ada2525f0fdc167fd889415df9eea2c4cc763facb9096a26a1c03f579,0x4b5c33c3c7a31bd108f5a99b64683b0056a62226
B19,99,0xffacea386b7c5c4028d7054a33e61876bba6018f,1997.0200000000002,47566679,2026-06-20T02:31:45.000000Z,0x2943d1f9b8c9a3ed654f76ee0f3bd249d159114c9920e176ce338bce5e316fec,0x1278c1e48e3c9548a5d9f2b16dc27ed311b0697c
B19,100,0xffe11fe482f6d045b18b445e23b6d8630eb9dae4,1876.71,47566682,2026-06-20T02:31:51.000000Z,0x713d8233e6dd773841a05b9aa0b8dd7bc2390c5481527bea643e813735c1e88e,0x4b5c33c3c7a31bd108f5a99b64683b0056a62226
B20,1,0x00b9401cbaf9dd7324923e6e6ae979b45dd8f825,240.76,47568208,2026-06-20T03:22:43.000000Z,0xf6b0f61c70c1eeb42416346fe876d624d579d7e7baae82ab21549229a0bb9f01,0x1278c1e48e3c9548a5d9f2b16dc27ed311b0697c
B20,2,0x0a7d9e63478a4f0aefa4e89b50d2860da3f945c1,288.92,47568211,2026-06-20T03:22:49.000000Z,0xa06a73f1a7915a4db99ec6b7d981f4d0c4a64fc3c75dd39bfdf6085fdb5d46d3,0x501ef174b66883ba40f92e6fb24bfb49331d4d4c
B20,3,0x0e9210f2e6669b47be115006539c1672a856858c,144.46,47568215,2026-06-20T03:22:57.000000Z,0x0822408cf867137b719ad9cf84ef5cc3655cd000b8ecb4de93dfdc519ea86159,0x4b5c33c3c7a31bd108f5a99b64683b0056a62226
B20,4,0x0f6c6925df15225f90ea660f20405a745d6498a4,144.46,47568294,2026-06-20T03:25:35.000000Z,0xad4332c1d39303d8216c9344e31457bb6bc9b9198faa725b379b91a56c38db95,0x501ef174b66883ba40f92e6fb24bfb49331d4d4c
B20,5,0x12bc204a6473570e39f26158ff9a55fee15d0930,2552.1400000000003,47568297,2026-06-20T03:25:41.000000Z,0x7a326274f347c4f0ac973e1ccc6e3649fe12d8061c29e5ffa344ddd53fca752c,0x8d47ba07ff9ccccf58c7e8810ee42c0dc8b8b123
B20,6,0x130a39ea031c523738d1347b0f52de19738dd3b8,144.46,47568300,2026-06-20T03:25:47.000000Z,0x0333b1bcd3f708d89c12b9cb31a79fe5a0b2136e1ef836a2e2f6b87e2e4c59a6,0x4b5c33c3c7a31bd108f5a99b64683b0056a62226
B20,7,0x1326b742d467349d20c3479d2067c2e976605282,1805.75,47568303,2026-06-20T03:25:53.000000Z,0xb3175917a5245071c64c848f755c8e82bb3ccbb8984b270b0e8b77cc45ec3f5c,0x8d47ba07ff9ccccf58c7e8810ee42c0dc8b8b123
B20,8,0x1543506c39c97b90e6b90cce5f9156b8a9c564c7,1829.8300000000002,47568306,2026-06-20T03:25:59.000000Z,0x8f5a9cb07f72e9ea192582c1bdd6f707dac31ac76419e30e8acad0eeff733624,0x501ef174b66883ba40f92e6fb24bfb49331d4d4c
B20,9,0x16718060b48a88f38d7cec2b492fc8b6e96eb67f,9727.01,47568309,2026-06-20T03:26:05.000000Z,0xb8f9804c5aa424c9667ba4edfa41bfdf1110c6ab984504609bfd8294ac588d17,0x8d47ba07ff9ccccf58c7e8810ee42c0dc8b8b123
B20,10,0x167f2d157db4d591b7fcba74e60eee05217bdd7b,1950.21,47568312,2026-06-20T03:26:11.000000Z,0xa67b7ec05ee2a8170bc4449ba5f043bfe03ce0355ec7b9c6d79e30b9583db00f,0x8d47ba07ff9ccccf58c7e8810ee42c0dc8b8b123
B20,11,0x16f2ad4c793d9cb6165d45752dec5c2ff9020add,2792.91,47568315,2026-06-20T03:26:17.000000Z,0x85161d607f04a421c950ccb4a670888b0d9907bd292ce6a9687e2b2ff6937615,0x4b5c33c3c7a31bd108f5a99b64683b0056a62226
B20,12,0x187543d5d14a9ede51714e25a8665412b8ceb724,3635.59,47568322,2026-06-20T03:26:31.000000Z,0xb976a1d5d37a91a26c7e03acfbe1af809357592d4ca4167c2878f2de3ed9f353,0x501ef174b66883ba40f92e6fb24bfb49331d4d4c
B20,13,0x1d177c2e842d0fcdabac85c34e4d7ab6f07827a9,2383.6,47568337,2026-06-20T03:27:01.000000Z,0x87ce307ea38d2bde1b460f45cba1a5f798a0747e8a48e28a98f19cb04338f33a,0x8d47ba07ff9ccccf58c7e8810ee42c0dc8b8b123
B20,14,0x22ce5ef58bc5721bfbc555cb50a625afc139f5e1,1877.98,47568339,2026-06-20T03:27:05.000000Z,0x364603a3dc575c550b9f5d68227f15ec09ce3036ddf4207d38e07b0970919ceb,0x8d47ba07ff9ccccf58c7e8810ee42c0dc8b8b123
B20,15,0x2a1320d7852e8a60e151082166eda4a7aede9289,144.46,47568342,2026-06-20T03:27:11.000000Z,0x785ff551599cb8ef22b16aa77977e143b239fa7d1eca1bcbd30bcf55005cb57b,0x1278c1e48e3c9548a5d9f2b16dc27ed311b0697c
B20,16,0x2d960931e5047b2c0ba7fa535321ff7a91d2f63f,2142.83,47572960,2026-06-20T06:01:07.000000Z,0xc61ea6430820d2e42e0c7da030322e7fa6dac6d4e226d7e8d735612ea56f0767,0x501ef174b66883ba40f92e6fb24bfb49331d4d4c
B20,17,0x2f7daa00282b083e66e50c045ddd956956f0bb5e,2792.91,47572963,2026-06-20T06:01:13.000000Z,0x079d48f73a30d1e7baba4d82845e2ec343cfdbb39289c2b5587e81e08aa98c40,0x1278c1e48e3c9548a5d9f2b16dc27ed311b0697c
B20,18,0x304d1e29e39f7d63f4a12ad5397ac3366625b61b,144.46,47572966,2026-06-20T06:01:19.000000Z,0x16b718d10bae6e72fc8bfc9e59e6486feb94f11fbf2ceba603e3a87e3f0e8562,0x1278c1e48e3c9548a5d9f2b16dc27ed311b0697c
B20,19,0x3126cc0a8a04c46e6d0f8fa1dde235637c77af25,1613.1399999999999,47572969,2026-06-20T06:01:25.000000Z,0x6dd6d1a9ee84fc8fdc7c9c0e20489f62490c57d211823f2b671b8e1355934312,0x501ef174b66883ba40f92e6fb24bfb49331d4d4c
B20,20,0x33622ae71968c24777a7e98626cf8ad135618d6c,2431.76,47572973,2026-06-20T06:01:33.000000Z,0xed2d226ef5db4197de59915c1510bd6ab166d6b50b33840c0ae7c4f689da16d5,0x1278c1e48e3c9548a5d9f2b16dc27ed311b0697c
B20,21,0x35f2a0deecb6f9721ad244f0bc9cd25bcebb1328,144.46,47572975,2026-06-20T06:01:37.000000Z,0xd490517c41bfe024a64ba2d8efb1cef2aacf12e9d5239c0136fb333b6a1187b2,0x4b5c33c3c7a31bd108f5a99b64683b0056a62226
B20,22,0x365f7140c0516feb607a078b0c05ed8b97338d96,1805.75,47573027,2026-06-20T06:03:21.000000Z,0xa55959b466f59c2c34e9277b2e402425ee0beb58b51e84c914e2bcbdba6962c3,0x501ef174b66883ba40f92e6fb24bfb49331d4d4c
B20,23,0x4004350eef3218e657117e78e052090dc2279488,2070.6,47573030,2026-06-20T06:03:27.000000Z,0x2cc1c9169a6729e8d9f93d49bb60020ad6e5e88b0ebec76446c1979734b8c411,0x1278c1e48e3c9548a5d9f2b16dc27ed311b0697c
B20,24,0x41a5400076fa66ee199d9d06a2362a27049fa6c3,8547.25,47573033,2026-06-20T06:03:33.000000Z,0x18a69e81f599f562d7d3dba86c74f852f49e99915ed936c4ecd2220b03f18a5c,0x1278c1e48e3c9548a5d9f2b16dc27ed311b0697c
B20,25,0x41b8591c697cb6761504786a5ad0399717342ace,3322.6,47573036,2026-06-20T06:03:39.000000Z,0x4db9454d72252b7a0994e2aac859ee0f06257ff5a13a9669d78073a86399abdc,0x1278c1e48e3c9548a5d9f2b16dc27ed311b0697c
B20,26,0x477c66560c6a58a29a5ac250723ddd822826c8bb,1805.75,47573039,2026-06-20T06:03:45.000000Z,0x5525c5498d5e3684f6d640542ef5c735c9f1991c2817c3d9e2b9c48b95e628be,0x4b5c33c3c7a31bd108f5a99b64683b0056a62226
B20,27,0x486bd6be6249846a277629033fce975d2ca09751,3924.5099999999998,47573043,2026-06-20T06:03:53.000000Z,0x55d4c5fee10f1a99c80bc03465702bb8a27f28914ba183f1cc9e397babd9e675,0x501ef174b66883ba40f92e6fb24bfb49331d4d4c
B20,28,0x49d13a08c210ad58ae902cd67e52b9820b9b9d05,2431.76,47573045,2026-06-20T06:03:57.000000Z,0x9c11cc4009362c766eaf3a705af7522014dd7390c1f010b7e2eda94223a96c53,0x1278c1e48e3c9548a5d9f2b16dc27ed311b0697c
B20,29,0x51f6f84be6fced7f2784e60ebe945b7a66e4fd2d,144.46,47573048,2026-06-20T06:04:03.000000Z,0x1fc46f765e5f113af8cf2169bd2f1dd66b0cbf4a1093e69c26b7d0640f9bccbd,0x1278c1e48e3c9548a5d9f2b16dc27ed311b0697c
B20,30,0x52225b0ee4dfcb50d5b78fac46a91f72c4d296e7,4285.67,47573051,2026-06-20T06:04:09.000000Z,0x342845ba7d792f19831b0d40c3b99ad8d4b0521dd4efe997a8865d9a8dd9b399,0x4b5c33c3c7a31bd108f5a99b64683b0056a62226
B20,31,0x549fc730615dd59f079084e1d3b21970e8cf341b,2407.68,47573053,2026-06-20T06:04:13.000000Z,0x1e9d8ef1eeefb4c9cc6f04294ce74e3a0dc1ea88da85845b7580c5acd7e504ce,0x4b5c33c3c7a31bd108f5a99b64683b0056a62226
B20,32,0x5b44414e46890eb2e023066c53a782f4c49eff3f,3370.75,47573056,2026-06-20T06:04:19.000000Z,0x9530cd3807740fde194327eb2482dddbfc49fe644367ded152a5d2c5f0a4838d,0x4b5c33c3c7a31bd108f5a99b64683b0056a62226
B20,33,0x5b48ead62f49eefc49afbb227448936e3ae81299,1853.9,47573059,2026-06-20T06:04:25.000000Z,0x0683b2fdf43a29368c0be04cde8609747ef02637fae03187c2b090a9bbdac9d8,0x4b5c33c3c7a31bd108f5a99b64683b0056a62226
B20,34,0x5ba4e6532742dfd19513c0ed973f666bd98c884e,2070.6,47573062,2026-06-20T06:04:31.000000Z,0x86c55cc801bf158b154e2f28a8194a9a0e38a9dff41b50a395b9cce2b38e035a,0x4b5c33c3c7a31bd108f5a99b64683b0056a62226
B20,35,0x5c743760c17fee14590313e8f41bbbf13b90c416,144.46,47573066,2026-06-20T06:04:39.000000Z,0x79351116b973123d926700fcd636826e117337aa55fc99c6b3b0a13f3beaaf3c,0x501ef174b66883ba40f92e6fb24bfb49331d4d4c
B20,36,0x5caee9607ea92b4cdaa7061970e42d362a6b8b12,6837.8,47573069,2026-06-20T06:04:45.000000Z,0x27d6bc23df72ce65a1935a54206f7b4b4178307db7f335b0556a480966b92f5b,0x1278c1e48e3c9548a5d9f2b16dc27ed311b0697c
B20,37,0x5e98a6576c0e3b84be62e9b28e646043785943df,7897.179999999999,47573073,2026-06-20T06:04:53.000000Z,0x96c336d546c51358e21abad63750657f195bb984a7e824bedcc2f0f313696e79,0x8d47ba07ff9ccccf58c7e8810ee42c0dc8b8b123
B20,38,0x63eaf06540a444010ee84a06197cebd19e2ee66b,2070.6,47573076,2026-06-20T06:04:59.000000Z,0xbe856ccb2da1d5a434643bb8e2579c8655430415195d421771b0e122cf9f168d,0x1278c1e48e3c9548a5d9f2b16dc27ed311b0697c
B20,39,0x652ac9d132218fa8f2254da36b99b6252da0a123,240.76,47573079,2026-06-20T06:05:05.000000Z,0x3e0d6a58dc14a70d84828d58317ad59f812d73a5b2b62c8e8a869765afdcc386,0x4b5c33c3c7a31bd108f5a99b64683b0056a62226
B20,40,0x67e00f4dfb9994705ab8aa78ac662d794befc6c5,1805.75,47573082,2026-06-20T06:05:11.000000Z,0xb75fdb3d789cbff5c73bf6096e3d04bfc1962d318eb4fca43e54581d78886962,0x501ef174b66883ba40f92e6fb24bfb49331d4d4c
B20,41,0x67e57b523324a8153205d4b6c7b1783fbf9b4c20,2383.6,47573085,2026-06-20T06:05:17.000000Z,0x4abc8534d6f2c9283d0347b0956c4cfc9e7d7c1d3e69930c7d25c2fbe563cbbe,0x8d47ba07ff9ccccf58c7e8810ee42c0dc8b8b123
B20,42,0x71c5551fa403e7da0a54340755ed5ae3a20fc963,144.46,47573088,2026-06-20T06:05:23.000000Z,0xdbaefab997525364396a6382a1755cf68da56e9f0989948fc9675314ff9ae9c9,0x1278c1e48e3c9548a5d9f2b16dc27ed311b0697c
B20,43,0x737d6f303e609beda32920e277fda5cb271476d3,5104.27,47573091,2026-06-20T06:05:29.000000Z,0x2e8315a0a0bd7f648c9e35ee018e50ea7492bdd8c2e51a6257aefe8ade247254,0x1278c1e48e3c9548a5d9f2b16dc27ed311b0697c
B20,44,0x748d80a3ff95724cc1dbc4b62202fc45eadd46a3,2142.83,47573094,2026-06-20T06:05:35.000000Z,0x19fda657ce6a02b1040749e195049b7483a206cd262d56995c8225155897e1f4,0x501ef174b66883ba40f92e6fb24bfb49331d4d4c
B20,45,0x754a07f1b07b54274edfea1438ac084c3acb0dd6,6958.18,47573097,2026-06-20T06:05:41.000000Z,0x42f22666ad79d1aad2c5ae2204c8df664cd912e93ec30749fef7d1258f60964e,0x8d47ba07ff9ccccf58c7e8810ee42c0dc8b8b123
B20,46,0x77384fc4628833e75fe427c09286036c06180d37,1829.8300000000002,47573100,2026-06-20T06:05:47.000000Z,0xdee96a12c124776f119df964f76a77e8ed4126d26c8ccde116b50e1068956941,0x1278c1e48e3c9548a5d9f2b16dc27ed311b0697c
B20,47,0x7891777dc6d99efa0afdda493e42f8de78ef34e3,144.46,47573103,2026-06-20T06:05:53.000000Z,0x3d8148b3de2b6f7c295ff8bab3204d2214368fd9facadf262781241f6eb8951e,0x501ef174b66883ba40f92e6fb24bfb49331d4d4c
B20,48,0x7be3a1c4e142497c6dbb4c40e681345059a54827,1564.9799999999998,47573107,2026-06-20T06:06:01.000000Z,0xa0f4a5138635c3a82b09ff3a6ee970fd6edd8c52a8d337280c714c529b096408,0x8d47ba07ff9ccccf58c7e8810ee42c0dc8b8b123
B20,49,0x7c348751a6ec7e69a5bd0aa275a87bcd8f1d4a5b,144.46,47573109,2026-06-20T06:06:05.000000Z,0x59e21037f2d3e85d258d2a49d57bbc30fbd9b6e225054248ab691cf86885d203,0x4b5c33c3c7a31bd108f5a99b64683b0056a62226
B20,50,0x84caafe497ae18277df6b8fae31faac6a34e896d,1564.9799999999998,47573112,2026-06-20T06:06:11.000000Z,0x8ae83415ba20db588d59594afc266320a80ccf6f42660210b1a0fcd8ecb29c29,0x501ef174b66883ba40f92e6fb24bfb49331d4d4c
B20,51,0x85c6a3cb4987faaaf43ac28f9bd4668391eeceb3,2094.67,47573115,2026-06-20T06:06:17.000000Z,0x8d6836b03f54a020fee7360cb8e3a986b3922bf16b255a8031882afc9f590f6e,0x4b5c33c3c7a31bd108f5a99b64683b0056a62226
B20,52,0x8661f4d83657b161e060ab50f8ec4fa663a1c282,1829.8300000000002,47573117,2026-06-20T06:06:21.000000Z,0x9a4c8eeb1275686d0efbf69786caeb917bf8e5e58d3eacaf55558a05d095432b,0x1278c1e48e3c9548a5d9f2b16dc27ed311b0697c
B20,53,0x88eedcdadb8d82d6324a0b948e6ec94b7eeabc05,3491.13,47573120,2026-06-20T06:06:27.000000Z,0x0f4083b0a7b6d698a77d30c0e077a72c99a5143c8fde2a62a48eed0a4ec022a2,0x8d47ba07ff9ccccf58c7e8810ee42c0dc8b8b123
B20,54,0x8990c84acdeb020b189594564a021b944e0e6882,4911.66,47573123,2026-06-20T06:06:33.000000Z,0x9c00b7e2884df4bbad31bdaaaeacdfa7cc9e878108760f70cdd4418884d8d8a7,0x1278c1e48e3c9548a5d9f2b16dc27ed311b0697c
B20,55,0x8ad94ad4e4f32233124a5384eac2b1d9f5014ca1,1950.21,47573126,2026-06-20T06:06:39.000000Z,0xc3cf48bce4368a74bcd1465fea4e35abb72e835abe22b5ea3e29bccfdd992658,0x501ef174b66883ba40f92e6fb24bfb49331d4d4c
B20,56,0x8f673c00e5b72a9083d2952f813ec830f8b202fa,144.46,47573129,2026-06-20T06:06:45.000000Z,0xbf382429bb51898677635c33997807f4cc931dd1ea1754a5b143a53614f11c4d,0x1278c1e48e3c9548a5d9f2b16dc27ed311b0697c
B20,57,0x9098a9327c17d41f7b7bf49a6351c436afffd016,1564.9799999999998,47573132,2026-06-20T06:06:51.000000Z,0x57e3afd4723074671c42b3a529f631f7eba75beb85e364213add9741379507ad,0x4b5c33c3c7a31bd108f5a99b64683b0056a62226
B20,58,0x912ec8b0672756677b756ddfe4c1851728a6ad6c,1564.9799999999998,47573135,2026-06-20T06:06:57.000000Z,0xaf8ff0c711974192b8c0a310ade4a41bcdf89070780842f9a4c60cddca841b3c,0x8d47ba07ff9ccccf58c7e8810ee42c0dc8b8b123
B20,59,0x943d5c47d9f8b3ca11308e0a3e174d6c87ee13ad,1853.9,47573138,2026-06-20T06:07:03.000000Z,0xdd611cb97a7df217a610377ad81c9e06a289dc2758d5cbe62960ff17194007ef,0x1278c1e48e3c9548a5d9f2b16dc27ed311b0697c
B20,60,0x95fbeffdb6e440e2dc69ea6442d9181d0bcf7491,2359.5299999999997,47573141,2026-06-20T06:07:09.000000Z,0xde0c89f59ab3ec910c6d4ae9766305646a45c9a22490276ea1f13b00e42e9d70,0x4b5c33c3c7a31bd108f5a99b64683b0056a62226
B20,61,0x976f3c1862c3837c571f84cf67382d3564b0c1e2,2841.06,47573144,2026-06-20T06:07:15.000000Z,0xb8e66f71b6ff976d2c0c28d0e36d6ae3cb07a913344e65b0f0a92dec253e41ac,0x1278c1e48e3c9548a5d9f2b16dc27ed311b0697c
B20,62,0x98577eda8c9cc11196d5625dec0a98acf14a98a1,3491.13,47573148,2026-06-20T06:07:23.000000Z,0x0e8f8bf59bd7fef2151838df89b4d2321fff0f894bf5e10c77f70b08fdbbc5dd,0x501ef174b66883ba40f92e6fb24bfb49331d4d4c
B20,63,0xa035f8b9e7829b26916ac5db58d67af7e8ce98a7,1853.9,47573151,2026-06-20T06:07:29.000000Z,0x4e5f30b3d74b0085ced2e82a17f93bc2bfdc015b9c02e9d25b12351e869c9887,0x8d47ba07ff9ccccf58c7e8810ee42c0dc8b8b123
B20,64,0xa1a788537418f33aa4de8dfdfebf29006119d55b,2166.91,47573154,2026-06-20T06:07:35.000000Z,0xbeaab76964a18110cd7c6e35bf28a90ce6754648d39c1faa2b31f4adebdb2b21,0x4b5c33c3c7a31bd108f5a99b64683b0056a62226
B20,65,0xa4861d98877a7a7569c72de889501a67e459111e,144.46,47573157,2026-06-20T06:07:41.000000Z,0xf30474ddab37b9b368aae082af6a514e8ec8d009e80816972eb9b131f5abc9ea,0x1278c1e48e3c9548a5d9f2b16dc27ed311b0697c
B20,66,0xa4bf1ef36f5b52934fb1ace86f37d566229fef09,2215.07,47573160,2026-06-20T06:07:47.000000Z,0x95bf5d0a77c99d34c976aae63551a99e68843d2e44cd4174d48ce51896fba937,0x1278c1e48e3c9548a5d9f2b16dc27ed311b0697c
B20,67,0xa8074ca1804f063baa08606cf7b10f8c9b346f22,2287.2999999999997,47573163,2026-06-20T06:07:53.000000Z,0x39367b563bca3dc6304862af997d9dd991b9071d166ff7f790e6fff4a4a89c10,0x8d47ba07ff9ccccf58c7e8810ee42c0dc8b8b123
B20,68,0xa85853bf5a060c160476c32d5b626b3b27e664f1,144.46,47573166,2026-06-20T06:07:59.000000Z,0xc44c390ecf587bdd38649d7cfb00e3cd9da400cd352fc6d763c605af5fae3d35,0x4b5c33c3c7a31bd108f5a99b64683b0056a62226
B20,69,0xb37863f515b0fe308ced0fd866c995bc85472386,144.46,47573169,2026-06-20T06:08:05.000000Z,0x89f3fd6bded2aad9af445d86b4c726f307deeb8e030d3b687ba88d32af29698e,0x1278c1e48e3c9548a5d9f2b16dc27ed311b0697c
B20,70,0xb43c154510c62ea7c14b1e1442878bd15555439f,5296.89,47573172,2026-06-20T06:08:11.000000Z,0x0d6af762b1b61bf8721340db23b46729a9e7e13793bf00c523292fdb68c39a5d,0x501ef174b66883ba40f92e6fb24bfb49331d4d4c
B20,71,0xb6d5da959fe688d38a2ff5fecc4338202b2685fb,144.46,47573175,2026-06-20T06:08:17.000000Z,0xdf37fa8dd69965de3ca8585896380456df919cbff8d8a69233a475d9b36754dc,0x1278c1e48e3c9548a5d9f2b16dc27ed311b0697c
B20,72,0xb7a5984cbd63d86bd77d9b2ad75828e29422bfb3,1035.3,47573178,2026-06-20T06:08:23.000000Z,0x9dec60a585026485a82914ff2472168a2c59cf48240a8de9b31819295e754d68,0x1278c1e48e3c9548a5d9f2b16dc27ed311b0697c
B20,73,0xb7e5062ea76f70337cc400851118a9fcf9b8ab93,2070.6,47573181,2026-06-20T06:08:29.000000Z,0x6f6b7e9abd6aa764ce66539ae62cb8748bb3ef334ef2533ea272044758a3cecf,0x501ef174b66883ba40f92e6fb24bfb49331d4d4c
B20,74,0xb958489c94bccbbd51005bbbfa8b7883b6a1abaf,7897.179999999999,47573184,2026-06-20T06:08:35.000000Z,0x220d2af2ebcac74ffd9317992ced9df68abef61a08050e89affca509047eea68,0x501ef174b66883ba40f92e6fb24bfb49331d4d4c
B20,75,0xbb0156c40e1b780880d9a9a5e9b613267e5d67aa,1805.75,47573187,2026-06-20T06:08:41.000000Z,0xadf462d202df90b91475b3d9ffa86868b4d2b3e1c190a1d28b536f082ebecce3,0x501ef174b66883ba40f92e6fb24bfb49331d4d4c
B20,76,0xbebf739aa2f65d8735476743510ad5321a4f88cb,1829.8300000000002,47573191,2026-06-20T06:08:49.000000Z,0x4ab8559e34d277a208ab49083df0881fe4af36ba86e89eef4e9ddd1d587b9250,0x1278c1e48e3c9548a5d9f2b16dc27ed311b0697c
B20,77,0xc08faaa4b6cb78e3f10fa4aee3f83dc421cb0bf8,1829.8300000000002,47573194,2026-06-20T06:08:55.000000Z,0xf778921b158a4ea21fb478773b5a93e932cdf444ac9813dcdb27aa348f0440b7,0x1278c1e48e3c9548a5d9f2b16dc27ed311b0697c
B20,78,0xc2d5d93035a4afea7e0e49fd0ddea5ae9908dfcf,168.53,47573199,2026-06-20T06:09:05.000000Z,0xef3ede41cdc4dbec6e2604ae65050ca5b04317feed14e81900b7f6c1df3db6e7,0x8d47ba07ff9ccccf58c7e8810ee42c0dc8b8b123
B20,79,0xc836aca5cb4c7222a470a7631bbb710fd17d16ab,3731.9,47573202,2026-06-20T06:09:11.000000Z,0xf82bcb95e44d52239c6750c3f1027cb5698cae6387e2f46981c43fd7cc1cf66d,0x8d47ba07ff9ccccf58c7e8810ee42c0dc8b8b123
B20,80,0xc90cc8e0d38a48a25596893ce7a866e9d70ff1a7,10690.079999999998,47573206,2026-06-20T06:09:19.000000Z,0x28356546916f28e6a43fd06c3af5a4f071bfed5c28fd8d37502437151408c1d6,0x4b5c33c3c7a31bd108f5a99b64683b0056a62226
B20,81,0xcb3b21dc9a8f204b89f734fc3052baf06ed6a704,1564.9799999999998,47573209,2026-06-20T06:09:25.000000Z,0xfd4994865c291f50d1f1ab2a12aeae8156e976d2079b1c7a53db8c3ab5b18320,0x4b5c33c3c7a31bd108f5a99b64683b0056a62226
B20,82,0xd41cd61ccf451deb5cc1d0152b373e006fe43348,2792.91,47573212,2026-06-20T06:09:31.000000Z,0x3b65fe5ac7db8366bf8a40b19d64fe04e0a0d42563ef3cdab6192eac096ea5e2,0x1278c1e48e3c9548a5d9f2b16dc27ed311b0697c
B20,83,0xd778bc7c45a16b267082a7bff22e740b4e337674,1853.9,47573215,2026-06-20T06:09:37.000000Z,0xc973c5f3290bb2b4c7d8e01d94ceff53ab74ee7ea31893f5d9c2fae6d58ba08f,0x1278c1e48e3c9548a5d9f2b16dc27ed311b0697c
B20,84,0xd7be6354857df5a1b65b5be16f0ff29497413dde,2215.07,47573218,2026-06-20T06:09:43.000000Z,0xfb5120e124fb9be2e003cdc1b7f736edda64b81e11691d76adb6af5d7395171c,0x8d47ba07ff9ccccf58c7e8810ee42c0dc8b8b123
B20,85,0xdac38a5dd100409703b9502192929b3fe6b29f73,2816.98,47573222,2026-06-20T06:09:51.000000Z,0x0c331bc1534c96d15834a09cda68e84b269527d909b4ca0f21827bbad747fa8e,0x501ef174b66883ba40f92e6fb24bfb49331d4d4c
B20,86,0xdca47ec26c929015772dc6ef376da82a4104ec79,1637.21,47573225,2026-06-20T06:09:57.000000Z,0x2d4071c1728073b60819ed49f479803fb4f6d65b0b4dc9bdc954c5fdd81a1a5e,0x4b5c33c3c7a31bd108f5a99b64683b0056a62226
B20,87,0xddbc93a743e5d3f49ec0c08402df460c19ff578c,1564.9799999999998,47573228,2026-06-20T06:10:03.000000Z,0xdb0ba5b371eb74cd29fc06209ae71a3dbe501ae865174156ae6a32bcde5a5d7b,0x4b5c33c3c7a31bd108f5a99b64683b0056a62226
B20,88,0xe5319dbe0d15e5c249d74223041c185969735938,2672.5199999999995,47573231,2026-06-20T06:10:09.000000Z,0x866036754d7a62e3d7a0a5dcc12a2ab1e09231e2c8d7a064220edaa0fb1a45e2,0x501ef174b66883ba40f92e6fb24bfb49331d4d4c
B20,89,0xe623bc2d592b14ea1e7240286f0b302a59d8eaa1,1877.98,47573234,2026-06-20T06:10:15.000000Z,0xc6af6bdb2c75f997eb75552f69b86b16a821c30a4396922ec38b086d1d760a7f,0x4b5c33c3c7a31bd108f5a99b64683b0056a62226
B20,90,0xe68cdac99df36bfc82c8541994a45db7e637efdf,144.46,47573237,2026-06-20T06:10:21.000000Z,0x6d8daacf177a6a3296a7fa466ff9151624cfb8069787f5d9852aecec04d6891a,0x4b5c33c3c7a31bd108f5a99b64683b0056a62226
B20,91,0xe8a4b28b64f5d5d61846e5d364b6da62b828f957,1805.75,47573240,2026-06-20T06:10:27.000000Z,0xcdfc00a9d9be7ddec737eaf99a9c1ae8837cbf2b894855fdb77e65d565fa1f77,0x1278c1e48e3c9548a5d9f2b16dc27ed311b0697c
B20,92,0xe94eca5e3767a5597c3cf3e12465412c201a65f6,11075.31,47573243,2026-06-20T06:10:33.000000Z,0x3972497558bd96e7a271b8cd42136dfcde1657da490f6083e690350c2e64b23a,0x8d47ba07ff9ccccf58c7e8810ee42c0dc8b8b123
B20,93,0xf13cc3a940be3cbe69f6c1c1989ca4e641af2c5d,794.53,47573246,2026-06-20T06:10:39.000000Z,0x5f1294b162eb1781c7dd76e60d0fcd92236a480cfa1ffe07b0c5fa6a5ca5b96c,0x8d47ba07ff9ccccf58c7e8810ee42c0dc8b8b123
B20,94,0xf4444517cc665dd0eab89a2781f8b837a040f55d,3105.91,47573249,2026-06-20T06:10:45.000000Z,0x8cc44db34a9639087f00fb9f7b18f0d9c1267971d1484e460f727216f7d7d3aa,0x8d47ba07ff9ccccf58c7e8810ee42c0dc8b8b123
B20,95,0xf4de1134881cc511c4ec62e522abf1ab0020ad4f,144.46,47573252,2026-06-20T06:10:51.000000Z,0x2c77ae1fddf6478516804920b0c9a0944c7a58e611aeb19d150704f0317b7eb7,0x501ef174b66883ba40f92e6fb24bfb49331d4d4c
B20,96,0xf612f3dd511f773d91261bf52297a699a97d901a,2070.6,47573255,2026-06-20T06:10:57.000000Z,0x156e4e96d5c588af2aa64e285965567ae190a3531aec67e5e9dbc22bdcdd419a,0x8d47ba07ff9ccccf58c7e8810ee42c0dc8b8b123
B20,97,0xf6d4fdbcd246026096080cb20215afcc8457f387,2070.6,47573259,2026-06-20T06:11:05.000000Z,0x8f3dc05a1c5f7cd751d05b076dc23ade372d012c3246e2520196e5f4aef32e48,0x1278c1e48e3c9548a5d9f2b16dc27ed311b0697c
B20,98,0xf952bf61adbaa0f6cb92f24ecf4e3b60331b4d4f,144.46,47573262,2026-06-20T06:11:11.000000Z,0x7b4ca0d8640827578cf99c0d92c9881059f5bb33e26c79a26f0813ec1a2c1170,0x1278c1e48e3c9548a5d9f2b16dc27ed311b0697c
B20,99,0xf9ea7f6751d11af5343f76ce57b49dd203d176e4,5537.66,47573265,2026-06-20T06:11:17.000000Z,0x1a576d5be2742c9b1eec7140d13754982d847d58e53036f682599f6d91ea437f,0x4b5c33c3c7a31bd108f5a99b64683b0056a62226
B20,100,0xfd3b78aa8c8fbb5a841d45d0dba303a19676dbc1,3370.75,47573268,2026-06-20T06:11:23.000000Z,0x5995dec73e3217c37d8916918c6277c1f769918010b3c3d1f34215e5bb6924b6,0x4b5c33c3c7a31bd108f5a99b64683b0056a62226
B21,1,0x006ee243b19db2892f648d4f158e9e23d17081e8,96.1,47617057,2026-06-21T06:31:01.000000Z,0xfb87b02ee9ada327b6c5b1b8361a7c360f6a591d21175ff3a578afd294689935,0x8d47ba07ff9ccccf58c7e8810ee42c0dc8b8b123
B21,2,0x0208d40868b17a3ffd65c477df9f2dd89c1ec890,1801.92,47617060,2026-06-21T06:31:07.000000Z,0x90b3240bc6edbeb5c7e872bcc91478357d7392f5e3c12f3638f75ffc40673b01,0x1278c1e48e3c9548a5d9f2b16dc27ed311b0697c
B21,3,0x03018f637db113e86f0df4d140a2d2dcc90794a6,744.7900000000001,47617063,2026-06-21T06:31:13.000000Z,0x4388c5385f6a5b29b37be0b5b4eea45237285410494ada9c20873bf34ffbd6a5,0x8d47ba07ff9ccccf58c7e8810ee42c0dc8b8b123
B21,4,0x0570b357a46510c69e3ab6da9e34e370108ce4b9,3291.51,47617066,2026-06-21T06:31:19.000000Z,0x4ad534fef7b62f1a97f2957743506ef428b2eaf009c285c8634ea5273386d901,0x1278c1e48e3c9548a5d9f2b16dc27ed311b0697c
B21,5,0x06d770cc70938ca0ebd7e6256de90bc3de60fbdc,648.6899999999999,47617069,2026-06-21T06:31:25.000000Z,0x47d96294b46a79f500b880d5c097b42f2f811edeca45979039b5b196b8c268a6,0x1278c1e48e3c9548a5d9f2b16dc27ed311b0697c
B21,6,0x06f92d870e280b4fb1fdfe9ce4909ec81862fdfa,1369.45,47617072,2026-06-21T06:31:31.000000Z,0xd422af1d5ea2c191e4c1ebccb4c3da2d51b761ef9ab409689de1e2761b6c681c,0x8d47ba07ff9ccccf58c7e8810ee42c0dc8b8b123
B21,7,0x0b1140fab21a4c2b65aaec452576ce9dde221f95,1273.3500000000001,47617075,2026-06-21T06:31:37.000000Z,0x88d79eb633090aa9285c9d185df2210a57783c39ffdd13e4b53ff93193b643b6,0x8d47ba07ff9ccccf58c7e8810ee42c0dc8b8b123
B21,8,0x0b2d2672c4f831d11149e54a756d15eafdb71da5,1369.45,47617078,2026-06-21T06:31:43.000000Z,0x066e14fc661dea260de3a2da77237f16db8d67e4144ef9daf8329e4175857b39,0x4b5c33c3c7a31bd108f5a99b64683b0056a62226
B21,9,0x0c8a2a7c8764c074c6a7953897f60fbc337e3f25,1273.3500000000001,47617080,2026-06-21T06:31:47.000000Z,0x30cc0a42570e21cf37a5fe4ba2d90fa2f70abbf16f94ffed8637d2663c7fd07f,0x501ef174b66883ba40f92e6fb24bfb49331d4d4c
B21,10,0x0f211340477a07dbfa4f31809e5f5f8c24131589,1753.8700000000001,47617083,2026-06-21T06:31:53.000000Z,0x11cdf1df50ebeebbe265acd725b5d558875c98955c81e6bb28d86701bd469635,0x1278c1e48e3c9548a5d9f2b16dc27ed311b0697c
B21,11,0x10c88feb126db8f713c0bbc406546aa65631c8ca,1681.79,47617086,2026-06-21T06:31:59.000000Z,0xd2b79931e19a64d3380d8e2b60d7543fe1590554ab7a283d49341fdd82fb58db,0x1278c1e48e3c9548a5d9f2b16dc27ed311b0697c
B21,12,0x175a81540a7ca21c9d902e9b65ec4277a5299b0a,5597.96,47617088,2026-06-21T06:32:03.000000Z,0x1b111ff430b836e9f97d9c7f7e6fdbca8b216907811a6841c481fe640a2519d6,0x8d47ba07ff9ccccf58c7e8810ee42c0dc8b8b123
B21,13,0x1780b44bb0cb621fd7cad90d13f534e74fcf6cde,2979.17,47617091,2026-06-21T06:32:09.000000Z,0xbb467227fb2cba8203f55220902acad4bddbee7cef989d5821d6bc2f898c295f,0x501ef174b66883ba40f92e6fb24bfb49331d4d4c
B21,14,0x1aad61e6034d1fd88c9c413f6fa9e7f500740f03,96.1,47617093,2026-06-21T06:32:13.000000Z,0xee430d39b7aa19400d8ba96e265c51ed5054147b93195f69d79697b2b4d9ae3d,0x8d47ba07ff9ccccf58c7e8810ee42c0dc8b8b123
B21,15,0x1cbd3213453793f1dceb1eeb481d4b4690c44707,1874,47617097,2026-06-21T06:32:21.000000Z,0x068d8c30a9dde4972183910dd537103147c9d0fc16142d73ba0438b876d6bdc2,0x501ef174b66883ba40f92e6fb24bfb49331d4d4c
B21,16,0x20aa29f7b6ec3bce42674fa2114b8c21fff2139f,96.1,47617100,2026-06-21T06:32:27.000000Z,0xc7c3ae751dcd9ba0425b9c7951452247d9f434863dd95bc4ed4d0edbca8c1d5c,0x501ef174b66883ba40f92e6fb24bfb49331d4d4c
B21,17,0x20bda1c3e82d530813e45eb0a1d36cbdd7243a3e,1321.4,47617102,2026-06-21T06:32:31.000000Z,0xb1374b69088fae25f5ce6e35bff20500346323e28224e5175edb1aa6d5f847fe,0x1278c1e48e3c9548a5d9f2b16dc27ed311b0697c
B21,18,0x2897fed641b314d62c4add05051f7caf8fa6c9a8,1465.55,47617105,2026-06-21T06:32:37.000000Z,0x64def8c0f46ae2b6f62e50c1f3b97a656f225545c14846e25a23d66ecfba3276,0x4b5c33c3c7a31bd108f5a99b64683b0056a62226
B21,19,0x28f63b27bba799bd766e23c8e8a05d95ddd39e55,1369.45,47617109,2026-06-21T06:32:45.000000Z,0x199cae8b0727c5d209135ea0b11461b346c7b910561acd38324decb3a362805a,0x501ef174b66883ba40f92e6fb24bfb49331d4d4c
B21,20,0x2a91b68585ec5b5f340ce6114e1f7832daf1ff20,1537.63,47617496,2026-06-21T06:45:39.000000Z,0x876300fea4db3ca687bcd389276f856eec31197619e85446f80d1e8f7259a7fd,0x1278c1e48e3c9548a5d9f2b16dc27ed311b0697c
B21,21,0x2ad1210238b5dd37eb22d43f7d129d77c51a3f29,2090.23,47617499,2026-06-21T06:45:45.000000Z,0x3790a84e1a122441997808d98d53f186112f05499b81b10460b4027f93f66397,0x8d47ba07ff9ccccf58c7e8810ee42c0dc8b8b123
B21,22,0x2b72a75db82ff8b731e12166fdff01ae15ce2e48,216.23,47617502,2026-06-21T06:45:51.000000Z,0x6cfafb79d7b713dd9dadce961f8a9250eef45cf8fe54273bf0a3514c7e0520ad,0x4b5c33c3c7a31bd108f5a99b64683b0056a62226
B21,23,0x30be24558ee929f75d9130ace4a9a0beeabfb7c4,96.1,47617504,2026-06-21T06:45:55.000000Z,0x4c7e54aa3fc6a13e945f80376185e8ac6933cb595256e0eada0f0d7571a88fcf,0x8d47ba07ff9ccccf58c7e8810ee42c0dc8b8b123
B21,24,0x321d12b12806899d1789f2f2b737355d4bc507f6,1561.66,47617507,2026-06-21T06:46:01.000000Z,0x8aea40de7326d3ca51e276ed84468a21f484bb9129cfd66afb10b7144b3d12d6,0x501ef174b66883ba40f92e6fb24bfb49331d4d4c
B21,25,0x35cb026e774b804358674ba1045fe79890acbc64,1585.68,47617510,2026-06-21T06:46:07.000000Z,0x2265cfbf8743a2300036ca34f55322a357e88f787aba9bf019cc586432cefce5,0x8d47ba07ff9ccccf58c7e8810ee42c0dc8b8b123
B21,26,0x3814ee8e504026f16391ec6b22b3d133d695aa24,2498.66,47617512,2026-06-21T06:46:11.000000Z,0x86a708c9f2fd6a2e582931814f7150912abc3c937c0206d7f894020389686d8e,0x501ef174b66883ba40f92e6fb24bfb49331d4d4c
B21,27,0x3c0b30a8a41907cfc9ee61edea76eb8f0946766d,1297.3799999999999,47617515,2026-06-21T06:46:17.000000Z,0x72fca649f082919b8432d8dee1b5a67fb9f709ef1340e284bdaa9242d139a41c,0x501ef174b66883ba40f92e6fb24bfb49331d4d4c
B21,28,0x402ba2aef7ba20c9f7de98e81920a39455889dff,1273.3500000000001,47617517,2026-06-21T06:46:21.000000Z,0xbd6649b3cf42281c172a30987ff256cf89db66a47092d07736fee697d25661ae,0x8d47ba07ff9ccccf58c7e8810ee42c0dc8b8b123
B21,29,0x4264a6d6a03f243cd20aa9061bcc688569f14f60,1994.1299999999999,47617520,2026-06-21T06:46:27.000000Z,0x389e1423b5cb01fc1ff9e3823e3ac74dbf061f0a8312d725bb0fc4c2154f7a5b,0x501ef174b66883ba40f92e6fb24bfb49331d4d4c
B21,30,0x4318866de0da4d45f5811dc25077958dd7bd7cca,168.17,47617524,2026-06-21T06:46:35.000000Z,0x4503951b995cd1c355e1744c3e61537a85fd3b63fb9f24efae6bc2d1a115c0b9,0x501ef174b66883ba40f92e6fb24bfb49331d4d4c
B21,31,0x43729dbcdfc94e492181449e20309d53e98bf7ea,1393.48,47617527,2026-06-21T06:46:41.000000Z,0x93a9b592a0d42d6d006b271374ffb5e7d71cb385282b403c87684859c0fa432c,0x501ef174b66883ba40f92e6fb24bfb49331d4d4c
B21,32,0x43dd863795ca6cffc1dd99363fdb592b200c4882,2066.2,47617530,2026-06-21T06:46:47.000000Z,0x73db1db00fb8579c978c965a12ef6093475e0cea0b3eb614a98a7fddeb28096c,0x8d47ba07ff9ccccf58c7e8810ee42c0dc8b8b123
B21,33,0x49e8cde15ae9c376051ec040e1d605403bf162a7,120.12,47617532,2026-06-21T06:46:51.000000Z,0x830f0509f90304018294ca11c4cac2a0aa84baf30784a4608048e14bfe9bda3f,0x1278c1e48e3c9548a5d9f2b16dc27ed311b0697c
B21,34,0x4d79cf88bf74150f5a3f789b881f2ae6309c7d48,96.1,47617536,2026-06-21T06:46:59.000000Z,0xb8f1912943ee576c103aa186645652b5a84c7d50df6cda747e32ede9870f3fb9,0x8d47ba07ff9ccccf58c7e8810ee42c0dc8b8b123
B21,35,0x529e9ce892c049ca59c30e21b19dc91121369425,1585.68,47617539,2026-06-21T06:47:05.000000Z,0x1d2f5991f02002c809254e54c36050cae3f7e87924fab0490329b817a03c0447,0x4b5c33c3c7a31bd108f5a99b64683b0056a62226
B21,36,0x53e04f797d473a7234423588dcd56ecb7e185c1d,96.1,47617541,2026-06-21T06:47:09.000000Z,0xcbfb521a324fc57b1a05a5036433c3e4f8a450354bcc9ee2d838df796d707da2,0x501ef174b66883ba40f92e6fb24bfb49331d4d4c
B21,37,0x5a4c7c56308f72a5fc6506ffe3b7fc8e11f05897,96.1,47617544,2026-06-21T06:47:15.000000Z,0x5e6cdc5fdebac53091eee7e5698dba3f0ee7336acd553db94adb8677edd266da,0x4b5c33c3c7a31bd108f5a99b64683b0056a62226
B21,38,0x5c68b835508279dc89d16189aa53ff0499031ae3,1729.85,47617547,2026-06-21T06:47:21.000000Z,0x979734e4251b340607f3f2dba894e0b43c86b365f872d9ac5987dcf55cfc8f71,0x8d47ba07ff9ccccf58c7e8810ee42c0dc8b8b123
B21,39,0x5de2fb8a9013eed776162a85c914c3f10839f162,120.12,47617550,2026-06-21T06:47:27.000000Z,0x0c2077cfe70c020b93ad868565248e3a2051d4dc0ab68781c864f2961dc8e811,0x501ef174b66883ba40f92e6fb24bfb49331d4d4c
B21,40,0x5eb84a571255cc42afdad384cf78999a8f09e442,1345.43,47617553,2026-06-21T06:47:33.000000Z,0xa29eb822596bffb7154e77c643d3018d5094978e095bd9730c1264c738e4ddb3,0x8d47ba07ff9ccccf58c7e8810ee42c0dc8b8b123
B21,41,0x6148584eefcc1cbadf2c8000f34990cc031b0ee5,1297.3799999999999,47617556,2026-06-21T06:47:39.000000Z,0x5d5291379ee9de9c1045fa4fa90101e38ff92a4b9e81aceec55bc6d418fd1fc5,0x4b5c33c3c7a31bd108f5a99b64683b0056a62226
B21,42,0x61df7fb3100a679bc514b5ea1b94aa087357bb10,1297.3799999999999,47617558,2026-06-21T06:47:43.000000Z,0x2829256a58fd5e7c3bc4c573935d163f0f5993b84a65bdcf342139329c73d77c,0x501ef174b66883ba40f92e6fb24bfb49331d4d4c
B21,43,0x69a517b5f8eab16b8bcd7ab42dc3fd82bf9c03d0,2066.2,47617561,2026-06-21T06:47:49.000000Z,0x2b8dfcb3487d0ac92dec5607ca094254a1aec9f00122fc53f8f910b4cbf1e4db,0x1278c1e48e3c9548a5d9f2b16dc27ed311b0697c
B21,44,0x703d7ceea33a991d44433c3a5b8b8696e12c1ecd,13526.39,47617564,2026-06-21T06:47:55.000000Z,0x5eb085fc6d1815d7e56303e46a5d65ddde16864c8af259424bbf777752349a8c,0x1278c1e48e3c9548a5d9f2b16dc27ed311b0697c
B21,45,0x70f823efb35c53eb503ff322a7aecc0e5c34d7f2,2426.5899999999997,47617567,2026-06-21T06:48:01.000000Z,0xa6d280b68f673683bcd28d109b0db49e8e85e934c0fb42606abbc9184eb73d0a,0x4b5c33c3c7a31bd108f5a99b64683b0056a62226
B21,46,0x7916de3f8c2dedf3b95284c43873e020549f84dd,1970.1,47617570,2026-06-21T06:48:07.000000Z,0xc9d3ec9b68d37ffd0e15cabff7938120e4760b3d90469781c6438fe68eb76c46,0x8d47ba07ff9ccccf58c7e8810ee42c0dc8b8b123
B21,47,0x7aa075335b8a6c44f994031fa1cd936121b9d1c8,1129.2,47617572,2026-06-21T06:48:11.000000Z,0xc3021926f00a0b23f1bc301331cb1eb667f08e78baeabd92fa34f184b6ed4d8a,0x8d47ba07ff9ccccf58c7e8810ee42c0dc8b8b123
B21,48,0x7ab7e6e35b2e8647396e89dd9c9122f90692205b,1273.3500000000001,47617575,2026-06-21T06:48:17.000000Z,0x5623eb7c2872b997a8ec5e188fd6ab7752063a86fd06753e4c9bc8e5940b4787,0x1278c1e48e3c9548a5d9f2b16dc27ed311b0697c
B21,49,0x7c86beac10c1668822721cd623b933b3acbd2653,4901.22,47617578,2026-06-21T06:48:23.000000Z,0x2b703454d3512d789bae38f3410c43f376ee8aa12ded02a52376375c6e10aa12,0x8d47ba07ff9ccccf58c7e8810ee42c0dc8b8b123
B21,50,0x8202c636b9330cca0d25a1c8c32253e98c83e3aa,3243.46,47617580,2026-06-21T06:48:27.000000Z,0xce8846c4dcd8b23e58f62c78f46d6f84f1e9c44d8c3cc272aa76b08845fb6161,0x8d47ba07ff9ccccf58c7e8810ee42c0dc8b8b123
B21,51,0x82b2304ab9a60729ca9183587a9c2d1a052f7391,168.17,47617583,2026-06-21T06:48:33.000000Z,0x0c110b36a2d4081b1cd0cafbdf9392140f8eb36cb48041c9cc0cc12161262e2f,0x1278c1e48e3c9548a5d9f2b16dc27ed311b0697c
B21,52,0x851b5d3e7826cb2c082c8a37ebeefb32655bd532,1129.2,47617586,2026-06-21T06:48:39.000000Z,0xb8c69e8cf4db7f2213ccd85a095cfc0fbe71aa7906e7b9f0543421ac4d3e5469,0x8d47ba07ff9ccccf58c7e8810ee42c0dc8b8b123
B21,53,0x8901d5cf2c3208de8872f7432ab3e14b9a1e14be,1345.43,47617589,2026-06-21T06:48:45.000000Z,0x32648f91202f530d4b3766e28425278a531299e58b252534bf1b8c8c9a9e710f,0x501ef174b66883ba40f92e6fb24bfb49331d4d4c
B21,54,0x89ad2ad3e67a58a6f12c8957a2a2326cbdb01aa0,2378.54,47617592,2026-06-21T06:48:51.000000Z,0x7eeac00d3152d951f1d8953b48bf26785bab3631f4614c4ecbded5ef0349af61,0x1278c1e48e3c9548a5d9f2b16dc27ed311b0697c
B21,55,0x8b82079cc454af2672bc70e873262d8a62879473,96.1,47617595,2026-06-21T06:48:57.000000Z,0x183601c231e9c33fc8392eb11bf5bd4515efd513481f562044316bb76d819813,0x1278c1e48e3c9548a5d9f2b16dc27ed311b0697c
B21,56,0x8f738eb7ff8175f150d515bcc8333201b4af44a6,2186.33,47617597,2026-06-21T06:49:01.000000Z,0xb73e0e4889409b0d9be36b543b57a14d796db9d4e6bf70b5e5e80f68a5e3b562,0x4b5c33c3c7a31bd108f5a99b64683b0056a62226
B21,57,0x94ef34bb266f0c3fe5b8cac76ce514c239c389f8,1297.3799999999999,47617601,2026-06-21T06:49:09.000000Z,0xf34a7fc599b7cf97b1df849b94bc6db30a3d27f58f3a761bbbb7ab1aa75405f0,0x4b5c33c3c7a31bd108f5a99b64683b0056a62226
B21,58,0x9553a704cf8b388256d25d877f7ea5cd76c3dc14,1994.1299999999999,47617604,2026-06-21T06:49:15.000000Z,0x0eabfaaab0ac3c25ea53ac02a7520a38ed116f9bb9a3408abd8d4649d1a5fd34,0x1278c1e48e3c9548a5d9f2b16dc27ed311b0697c
B21,59,0x95aa60c4d1551852243c553436d1e85fb0fccfc3,1297.3799999999999,47617606,2026-06-21T06:49:19.000000Z,0x9151fe0943766813fd8c2ca87cc573d6fd7c3a71cb7b40919dacd8b500721b2b,0x4b5c33c3c7a31bd108f5a99b64683b0056a62226
B21,60,0x96dba92ed8a2454d6d220c5b9082eb5f0c552155,1513.61,47617609,2026-06-21T06:49:25.000000Z,0x39d1563d34fc8e4401e6086cc04b190cafa134d32207815627e08dfddad825ed,0x4b5c33c3c7a31bd108f5a99b64683b0056a62226
B21,61,0x971bc15187e5e41a0b8518b0b7342e2d68b27934,96.1,47617612,2026-06-21T06:49:31.000000Z,0x6f5a82b5bfed874bcb0434ba9aa676d043bc8dc69756e5f69fc11bb79bc60eb8,0x4b5c33c3c7a31bd108f5a99b64683b0056a62226
B21,62,0x9838464fa08b16e3dfcde9f5e272fe270c66f9e0,28109.91,47617616,2026-06-21T06:49:39.000000Z,0x3d059295b2621dcccc6ed790038edf5ec1219eba401be79ecc6217eb8e17e9d4,0x1278c1e48e3c9548a5d9f2b16dc27ed311b0697c
B21,63,0x99a3c5954e32a18409f167a5fee183fa28194186,1297.3799999999999,47617619,2026-06-21T06:49:45.000000Z,0xe356f5d5d9805360b802d944aa744ad3067a9be541d16fe397232668a73518f0,0x8d47ba07ff9ccccf58c7e8810ee42c0dc8b8b123
B21,64,0x9b6dc6d3f7a94735d44172e78030e691438d834d,5429.78,47617623,2026-06-21T06:49:53.000000Z,0x3f421bebd720e03b042abb95529e07b0bfd04b877d9c684a93e12f91088f1c31,0x501ef174b66883ba40f92e6fb24bfb49331d4d4c
B21,65,0x9ec263e1788fa8d1fee614b3555580e2cc970493,1105.1699999999998,47617626,2026-06-21T06:49:59.000000Z,0xc19c037cd43a8bdcdddbbe7e892c904232d720fa5e7c9267942febf053ea10ad,0x8d47ba07ff9ccccf58c7e8810ee42c0dc8b8b123
B21,66,0xa4303f0340567bb5c75c23ee4c46100dce547d93,1297.3799999999999,47617629,2026-06-21T06:50:05.000000Z,0x712ca1d4fb3dae50894e971cdf7e43ff765ed8caaeb1824dd8520fbfa90b9216,0x1278c1e48e3c9548a5d9f2b16dc27ed311b0697c
B21,67,0xa5979db848fef4e4dd1c47d90219bc40babbe2bf,1970.1,47617632,2026-06-21T06:50:11.000000Z,0xceb403f0b36a2b40df440fb414924fd1909ae7d798590616b3796dd8ac5a79be,0x501ef174b66883ba40f92e6fb24bfb49331d4d4c
B21,68,0xa81cd6fa7533d0dc17fdb9ca0c1169ba9b0717c2,120.12,47617635,2026-06-21T06:50:17.000000Z,0x4fb377485b899be3c5528a15d08a19b061f9a65b6a115f1baca02884d8129191,0x8d47ba07ff9ccccf58c7e8810ee42c0dc8b8b123
B21,69,0xad0f107d3a854be07f3a6fe509d4c4089a4406d4,4805.12,47617638,2026-06-21T06:50:23.000000Z,0xa85399771e01aefc15aa45b389bf1e47615c6d2ea8019aa0f091e92006134cf1,0x8d47ba07ff9ccccf58c7e8810ee42c0dc8b8b123
B21,70,0xb03611b5c901bd043c3d5a5864d51c2a97df6265,7784.29,47617642,2026-06-21T06:50:31.000000Z,0x3f9b5e6b90f19804007e0f029714117c9427dfb206207d28615ec6f7260fc5e0,0x8d47ba07ff9ccccf58c7e8810ee42c0dc8b8b123
B21,71,0xb36907482429dcd7d6978a7952e19338b655977b,1777.9,47617645,2026-06-21T06:50:37.000000Z,0xade7c3d80d4053ce423806e376d1ffbd6edd882155d52e0db89792e451989b91,0x8d47ba07ff9ccccf58c7e8810ee42c0dc8b8b123
B21,72,0xb4cb8d065d516fa3244c791270a8987421999dd9,288.3,47617649,2026-06-21T06:50:45.000000Z,0x06b0153e6fce46e0b1dc30b2c6bbbb95d782a02506b8193f15e5a6f2421f715b,0x8d47ba07ff9ccccf58c7e8810ee42c0dc8b8b123
B21,73,0xb9afb15204261e51e52cbe9663deba51d85ea1d7,23665.18,47617652,2026-06-21T06:50:51.000000Z,0xf89995d45af354e928ddc6a384be81452888dcea70fa3b7bd7089df81f3c0b89,0x501ef174b66883ba40f92e6fb24bfb49331d4d4c
B21,74,0xbead44875ae205c64270a0b72124b65bc722cc5a,1465.55,47617655,2026-06-21T06:50:57.000000Z,0xf0c74bb16933163ca47c114e6571cf37613adc967d4199757f5f220df5c7e1dd,0x8d47ba07ff9ccccf58c7e8810ee42c0dc8b8b123
B21,75,0xc3059e49ba1013c03ab50fd6630e703c3391b888,1297.3799999999999,47617657,2026-06-21T06:51:01.000000Z,0x14c8f1fc78f60d5decf73815568fd4e94efcb636906faa6f7fa99bb225548ec6,0x4b5c33c3c7a31bd108f5a99b64683b0056a62226
B21,76,0xc4c7fff015fee9564c87c426923022be2ee34607,2378.54,47617660,2026-06-21T06:51:07.000000Z,0x8c16fd5f4ef93940df7e062d630f8651d432a4d6fb88749967527ae6d0fb370c,0x1278c1e48e3c9548a5d9f2b16dc27ed311b0697c
B21,77,0xc505c46f75276fd1ab6410a918ffad673e4cb142,96.1,47617664,2026-06-21T06:51:15.000000Z,0xfd8e36a4a9397f060bf8f6242346b537878cd139934f06f1dbb1d47bec0bcaa6,0x8d47ba07ff9ccccf58c7e8810ee42c0dc8b8b123
B21,78,0xc9f29bf8ad8e86f27545bb241c84d2a1dec566e3,432.46,47617667,2026-06-21T06:51:21.000000Z,0x15e1860d66dc36ad23c504226bdd3490f89d9d7f9bbde54b5d729539494c16c1,0x1278c1e48e3c9548a5d9f2b16dc27ed311b0697c
B21,79,0xd2ab4569b44cf78912234d1acdb58b84d8d93db6,1970.1,47617670,2026-06-21T06:51:27.000000Z,0x6298fe4513ef1be177c6ff9d69e1ac36bf6efb1e4d75f3a540983dac77b91812,0x501ef174b66883ba40f92e6fb24bfb49331d4d4c
B21,80,0xd6a7a7bf6cf83f4169a77de6c1d6528e1c9f7ee1,864.92,47617674,2026-06-21T06:51:35.000000Z,0xcc61274c3a045f1d00d6a617b3344f209ab1229d72f0a4ea0d13753b87e88a70,0x4b5c33c3c7a31bd108f5a99b64683b0056a62226
B21,81,0xd9161518cca63c4d8a7d895d1195e66d3bc6def2,1777.9,47617677,2026-06-21T06:51:41.000000Z,0xbf4351249f8d43581c6295270f044371f3ebffd44091ed6bbb2263f008806bd9,0x501ef174b66883ba40f92e6fb24bfb49331d4d4c
B21,82,0xd9341dcee8254725127a5de5034cf9a3a6d3140d,1970.1,47617681,2026-06-21T06:51:49.000000Z,0xb8beca6f017df2bd5d7db0caabcb5dec16eb01215e2cabb67459e899e0315def,0x4b5c33c3c7a31bd108f5a99b64683b0056a62226
B21,83,0xd9d169463297d11bbf7aeebbdd12cd4bba5149b1,1297.3799999999999,47617684,2026-06-21T06:51:55.000000Z,0x92cfc9de1af0f4bb0cc45d0b4a9c8ece8085d7ef08b2fd286c62eea5bc163d32,0x8d47ba07ff9ccccf58c7e8810ee42c0dc8b8b123
B21,84,0xdd1893ee4c79aaee3d7d580b1bea6d5192ed83a6,1585.68,47617687,2026-06-21T06:52:01.000000Z,0x5ed93eac639d341f73df391c45e4e0bc3fd12ca889e979c09817a3ba9a01713a,0x1278c1e48e3c9548a5d9f2b16dc27ed311b0697c
B21,85,0xdd5394683d02ef53c265c916b956d601f70e9cdf,3459.69,47617690,2026-06-21T06:52:07.000000Z,0xf82f72af6309222243ec28b93edf24a49c0a3b630c7e9cf1619d08102602182d,0x4b5c33c3c7a31bd108f5a99b64683b0056a62226
B21,86,0xdee88ae866c1c9d3081e4133ca47571aee62b5f9,4805.12,47617693,2026-06-21T06:52:13.000000Z,0x774839011036836e95db9608fdb011aea5e8d0784a68b25f1dafd50a1113fe0b,0x8d47ba07ff9ccccf58c7e8810ee42c0dc8b8b123
B21,87,0xe24cbb92fdea7af1282c496a2fa625ecb8ddc750,1273.3500000000001,47617696,2026-06-21T06:52:19.000000Z,0x28f54dfc6f108fbec9eee4d45e56e96e413c131fc88bc67d6005bc98c81e7bd9,0x1278c1e48e3c9548a5d9f2b16dc27ed311b0697c
B21,88,0xe4d39f5f3d40ca22aa70f4f2f8e68df4f065771c,120.12,47617698,2026-06-21T06:52:23.000000Z,0xcf3f27acad9c2446ed785b6d5989e830692bc72c5e218edb9bc380ff20690b86,0x501ef174b66883ba40f92e6fb24bfb49331d4d4c
B21,89,0xe82396a7678c750a138756792b20c1a72a4bc718,96.1,47617701,2026-06-21T06:52:29.000000Z,0x27c0228d0824e8ad7d67d3494ac155ee2a7d4b7d51106a1bf0fed3a3cc9dee3e,0x1278c1e48e3c9548a5d9f2b16dc27ed311b0697c
B21,90,0xe9864ffd53be28edf32668a4ea39be2236045daa,1898.02,47617704,2026-06-21T06:52:35.000000Z,0x7b5dba86e85b64441784445a5d4414389023f2883c8ff46b59ea01684324cd43,0x4b5c33c3c7a31bd108f5a99b64683b0056a62226
B21,91,0xec1362fa6fd2d70e4b99f1dab3042058cc74ae16,96.1,47617707,2026-06-21T06:52:41.000000Z,0x832e94e07e86ecd654890d11f9fcfc0821c3f45788271d09dc30defaebf0f053,0x8d47ba07ff9ccccf58c7e8810ee42c0dc8b8b123
B21,92,0xed6ddc56e9d756763cd7f25ebbc57ba90f8d87d0,1273.3500000000001,47617710,2026-06-21T06:52:47.000000Z,0x095105a36bd49020d24f05641f52beba6a86d5ef2c25d92f1410754d2dbd1d42,0x501ef174b66883ba40f92e6fb24bfb49331d4d4c
B21,93,0xee16509879ea230e4d2e45e97b6b043bcee00e6d,1465.55,47617714,2026-06-21T06:52:55.000000Z,0xcc85a91b31232c27774c50262f94045f94aad4d6246de71ad8120839d1fdc901,0x4b5c33c3c7a31bd108f5a99b64683b0056a62226
B21,94,0xee6b58a260cc1cb6ab6503b5883bde459e436cf1,23665.18,47617717,2026-06-21T06:53:01.000000Z,0x26eae2ec56fd60fe7de20cdb0978826d64160f90688eac1d0045df6a481488bf,0x1278c1e48e3c9548a5d9f2b16dc27ed311b0697c
B21,95,0xf2d3a0f73ec6a69ac87cc1db87b1a7ba98a77130,96.1,47617721,2026-06-21T06:53:09.000000Z,0x3c79833127e7cdc9f08434f9df9850cdca40f7997353fc13e622cb18693e707d,0x501ef174b66883ba40f92e6fb24bfb49331d4d4c
B21,96,0xf34f28c5bb3c338d8116ab5e955638931ea4bb3e,2090.23,47617724,2026-06-21T06:53:15.000000Z,0x2d42585199810aa568e0bcb79adf0b15e9891ab50d63e7d22aa4a1e56a42324e,0x1278c1e48e3c9548a5d9f2b16dc27ed311b0697c
B21,97,0xf51474f2a306ea39a154dbe193fda74cc228f33f,1273.3500000000001,47617728,2026-06-21T06:53:23.000000Z,0x2431377171e8b1f21f747423c7105395115d19e4a48c6ce1811e7d234629f6ea,0x1278c1e48e3c9548a5d9f2b16dc27ed311b0697c
B21,98,0xf6db1500bdb3dbe826528ade5c536031121e02d4,2762.94,47617731,2026-06-21T06:53:29.000000Z,0x94703e0464dda596a23a4ea15689beaf8cc7f00666804e53facaf33eddf2b3bd,0x8d47ba07ff9ccccf58c7e8810ee42c0dc8b8b123
B21,99,0xfd21a8a4f1c045bb336318e4e9455c026aa3a959,2018.15,47617734,2026-06-21T06:53:35.000000Z,0x6ebeea51aeea27eb17b349a53dedbcfec64123cb8c041009f10d5237dbf5f3f0,0x1278c1e48e3c9548a5d9f2b16dc27ed311b0697c
B21,100,0xfda7c90f45bec1789b3814a598a89b13d863da95,1369.45,47617737,2026-06-21T06:53:41.000000Z,0xea588955286c81e7e10526c402fca930264a2c305486d3cb413c7c2bfcf42ca0,0x501ef174b66883ba40f92e6fb24bfb49331d4d4c
